1784345254.977 !! driver connected raw=/home/daniel/bbs/re/oracle/oracle_mcast_zinvar.raw
1784345255.039 RX ╔══════════════════════════════════════════════════════════╗
1784345255.039 RX ║█████████████████▄███████▄███████▄████████████████████████║
1784345255.039 RX ║██████████████▀▀██████▀▀██████▀▀▀▀███▀▀▀▀█████████████████║
1784345255.039 RX ║██████████████████▀███████▀███████████████████████████████║
1784345255.039 RX ║███▀███▀██████▀▀██████▀▀███▀▀▀▀██████▀▀▀████▀███▀█████████║
1784345255.039 RX ║████▀▀▀███████████▀███████▀██████████████████▀▀▀████▀████▀║
1784345255.039 RX ║▀▀▀█████▀▀▀▀▀▀▀▀▀▀█▀▀▀▀▀▀▀█▀▀▀▀▀▀▀▀▀▀▀▀▀▀▀▀▀█████▀▀▀█▀▀▀▀▀║
1784345255.039 RX ║██████████████╘═╡ The MajorBBS Emulator ╞═╛███████████████║
1784345255.039 RX ║████████████████│ By: MBBSEmu Community │█████████████████║
1784345255.039 RX ║                │https://www.mbbsemu.com│                 ║
1784345255.039 RX ╚══════════════════════════════════════════════════════════╝
1784345255.041 RX  
1784345255.041 RX Enter Username or enter "NEW" to create a new Account
1784345255.999 PART Username:  ²
1784345263.213 TX Vexil
1784345263.219 RX Vexil
1784345263.220 PART Password: 
1784345265.214 TX test123
1784345265.329 RX *******
1784345265.397 RX 
1784345265.397 RX Fantasy awaits you in MajorMUD v1.11p-WG!
1784345265.397 RX 
1784345265.398 RX 
1784345265.398 RX Please select one of the following:
1784345265.398 RX 
1784345265.399 RX    A ... MajorMUD
1784345265.399 RX 
1784345265.399 RX Main Menu
1784345265.399 PART Make your selection (X to exit): 
1784345274.266 TX A
1784345274.271 RX A
1784345274.273 RX 
1784345274.273 RX  M A J O R  M U D v1.11p-WG (Dec 30 2005 14:20:05)
1784345274.273 RX {Realm Of Legends}
1784345274.273 RX *ANSI RECOMMENDED*
1784345274.273 RX 
1784345274.273 RX [E] . Enter the Realm
1784345274.273 RX [H] . Help
1784345274.273 RX [A] . About the Game
1784345274.273 RX [C] . Game Counts
1784345274.273 RX [T] . Topten Adventurers
1784345274.273 RX [G] . Topten Gangs
1784345274.273 RX [W] . Who's in the Realm
1784345274.273 RX [R] . Release Notes
1784345274.273 RX [I] . Information
1784345274.273 RX [X] . Exit Game
1784345274.273 RX 
1784345274.273 PART [MAJORMUD]: 
1784345277.267 TX E
1784345277.273 RX E
1784345277.278 RX 
1784345277.278 RX MajorMUD - ROL
1784345277.278 RX 
1784345277.278 RX =-=-=-=-=-=-=-=-=-=-=-=-=-=-=-=-=-=-=-=-=-=-=-=-=-=-=-=-=-=-=-=-=-=-=-=-=-=-=
1784345277.278 RX 
1784345277.280 RX Docks
1784345277.280 RX     This is a cobblestoned street. It is dimly lit by guttering lanterns hung
1784345277.280 RX from tall posts. There are large open crates piled here, all empty. The boat
1784345277.280 RX berths are empty also, echoing the effect of the recent decrease in traffic to
1784345277.280 RX and from Silvermere. 
1784345277.280 RX Obvious exits: north, south, east, west
1784345277.281 PART [HP=51/MA=54]:
1784345300.220 TX exp
1784345300.429 RX exp
1784345300.430 RX Exp: 115000 Level: 8 Exp needed for next level: 0 (73021) [157%]
1784345301.419 TX health
1784345301.421 RX [HP=51/MA=54]:health
1784345301.422 RX Health:    51/51    [100%]  Mana:  54/54  [100%]
1784345301.422 PART [HP=51/MA=54]:
1784345312.883 TX s
1784345312.890 RX s
1784345313.629 RX River Street
1784345313.629 RX     This is a cobblestoned street. It is dimly lit by guttering lanterns hung
1784345313.629 RX from tall posts. To the north you can see the entrance to the Wharf district,
1784345313.629 RX which leads to the city's docks. River street continues to the east and west
1784345313.629 RX here. To the south is the side of a massive warehouse. 
1784345313.629 RX Obvious exits: north, east, west
1784345314.391 TX e
1784345314.407 RX [HP=51/MA=54]:e
1784345315.007 RX River Street
1784345315.011 RX     This is a cobblestoned street. It is dimly lit by guttering lanterns hung
1784345315.011 RX from tall posts. To the north you can see the entrance to the Wharf district,
1784345315.011 RX which leads to the city's docks. To the south is a small alleyway. River street
1784345315.011 RX continues to the east and west. 
1784345315.011 RX Obvious exits: north, south, east, west
1784345315.884 TX e
1784345315.885 RX [HP=51/MA=54]:e
1784345316.202 RX River Street
1784345316.202 RX     This is a cobblestoned street. It is dimly lit by guttering lanterns hung
1784345316.202 RX from tall posts. To the north is the city wall, and to the south there is a
1784345316.202 RX tall, rickety house, whose door is set with a tarnished brass knocker. There
1784345316.202 RX seems to be no-one home, as there are no light lit. River street continues to
1784345316.202 RX the east and west. 
1784345316.202 RX Obvious exits: east, west
1784345316.202 PART [HP=51/MA=54]:
1784345317.384 TX e
1784345317.552 RX e
1784345318.712 RX River Street
1784345318.712 RX     This is a cobblestoned street. It is dimly lit by guttering lanterns hung
1784345318.712 RX from tall posts. The city wall is to the north, towering over twenty feet above
1784345318.712 RX you. River street is fairly quiet, but is well-used as it intersects many main
1784345318.712 RX streets. It continues to the east and west. 
1784345318.712 RX Obvious exits: east, west
1784345318.884 TX e
1784345318.885 RX [HP=51/MA=54]:e
1784345320.384 TX s
1784345321.045 RX Intersection of River St. & Mystic Alley
1784345321.045 RX     This is a cobblestoned street. It is dimly lit by guttering lanterns hung
1784345321.045 RX from tall posts. The city wall is to the north, towering over twenty feet above
1784345321.045 RX you. River street is fairly quiet, but is well-used as it intersects many main
1784345321.045 RX streets. It continues to the east and west. An ornate metal sign is attached to
1784345321.045 RX one of the lamp-posts, reading "Magic Shoppe" in a thin, spidery script. 
1784345321.045 RX Obvious exits: south, east, west
1784345321.046 RX [HP=51/MA=54]:s
1784345321.884 TX s
1784345323.385 TX w
1784345324.691 RX Mystic Alley
1784345324.691 RX     This is a wide, well-lit alleyway. It is very clean and well-kept, and
1784345324.691 RX looks like it is regularly maintained. This is strange, since you can see no
1784345324.691 RX apparent source of light, and as you look closer, you can see not even the
1784345324.691 RX smallest particle of debris! The houses around you are all tall and
1784345324.691 RX rickety-looking, and you could swear that some houses just change places when
1784345324.691 RX you're not looking. The alleyway exits onto a street to the north, and
1784345324.691 RX continues to the south. 
1784345324.691 RX Obvious exits: north, south
1784345324.692 RX [HP=51/MA=54]:s
1784345324.885 TX s
1784345326.073 RX Mystic Alley
1784345326.074 RX     This is a wide, well-lit alleyway. It is very clean and well-kept, and
1784345326.074 RX looks like it is regularly maintained. This is strange, since you can see no
1784345326.074 RX apparent source of light, and as you look closer, you can see not even the
1784345326.074 RX smallest particle of debris! The houses around you are all tall and
1784345326.074 RX rickety-looking, and you could swear that some houses just change places when
1784345326.074 RX you're not looking. The alleyway continues to the north and west. 
1784345326.074 RX Obvious exits: north, west
1784345326.074 RX [HP=51/MA=54]:w
1784345326.385 TX e
1784345327.680 RX Mystic Alley
1784345327.680 RX     This is a wide, well-lit alleyway. It is very clean and well-kept, and
1784345327.680 RX looks like it is regularly maintained. This is strange, since you can see no
1784345327.680 RX apparent source of light, and as you look closer, you can see not even the
1784345327.680 RX smallest particle of debris! The houses around you are all tall and
1784345327.680 RX rickety-looking, and you could swear that some houses just change places when
1784345327.680 RX you're not looking. There is a strange-looking shop to the south, with a
1784345327.680 RX delicately-wrought glass door. 
1784345327.680 RX Obvious exits: south, east
1784345327.680 RX [HP=51/MA=54]:s
1784345329.478 RX Magic Shoppe
1784345329.478 RX     It is immediately obvious what this dwelling is as soon as you walk in. The
1784345329.478 RX room is nearly filled with arcane items and talismans of all sorts, and such
1784345329.478 RX esoteric things as Griffin claws and vials of Dragon's blood. As you turn your
1784345329.478 RX eyes towards the back of the room, you see a bored-looking young man sitting
1784345329.478 RX behind a counter. A large rack of rolled parchment scrolls sits behind his
1784345329.478 RX head. A shimmering bead curtain blocks your sight to the east, and there is a
1784345329.478 RX door north. 
1784345329.501 RX Also here: Aiken.
1784345329.502 RX Obvious exits: north, east
1784345329.502 RX [HP=51/MA=54]:e
1784345330.719 RX Magic Shoppe, Back Room
1784345330.719 RX     The first thing that you notice as you enter this room is a striking
1784345330.719 RX middle-aged woman, wearing deep purple robes embroidered with silver runes. As
1784345330.719 RX you take a closer look, you can see pointed ears protruding from her long
1784345330.719 RX silvery hair -- she is an Elf! As you approach, she nods and gestures for you
1784345330.719 RX to sit down, saying "Welcome, adventurers. Do ye need training in the magical
1784345330.719 RX arts?" 
1784345330.719 RX Obvious exits: west
1784345330.720 PART [HP=51/MA=54]:
1784345336.630 TX look
1784345336.632 RX look
1784345336.633 RX Magic Shoppe, Back Room
1784345336.633 RX     The first thing that you notice as you enter this room is a striking
1784345336.633 RX middle-aged woman, wearing deep purple robes embroidered with silver runes. As
1784345336.633 RX you take a closer look, you can see pointed ears protruding from her long
1784345336.633 RX silvery hair -- she is an Elf! As you approach, she nods and gestures for you
1784345336.633 RX to sit down, saying "Welcome, adventurers. Do ye need training in the magical
1784345336.633 RX arts?" 
1784345336.633 RX Obvious exits: west
1784345336.633 PART [HP=51/MA=54]:
1784345347.506 TX train
1784345347.510 RX train
1784345347.516 RX You hand over 16 gold crowns and you receive training to attain level 9.
1784345347.516 RX You receive the following:
1784345347.516 RX 10 additional character points
1784345347.516 PART [HP=51/MA=54]:
1784345350.006 TX train
1784345350.009 RX train
1784345350.014 RX You hand over 18 gold crowns and you receive training to attain level 10.
1784345350.014 RX You receive the following:
1784345350.014 RX 10 additional character points
1784345350.014 PART [HP=51/MA=54]:
1784345352.506 TX exp
1784345352.508 RX exp
1784345352.509 RX Exp: 115000 Level: 10 Exp needed for next level: 61692 (176692) [65%]
1784345352.509 PART [HP=51/MA=54]:
1784345366.891 PART [HP=52/MA=57]:
1784345370.534 TX health
1784345370.538 RX health
1784345370.538 RX Health:    52/56    [92%]  Mana:  57/66  [86%]
1784345370.538 PART [HP=52/MA=57]:
1784345372.534 TX st
1784345372.699 RX st
1784345372.700 RX Name: Zinvar Duskmere                  Lives/CP:      9/190  
1784345372.700 RX Race: Human       Exp: 115000          Perception:     40
1784345372.700 RX Class: Mage       Level: 10            Stealth:         0
1784345372.700 RX Hits:    52/56    Armour Class:   0/0  Thievery:        0
1784345372.700 RX Mana:    57/66    Spellcasting: 61     Traps:           0
1784345372.700 RX                                        Picklocks:       0
1784345372.700 RX Strength:  40     Agility: 40          Tracking:        0
1784345372.700 RX Intellect: 40     Health:  40          Martial Arts:   15
1784345372.700 RX Willpower: 40     Charm:   40          MagicRes:       40
1784345372.700 PART [HP=52/MA=57]:
1784345390.816 TX w
1784345392.052 RX w
1784345392.616 TX n
1784345393.925 RX Magic Shoppe
1784345393.925 RX     It is immediately obvious what this dwelling is as soon as you walk in. The
1784345393.925 RX room is nearly filled with arcane items and talismans of all sorts, and such
1784345393.925 RX esoteric things as Griffin claws and vials of Dragon's blood. As you turn your
1784345393.925 RX eyes towards the back of the room, you see a bored-looking young man sitting
1784345393.925 RX behind a counter. A large rack of rolled parchment scrolls sits behind his
1784345393.925 RX head. A shimmering bead curtain blocks your sight to the east, and there is a
1784345393.925 RX door north. 
1784345393.925 RX Also here: Aiken.
1784345393.925 RX Obvious exits: north, east
1784345393.926 RX [HP=52/MA=57]:n
1784345394.416 TX e
1784345394.417 RX e
1784345395.589 RX Mystic Alley
1784345395.589 RX     This is a wide, well-lit alleyway. It is very clean and well-kept, and
1784345395.589 RX looks like it is regularly maintained. This is strange, since you can see no
1784345395.589 RX apparent source of light, and as you look closer, you can see not even the
1784345395.589 RX smallest particle of debris! The houses around you are all tall and
1784345395.589 RX rickety-looking, and you could swear that some houses just change places when
1784345395.589 RX you're not looking. There is a strange-looking shop to the south, with a
1784345395.589 RX delicately-wrought glass door. 
1784345395.589 RX Obvious exits: south, east
1784345395.589 RX [HP=52/MA=57]:e
1784345396.216 TX n
1784345396.217 RX n
1784345398.016 TX n
1784345399.816 TX w
1784345399.860 RX Mystic Alley
1784345399.861 RX     This is a wide, well-lit alleyway. It is very clean and well-kept, and
1784345399.861 RX looks like it is regularly maintained. This is strange, since you can see no
1784345399.861 RX apparent source of light, and as you look closer, you can see not even the
1784345399.861 RX smallest particle of debris! The houses around you are all tall and
1784345399.861 RX rickety-looking, and you could swear that some houses just change places when
1784345399.861 RX you're not looking. The alleyway continues to the north and west. 
1784345399.861 RX Obvious exits: north, west
1784345399.862 RX [HP=52/MA=57]:n
1784345399.862 RX n
1784345399.863 RX w
1784345401.371 RX Mystic Alley
1784345401.371 RX     This is a wide, well-lit alleyway. It is very clean and well-kept, and
1784345401.371 RX looks like it is regularly maintained. This is strange, since you can see no
1784345401.371 RX apparent source of light, and as you look closer, you can see not even the
1784345401.371 RX smallest particle of debris! The houses around you are all tall and
1784345401.371 RX rickety-looking, and you could swear that some houses just change places when
1784345401.371 RX you're not looking. The alleyway exits onto a street to the north, and
1784345401.371 RX continues to the south. 
1784345401.371 RX Obvious exits: north, south
1784345401.371 RX [HP=52/MA=57]:n
1784345401.616 TX w
1784345403.416 TX w
1784345403.573 RX Intersection of River St. & Mystic Alley
1784345403.573 RX     This is a cobblestoned street. It is dimly lit by guttering lanterns hung
1784345403.573 RX from tall posts. The city wall is to the north, towering over twenty feet above
1784345403.573 RX you. River street is fairly quiet, but is well-used as it intersects many main
1784345403.573 RX streets. It continues to the east and west. An ornate metal sign is attached to
1784345403.573 RX one of the lamp-posts, reading "Magic Shoppe" in a thin, spidery script. 
1784345403.573 RX Obvious exits: south, east, west
1784345403.573 RX [HP=52/MA=57]:w
1784345405.217 TX w
1784345405.500 RX River Street
1784345405.500 RX     This is a cobblestoned street. It is dimly lit by guttering lanterns hung
1784345405.500 RX from tall posts. The city wall is to the north, towering over twenty feet above
1784345405.500 RX you. River street is fairly quiet, but is well-used as it intersects many main
1784345405.500 RX streets. It continues to the east and west. 
1784345405.501 RX Obvious exits: east, west
1784345405.501 RX [HP=52/MA=57]:w
1784345407.017 TX n
1784345407.163 RX River Street
1784345407.164 RX     This is a cobblestoned street. It is dimly lit by guttering lanterns hung
1784345407.164 RX from tall posts. To the north is the city wall, and to the south there is a
1784345407.164 RX tall, rickety house, whose door is set with a tarnished brass knocker. There
1784345407.164 RX seems to be no-one home, as there are no light lit. River street continues to
1784345407.164 RX the east and west. 
1784345407.164 RX Obvious exits: east, west
1784345407.164 RX [HP=52/MA=57]:w
1784345408.817 TX look
1784345410.624 RX River Street
1784345410.624 RX     This is a cobblestoned street. It is dimly lit by guttering lanterns hung
1784345410.624 RX from tall posts. To the north you can see the entrance to the Wharf district,
1784345410.624 RX which leads to the city's docks. To the south is a small alleyway. River street
1784345410.624 RX continues to the east and west. 
1784345410.624 RX Obvious exits: north, south, east, west
1784345410.624 RX [HP=52/MA=57]:w
1784345412.685 RX River Street
1784345412.686 RX     This is a cobblestoned street. It is dimly lit by guttering lanterns hung
1784345412.686 RX from tall posts. To the north you can see the entrance to the Wharf district,
1784345412.686 RX which leads to the city's docks. River street continues to the east and west
1784345412.686 RX here. To the south is the side of a massive warehouse. 
1784345412.686 RX Obvious exits: north, east, west
1784345412.686 RX [HP=52/MA=57]:n
1784345414.567 RX Docks
1784345414.567 RX     This is a cobblestoned street. It is dimly lit by guttering lanterns hung
1784345414.567 RX from tall posts. There are large open crates piled here, all empty. The boat
1784345414.567 RX berths are empty also, echoing the effect of the recent decrease in traffic to
1784345414.567 RX and from Silvermere. 
1784345414.567 RX Obvious exits: north, south, east, west
1784345414.567 RX [HP=52/MA=57]:look
1784345414.568 RX Docks
1784345414.568 RX     This is a cobblestoned street. It is dimly lit by guttering lanterns hung
1784345414.568 RX from tall posts. There are large open crates piled here, all empty. The boat
1784345414.568 RX berths are empty also, echoing the effect of the recent decrease in traffic to
1784345414.568 RX and from Silvermere. 
1784345414.568 RX Obvious exits: north, south, east, west
1784345414.568 PART [HP=52/MA=57]:
1784345417.121 TX look
1784345417.125 RX look
1784345417.126 RX Docks
1784345417.127 RX     This is a cobblestoned street. It is dimly lit by guttering lanterns hung
1784345417.127 RX from tall posts. There are large open crates piled here, all empty. The boat
1784345417.127 RX berths are empty also, echoing the effect of the recent decrease in traffic to
1784345417.127 RX and from Silvermere. 
1784345417.127 RX Obvious exits: north, south, east, west
1784345417.127 PART [HP=52/MA=57]:
1784345419.891 PART [HP=53/MA=60]:
1784345431.322 TX e
1784345431.323 RX e
1784345432.240 RX Docks
1784345432.240 RX     This is a cobblestoned street. It is dimly lit by guttering lanterns hung
1784345432.240 RX from tall posts. To the west you can see Wharf street, and to the east there is
1784345432.240 RX a small, run-down shack. From the look of it, it looks to be a caretaker's
1784345432.240 RX house of some sort. River street runs parallel to Wharf street to the south.
1784345432.240 RX Off to the north, a rickety boat launch juts out into the fast-flowing waters
1784345432.240 RX of the Silver river. 
1784345432.241 RX Obvious exits: north, south, east, west
1784345432.241 PART [HP=53/MA=60]:
1784345433.323 TX n
1784345433.621 RX n
1784345434.899 RX Pier
1784345434.900 RX     This is a small, haphazardly constructed wooden pier, supported by rotting
1784345434.900 RX pillars over the swift waters of the river. Tied to the far end are a
1784345434.900 RX half-dozen skiffs of varying size. A seedy-looking man sits on the edge of the
1784345434.900 RX launch, his feet dangling dangerously close to the water's surface. 
1784345434.926 RX Also here: boatman.
1784345434.926 RX Obvious exits: north, south
1784345435.323 TX n
1784345435.324 RX [HP=53/MA=60]:n
1784345437.151 RX Pier, Boat Launch
1784345437.151 RX     This is a small, haphazardly constructed wooden pier, supported by rotting
1784345437.151 RX pillars over the swift waters of the river. Tied to the end are a half-dozen
1784345437.151 RX skiffs of varying size. To the north, the Silver river's glittering length runs
1784345437.151 RX perilously fast. 
1784345437.151 RX Obvious exits: north, south
1784345437.323 TX look
1784345437.325 RX [HP=53/MA=60]:look
1784345437.325 RX Pier, Boat Launch
1784345437.325 RX     This is a small, haphazardly constructed wooden pier, supported by rotting
1784345437.325 RX pillars over the swift waters of the river. Tied to the end are a half-dozen
1784345437.325 RX skiffs of varying size. To the north, the Silver river's glittering length runs
1784345437.325 RX perilously fast. 
1784345437.326 RX Obvious exits: north, south
1784345437.326 PART [HP=53/MA=60]:
1784345446.063 TX c blur
1784345446.147 RX c blur
1784345446.150 RX You cast blur on Zinvar!
1784345446.150 RX [HP=53/MA=56]:You are blurred!
1784345446.157 PART [HP=53/MA=56]:
1784345448.563 TX st
1784345448.564 RX st
1784345448.565 RX Name: Zinvar Duskmere                  Lives/CP:      9/190  
1784345448.565 RX Race: Human       Exp: 115000          Perception:     40
1784345448.565 RX Class: Mage       Level: 10            Stealth:         0
1784345448.565 RX Hits:    53/56    Armour Class:   0/0  Thievery:        0
1784345448.565 RX Mana:    56/66    Spellcasting: 61     Traps:           0
1784345448.565 RX                                        Picklocks:       0
1784345448.565 RX Strength:  40     Agility: 40          Tracking:        0
1784345448.565 RX Intellect: 40     Health:  40          Martial Arts:   20
1784345448.565 RX Willpower: 40     Charm:   40          MagicRes:       40
1784345448.565 RX You are blurred!
1784345448.566 PART [HP=53/MA=56]:
1784345462.151 TX n
1784345462.152 RX n
1784345464.149 TX look
1784345464.202 RX The Silver River, Silvermere Docks
1784345464.203 RX     The rapid currents of the river make it perilous to travel, even in a
1784345464.203 RX suitable vessel, as it is filled with strange water-dwellers. The shimmering
1784345464.203 RX silvery surface of the water gives the river its namesake. To the north, you
1784345464.203 RX can see the gravelly beach of a large island poking out of the middle of the
1784345464.203 RX river, and to the south, the seldom-used port of Silvermere. The river flows
1784345464.203 RX quickly downstream to the west, and upstream to the east. 
1784345464.203 RX Obvious exits: north, south, east, west
1784345464.204 RX [HP=53/MA=56]:look
1784345464.205 RX The Silver River, Silvermere Docks
1784345464.205 RX     The rapid currents of the river make it perilous to travel, even in a
1784345464.205 RX suitable vessel, as it is filled with strange water-dwellers. The shimmering
1784345464.205 RX silvery surface of the water gives the river its namesake. To the north, you
1784345464.205 RX can see the gravelly beach of a large island poking out of the middle of the
1784345464.205 RX river, and to the south, the seldom-used port of Silvermere. The river flows
1784345464.205 RX quickly downstream to the west, and upstream to the east. 
1784345464.205 RX Obvious exits: north, south, east, west
1784345464.205 PART [HP=53/MA=56]:
1784345466.400 RX A nasty silverfish swims in from the west.
1784345466.400 PART [HP=53/MA=56]:
1784345470.011 RX The river bashes you up against some rocks!
1784345475.742 RX [HP=41/MA=59]:nasty silverfish just left to the west.
1784345475.742 PART [HP=41/MA=59]:
1784345480.901 RX The river bashes you up against some rocks!
1784345486.339 TX s
1784345486.340 RX s
1784345487.620 RX Pier, Boat Launch
1784345487.620 RX     This is a small, haphazardly constructed wooden pier, supported by rotting
1784345487.620 RX pillars over the swift waters of the river. Tied to the end are a half-dozen
1784345487.620 RX skiffs of varying size. To the north, the Silver river's glittering length runs
1784345487.620 RX perilously fast. 
1784345487.621 RX Obvious exits: north, south
1784345487.621 PART [HP=23/MA=59]:
1784345491.242 RX You hear movement to the north.
1784345491.242 PART [HP=23/MA=59]:
1784345528.953 PART [HP=24/MA=62]:
1784345574.291 TX look
1784345574.295 RX look
1784345574.295 RX Pier, Boat Launch
1784345574.295 RX     This is a small, haphazardly constructed wooden pier, supported by rotting
1784345574.295 RX pillars over the swift waters of the river. Tied to the end are a half-dozen
1784345574.295 RX skiffs of varying size. To the north, the Silver river's glittering length runs
1784345574.295 RX perilously fast. 
1784345574.295 RX Obvious exits: north, south
1784345574.295 PART [HP=24/MA=62]:
1784345582.273 PART [HP=25/MA=65]:
1784345605.283 TX s
1784345605.784 RX s
1784345606.891 TX s
1784345607.915 RX Pier
1784345607.916 RX     This is a small, haphazardly constructed wooden pier, supported by rotting
1784345607.916 RX pillars over the swift waters of the river. Tied to the far end are a
1784345607.916 RX half-dozen skiffs of varying size. A seedy-looking man sits on the edge of the
1784345607.916 RX launch, his feet dangling dangerously close to the water's surface. 
1784345607.916 RX Also here: boatman.
1784345607.916 RX Obvious exits: north, south
1784345607.916 RX [HP=25/MA=65]:s
1784345608.487 TX s
1784345609.330 RX Docks
1784345609.331 RX     This is a cobblestoned street. It is dimly lit by guttering lanterns hung
1784345609.331 RX from tall posts. To the west you can see Wharf street, and to the east there is
1784345609.331 RX a small, run-down shack. From the look of it, it looks to be a caretaker's
1784345609.331 RX house of some sort. River street runs parallel to Wharf street to the south.
1784345609.331 RX Off to the north, a rickety boat launch juts out into the fast-flowing waters
1784345609.331 RX of the Silver river. 
1784345609.331 RX Obvious exits: north, south, east, west
1784345609.331 RX [HP=25/MA=65]:s
1784345610.088 TX e
1784345610.089 RX e
1784345611.466 RX River Street
1784345611.467 RX     This is a cobblestoned street. It is dimly lit by guttering lanterns hung
1784345611.467 RX from tall posts. To the north you can see the entrance to the Wharf district,
1784345611.467 RX which leads to the city's docks. To the south is a small alleyway. River street
1784345611.467 RX continues to the east and west. 
1784345611.467 RX Obvious exits: north, south, east, west
1784345611.467 RX [HP=25/MA=65]:e
1784345611.688 TX e
1784345611.689 RX e
1784345613.288 TX e
1784345613.617 RX River Street
1784345613.618 RX     This is a cobblestoned street. It is dimly lit by guttering lanterns hung
1784345613.618 RX from tall posts. To the north is the city wall, and to the south there is a
1784345613.618 RX tall, rickety house, whose door is set with a tarnished brass knocker. There
1784345613.618 RX seems to be no-one home, as there are no light lit. River street continues to
1784345613.618 RX the east and west. 
1784345613.618 RX Obvious exits: east, west
1784345613.618 RX [HP=25/MA=65]:e
1784345613.618 RX e
1784345614.888 TX e
1784345615.465 RX e
1784345616.488 TX e
1784345616.728 RX River Street
1784345616.728 RX     This is a cobblestoned street. It is dimly lit by guttering lanterns hung
1784345616.728 RX from tall posts. The city wall is to the north, towering over twenty feet above
1784345616.728 RX you. River street is fairly quiet, but is well-used as it intersects many main
1784345616.728 RX streets. It continues to the east and west. 
1784345616.729 RX Obvious exits: east, west
1784345616.729 RX [HP=25/MA=65]:e
1784345618.088 TX s
1784345618.959 RX Intersection of River St. & Mystic Alley
1784345618.959 RX     This is a cobblestoned street. It is dimly lit by guttering lanterns hung
1784345618.959 RX from tall posts. The city wall is to the north, towering over twenty feet above
1784345618.959 RX you. River street is fairly quiet, but is well-used as it intersects many main
1784345618.959 RX streets. It continues to the east and west. An ornate metal sign is attached to
1784345618.959 RX one of the lamp-posts, reading "Magic Shoppe" in a thin, spidery script. 
1784345618.960 RX Obvious exits: south, east, west
1784345618.960 RX [HP=25/MA=65]:e
1784345619.688 TX s
1784345620.784 RX River Street
1784345620.785 RX     This is a cobblestoned street. It is dimly lit by guttering lanterns hung
1784345620.785 RX from tall posts. The city wall is to the north, towering over twenty feet above
1784345620.785 RX you. River street is fairly quiet, but is well-used as it intersects many main
1784345620.785 RX streets. It continues to the east and west. You can see a junction off to the
1784345620.785 RX east. 
1784345620.785 RX Obvious exits: east, west
1784345620.785 RX [HP=25/MA=65]:e
1784345621.288 TX s
1784345622.299 RX Intersection of Guild St. & River St.
1784345622.301 RX     This is a cobblestoned street. It is dimly lit by guttering lanterns hung
1784345622.301 RX from tall posts. The city wall is to the north, towering over twenty feet above
1784345622.301 RX you. River street is fairly quiet, but is well-used as it intersects many main
1784345622.301 RX streets. It continues to the east and west. The broad expanse of Guild street
1784345622.301 RX goes off to the south here, heading towards, and ending in, the town square.
1784345622.301 RX You can make out the entrance to a low wooden building off to the south. 
1784345622.329 RX Also here: fat guardsman.
1784345622.330 RX Obvious exits: south, east, west
1784345622.330 RX [HP=25/MA=65]:s
1784345622.888 TX s
1784345623.520 RX The awful sound of a drunken chorus echoes through the streets.
1784345623.520 RX Guild Street, Northern End
1784345623.520 RX     This is a cobblestoned street. It is dimly lit by guttering lanterns hung
1784345623.520 RX from tall posts, and continues to the north and south. Directly to the east you
1784345623.520 RX can see a pub, and judgeing from its appearance it caters to the working class.
1784345623.520 RX Its door stands open, and you can hear loud bellows of laughter coming from
1784345623.520 RX within. The scent of ale is strong here. Off to the north, you can see the
1784345623.520 RX broad face of the city wall. 
1784345623.520 RX You notice pewter tankard here.
1784345623.546 RX Also here: big drunken brawler.
1784345623.547 RX Obvious exits: north, south, east
1784345623.547 RX [HP=25/MA=65]:s
1784345624.488 TX s
1784345626.145 RX Guild Street
1784345626.147 RX     This is a cobblestoned street. It is dimly lit by guttering lanterns hung
1784345626.147 RX from tall posts, and continues to the north and south. River street follows the
1784345626.147 RX city wall off to the north. It is very quiet here, but further north along the
1784345626.147 RX street you can hear the raucous sounds of a working man's pub. 
1784345626.147 RX Obvious exits: north, south
1784345626.147 RX [HP=25/MA=65]:s
1784345627.746 RX Guild Street
1784345627.746 RX     This is a cobblestoned street. It is dimly lit by guttering lanterns hung
1784345627.746 RX from tall posts. It is quiet here, and a pleasant breeze flows over you from
1784345627.746 RX the north. Buildings stand to your east and west, and Guild street continues to
1784345627.746 RX the north and south. 
1784345627.746 RX Obvious exits: north, south
1784345627.746 RX [HP=25/MA=65]:s
1784345629.798 RX Intersection of Guild St. & Crown St.
1784345629.798 RX     This is a cobblestoned street. It is dimly lit by guttering lanterns hung
1784345629.798 RX from tall posts, and continues to the north and south. The street is fairly
1784345629.798 RX clean here, and looks well-kept. Buildings loom over you at the corners of the
1784345629.798 RX crossing streets. Crown street crosses to the east and west here. 
1784345629.798 RX Obvious exits: north, south, east, west
1784345629.798 RX [HP=25/MA=65]:s
1784345631.067 RX Guild Street
1784345631.067 RX     This is a cobblestoned street. It is dimly lit by guttering lanterns hung
1784345631.067 RX from tall posts, and continues to the north and south. Off to the south, you
1784345631.067 RX can see the Adventurer's Guild rising up over the tops of of the surrounding
1784345631.067 RX buildings. To the west, a strange ramshackle booth stands, a wooden sign posted
1784345631.067 RX to its side reading "Trader Tull's Barter Booth", and to the east is the
1784345631.067 RX Silvermere Property Office. 
1784345631.067 RX Obvious exits: north, south, east, west
1784345631.067 PART [HP=25/MA=65]:
1784345634.616 PART [HP=26/MA=66]:
1784345644.119 TX s
1784345644.245 RX s
1784345645.719 TX s
1784345646.678 RX Guild Street
1784345646.680 RX     This is a cobblestoned street. It is dimly lit by guttering lanterns hung
1784345646.680 RX from tall posts, and continues to the north and south. The bulk of the
1784345646.680 RX Adventurer's Guild lies to the south and east, its second story peeking up over
1784345646.680 RX the tops of the smaller buildings like a curious child. To the west, a squat
1784345646.680 RX stone building stands. It has a large stone door with the words "Thuluk's Axes"
1784345646.680 RX carved in it in an angular script. You can hear the harsh sound of clanging
1784345646.680 RX steel from inside. 
1784345646.680 RX Obvious exits: north, south, west
1784345646.680 RX [HP=26/MA=66]:s
1784345647.319 TX s
1784345648.921 TX s
1784345649.644 RX A cheer of many voices can be heard in the distance.
1784345649.644 RX Guild Street
1784345649.645 RX     This is a cobblestoned street. It is dimly lit by guttering lanterns hung
1784345649.645 RX from tall posts, and continues to the north and south. The Adventurer's guild
1784345649.645 RX rises like a stone sentry to the east, its doors wide open. You can hear the
1784345649.645 RX sounds of many people coming from within. To the west, a long, squat stone
1784345649.645 RX building stands, and a large sign with two crossed swords and the words
1784345649.645 RX 'Helfgrim's Blades' painted on it hangs over the door. 
1784345649.645 RX Obvious exits: north, south, east, west
1784345649.645 RX [HP=26/MA=66]:s
1784345649.645 RX s
1784345650.521 TX s
1784345650.522 RX s
1784345652.121 TX w
1784345652.122 RX w
1784345653.721 TX w
1784345654.245 RX Guild Street
1784345654.247 RX     This is a cobblestoned street. It is dimly lit by guttering lanterns hung
1784345654.247 RX from tall posts, and continues to the north and south. There is a steady stream
1784345654.247 RX of people here, mostly heading north towards the Adventurer's Guild. The Guild
1784345654.247 RX is prospering in these rough times, as they train adventurers and support their
1784345654.247 RX ventures into the overrun slums. You can see the enormous building dominating
1784345654.247 RX the east side of the street. To the west a sign saying "Colin's Maces" hangs on
1784345654.247 RX a shop. 
1784345654.274 RX Also here: fat townswoman, big mangy dog.
1784345654.275 RX Obvious exits: north, south, west
1784345654.275 RX [HP=26/MA=66]:s
1784345655.321 TX w
1784345656.537 RX Guild Street, Southern End
1784345656.539 RX     This is a cobblestoned street. It is dimly lit by guttering lanterns hung
1784345656.539 RX from tall posts, and continues to the north and south. The street here is well
1784345656.539 RX traveled, and you see quite a few people heading towards and away from the town
1784345656.539 RX square to the south. The reason for the heavy traffic is the Adventurer's
1784345656.539 RX Guild, far off to the north. The din from the town square is quite loud here.
1784345656.539 RX There are shops to the east and west. 
1784345656.586 RX Also here: fat black cat, big filthy beggar.
1784345656.588 RX Obvious exits: north, south, east, west
1784345656.588 RX [HP=26/MA=66]:s
1784345656.921 TX w
1784345658.171 RX Town Square
1784345658.173 RX     As can be seen from the masses of townsfolk gathered around the make- shift
1784345658.173 RX stalls and shops here, this is the centre of Silvermere. Despite the recent
1784345658.173 RX increase in highway ambushes, fresh vegetables and meats are still brought in
1784345658.173 RX by brave farmers, and these are on prominent display. You can see a great many
1784345658.173 RX trinkets for sale as well, such as intricate wooden puppets, to bolts of
1784345658.173 RX beautiful cloth. Streets lead off in all directions, and a manhole can be seen
1784345658.173 RX under some debris. 
1784345658.173 RX You notice small sign, large sign here.
1784345658.173 RX Also here: elite guardsman, elite guardsman, fat guardsman.
1784345658.173 RX Obvious exits: north, south, east, west
1784345658.173 RX [HP=26/MA=66]:w
1784345658.521 TX w
1784345659.722 RX You hear movement to the west.
1784345659.744 RX [HP=26/MA=66]:You hear movement to the west.
1784345659.745 RX [HP=26/MA=66]:Temple Street, Eastern End
1784345659.745 RX     The crowd is quite dense here, as the town square is to the east,
1784345659.745 RX attracting people with its produce and items. A massive stone building is to
1784345659.745 RX the north, and you can hear the sound of ringing coming from within its open
1784345659.745 RX door. A sign with and anvil and the words "Skali's Armour" hangs over the door.
1784345659.745 RX To the south, the thick doors of the city bank stand wedged open. Guards stand
1784345659.745 RX at the entrance, with halberd and mail, ever vigilant. Temple street leads off
1784345659.745 RX to the west here. 
1784345659.772 RX Also here: elite guardsman, guardsman, fat guardsman.
1784345659.773 RX Obvious exits: north, south, east, west
1784345659.773 RX [HP=26/MA=66]:w
1784345660.123 TX w
1784345661.145 RX Temple Street
1784345661.145 RX     This is a cobblestoned street. It is dimly lit by guttering lanterns hung
1784345661.145 RX from tall posts. Streams of people wander about on their daily business here. A
1784345661.145 RX few white-robed figures mingle in the crowd. You have to push a little to make
1784345661.145 RX your way. Far off to the east, you can see the town square. Temple street
1784345661.145 RX continues to the east and west. 
1784345661.145 RX Obvious exits: east, west
1784345661.145 RX [HP=26/MA=66]:w
1784345661.721 TX w
1784345663.322 TX n
1784345663.728 RX Temple Street
1784345663.729 RX     This is a cobblestoned street. It is dimly lit by guttering lanterns hung
1784345663.729 RX from tall posts. There a quite a few people here, many of them robed in white
1784345663.729 RX cowled robes. You cannot help but notice the huge, garishly-painted building to
1784345663.729 RX the south. An immense, painted sign glimmers and magically flashes the words
1784345663.729 RX "Lucky Strike Casino". Its large golden doors are closed, and a sign says "New
1784345663.729 RX Grand Reopening!" and under that a nicer sign says "Open by order of Silvermere
1784345663.729 RX Council" 
1784345663.729 RX Obvious exits: south, east, west
1784345663.729 RX [HP=26/MA=66]:w
1784345664.922 TX look
1784345665.145 RX Temple Street
1784345665.145 RX     This is a cobblestoned street. It is dimly lit by guttering lanterns hung
1784345665.145 RX from tall posts, and continues to the east and west. Off to the west, you can
1784345665.145 RX see the shining shape of the Temple. Even from afar it seems to radiate peace
1784345665.145 RX and hope. To the north, a fresh stone wall has been built, blocking access to
1784345665.145 RX what once lay beyond, and Temple Street continues to the east and west. 
1784345665.145 RX Obvious exits: east, west
1784345665.145 RX [HP=26/MA=66]:w
1784345666.752 RX Intersection of Temple St. & Stone St.
1784345666.753 RX     The magnificent Temple of Silvermere stands tall and proud to your west. It
1784345666.753 RX white silver-streaked marble walls are a testament to its magnificent
1784345666.753 RX construction, as does the fact that it has remained seemingly undamaged for the
1784345666.753 RX past hundred years. This is where weary folk go to have their wounds healed,
1784345666.753 RX and where holy folk receive their divine training. The Temple's large wrought
1784345666.753 RX doors are open to the public at all hours. Stone street crosses to the north
1784345666.753 RX and south here. 
1784345666.753 RX Also here: elite guardsman.
1784345666.753 RX Obvious exits: north, south, east, west
1784345666.753 RX [HP=26/MA=66]:w
1784345668.156 RX Temple Foyer
1784345668.157 RX     The hall's lofty roof is supported by graceful soaring archways, and the
1784345668.157 RX walls are crafted of white marble run through with silver streaks. Bright lamps
1784345668.157 RX line the walls, illuminating every dark corner here. Racks and shelves line the
1784345668.157 RX walls, for people to leave dirty cloaks or clothing. To the east are the
1784345668.157 RX Temple's ornate doors, propped open even in these uncertain times, and to the
1784345668.157 RX west, a wide passageway leads towards the inner parts of the Temple. 
1784345668.157 RX Obvious exits: east, west
1784345668.157 RX [HP=26/MA=66]:w
1784345669.867 RX Temple Hall
1784345669.868 RX     The hall's lofty roof is supported by graceful soaring archways, and the
1784345669.868 RX walls are crafted of white marble run through with silver streaks. Bright lamps
1784345669.868 RX line the walls, illuminating every dark corner here. A wide passageway to the
1784345669.868 RX east leads to the Temple's foyer, and from there out onto the street. To the
1784345669.868 RX south, you can see the Priest spell shop, and to the north, the Temple's
1784345669.868 RX Healer. The large hall continues to the west, at the end of which is the
1784345669.868 RX chapel. 
1784345669.868 RX Obvious exits: north, south, east, west
1784345669.868 RX [HP=26/MA=66]:n
1784345672.756 RX Temple Healer
1784345672.757 RX     The hall's lofty roof is supported by graceful soaring archways, and the
1784345672.757 RX walls are crafted of white marble run through with silver streaks. There is a
1784345672.757 RX priest waiting here to heal the wounded. She smiles kindly at you as you enter.
1784345672.757 RX A small bowl of silver nobles stands on the table she sits behind, and you can
1784345672.757 RX see it is nearly full. A stone stairwell descends into the catacombs of the
1784345672.757 RX temple at the rear of this room, and you can exit into the main hall to the
1784345672.757 RX south. 
1784345672.757 RX You notice small sign here.
1784345672.757 RX Also here: wounded messenger, healer.
1784345672.757 RX Obvious exits: south, down
1784345672.757 RX [HP=26/MA=66]:look
1784345672.757 RX Temple Healer
1784345672.757 RX     The hall's lofty roof is supported by graceful soaring archways, and the
1784345672.757 RX walls are crafted of white marble run through with silver streaks. There is a
1784345672.757 RX priest waiting here to heal the wounded. She smiles kindly at you as you enter.
1784345672.757 RX A small bowl of silver nobles stands on the table she sits behind, and you can
1784345672.757 RX see it is nearly full. A stone stairwell descends into the catacombs of the
1784345672.757 RX temple at the rear of this room, and you can exit into the main hall to the
1784345672.757 RX south. 
1784345672.759 RX You notice small sign here.
1784345672.759 RX Also here: wounded messenger, healer.
1784345672.759 RX Obvious exits: south, down
1784345672.759 PART [HP=26/MA=66]:
1784345675.565 TX w
1784345675.571 RX w
1784345675.571 RX There is no exit in that direction!
1784345675.571 PART [HP=26/MA=66]:
1784345677.565 TX w
1784345677.567 RX w
1784345677.567 RX There is no exit in that direction!
1784345677.567 PART [HP=26/MA=66]:
1784345679.565 TX n
1784345679.567 RX n
1784345679.567 RX There is no exit in that direction!
1784345679.567 PART [HP=26/MA=66]:
1784345681.565 TX look
1784345681.586 RX look
1784345681.589 RX Temple Healer
1784345681.589 RX     The hall's lofty roof is supported by graceful soaring archways, and the
1784345681.589 RX walls are crafted of white marble run through with silver streaks. There is a
1784345681.589 RX priest waiting here to heal the wounded. She smiles kindly at you as you enter.
1784345681.589 RX A small bowl of silver nobles stands on the table she sits behind, and you can
1784345681.589 RX see it is nearly full. A stone stairwell descends into the catacombs of the
1784345681.589 RX temple at the rear of this room, and you can exit into the main hall to the
1784345681.589 RX south. 
1784345681.589 RX You notice small sign here.
1784345681.589 RX Also here: wounded messenger, healer.
1784345681.589 RX Obvious exits: south, down
1784345681.589 PART [HP=26/MA=66]:
1784345684.688 PART [HP=27/MA=66]:
1784345695.430 TX read sign
1784345695.444 RX read sign
1784345695.444 RX 
1784345695.444 RX  ∙                             ∙
1784345695.444 RX                                 
1784345695.444 RX    Minor Healing      5 silver  
1784345695.444 RX                                 
1784345695.444 RX    Major Healing     12 silver  
1784345695.444 RX                                 
1784345695.444 RX    Greater Healing   20 silver  
1784345695.444 RX                                 
1784345695.444 RX    Cure Poison       10 gold    
1784345695.444 RX                                 
1784345695.444 RX    Cure Disease      25 gold    
1784345695.444 RX                                 
1784345695.444 RX    Remove Curse      50 gold    
1784345695.444 RX                                 
1784345695.444 RX  ∙                             ∙
1784345695.444 RX 
1784345695.444 RX 
1784345695.444 PART [HP=27/MA=66]:
1784345697.930 TX buy healing
1784345697.937 RX buy healing
1784345697.939 RX You say "buy healing"
1784345697.939 PART [HP=27/MA=66]:
1784345713.884 TX look
1784345713.885 RX look
1784345713.887 RX Temple Healer
1784345713.887 RX     The hall's lofty roof is supported by graceful soaring archways, and the
1784345713.887 RX walls are crafted of white marble run through with silver streaks. There is a
1784345713.887 RX priest waiting here to heal the wounded. She smiles kindly at you as you enter.
1784345713.887 RX A small bowl of silver nobles stands on the table she sits behind, and you can
1784345713.887 RX see it is nearly full. A stone stairwell descends into the catacombs of the
1784345713.887 RX temple at the rear of this room, and you can exit into the main hall to the
1784345713.887 RX south. 
1784345713.887 RX You notice small sign here.
1784345713.887 RX Also here: wounded messenger, healer.
1784345713.887 RX Obvious exits: south, down
1784345713.887 PART [HP=27/MA=66]:
1784345716.207 PART [HP=28/MA=66]:
1784345723.086 TX buy greater healing
1784345723.104 RX buy greater healing
1784345723.104 RX The healer casts greater healing on you!
1784345723.109 PART [HP=56/MA=66]:[HP=56/MA=66]:[HP=56/MA=66]:
1784345727.600 PART [HP=56/MA=66]:
1784345755.646 TX s
1784345755.648 RX s
1784345756.350 RX Temple Hall
1784345756.352 RX     The hall's lofty roof is supported by graceful soaring archways, and the
1784345756.352 RX walls are crafted of white marble run through with silver streaks. Bright lamps
1784345756.352 RX line the walls, illuminating every dark corner here. A wide passageway to the
1784345756.352 RX east leads to the Temple's foyer, and from there out onto the street. To the
1784345756.352 RX south, you can see the Priest spell shop, and to the north, the Temple's
1784345756.352 RX Healer. The large hall continues to the west, at the end of which is the
1784345756.352 RX chapel. 
1784345756.352 RX Obvious exits: north, south, east, west
1784345757.246 TX e
1784345757.248 RX [HP=56/MA=66]:e
1784345757.355 RX Temple Foyer
1784345757.356 RX     The hall's lofty roof is supported by graceful soaring archways, and the
1784345757.356 RX walls are crafted of white marble run through with silver streaks. Bright lamps
1784345757.356 RX line the walls, illuminating every dark corner here. Racks and shelves line the
1784345757.356 RX walls, for people to leave dirty cloaks or clothing. To the east are the
1784345757.356 RX Temple's ornate doors, propped open even in these uncertain times, and to the
1784345757.356 RX west, a wide passageway leads towards the inner parts of the Temple. 
1784345757.356 RX Obvious exits: east, west
1784345757.356 PART [HP=56/MA=66]:
1784345758.846 TX e
1784345758.850 RX e
1784345759.406 RX The effects of blur wear off.
1784345759.410 RX [HP=56/MA=66]:Intersection of Temple St. & Stone St.
1784345759.412 RX     The magnificent Temple of Silvermere stands tall and proud to your west. It
1784345759.412 RX white silver-streaked marble walls are a testament to its magnificent
1784345759.412 RX construction, as does the fact that it has remained seemingly undamaged for the
1784345759.412 RX past hundred years. This is where weary folk go to have their wounds healed,
1784345759.412 RX and where holy folk receive their divine training. The Temple's large wrought
1784345759.412 RX doors are open to the public at all hours. Stone street crosses to the north
1784345759.412 RX and south here. 
1784345759.412 RX Also here: elite guardsman.
1784345759.412 RX Obvious exits: north, south, east, west
1784345759.412 PART [HP=56/MA=66]:
1784345760.451 TX n
1784345760.457 RX n
1784345761.457 RX Stone Street
1784345761.458 RX     This is a cobblestoned street. It is dimly lit by guttering lanterns hung
1784345761.458 RX from tall posts. It slightly grungy and shabby here, and you do not see many
1784345761.458 RX people around here. Sometimes you hear a noise coming from the shadows, but as
1784345761.458 RX you quickly turn your head, you see nothing. The street continues to the north,
1784345761.458 RX and off to the south, you can see an intersection. 
1784345761.458 RX Obvious exits: north, south
1784345762.051 TX n
1784345762.054 RX [HP=56/MA=66]:n
1784345762.488 RX Stone Street
1784345762.490 RX     This is a cobblestoned street. It is dimly lit by guttering lanterns hung
1784345762.490 RX from tall posts. It slightly grungy and shabby here, and you do not see many
1784345762.490 RX people around here. Sometimes you hear a noise coming from the shadows, but as
1784345762.490 RX you quickly turn your head, you see nothing. The street continues to the north
1784345762.490 RX and south. 
1784345762.490 RX Obvious exits: north, south
1784345762.490 PART [HP=56/MA=66]:
1784345763.651 TX n
1784345763.674 RX n
1784345764.531 RX Stone Street
1784345764.531 RX     This is a cobblestoned street. It is dimly lit by guttering lanterns hung
1784345764.531 RX from tall posts. It slightly grungy and shabby here, and you do not see many
1784345764.531 RX people around here. Sometimes you hear a noise coming from the shadows, but as
1784345764.531 RX you quickly turn your head, you see nothing. The street continues to the north
1784345764.531 RX and south. A thin alleyway is to the west. 
1784345764.534 RX Obvious exits: north, south, west
1784345765.251 TX n
1784345765.256 RX [HP=56/MA=66]:n
1784345765.535 RX Stone Street
1784345765.536 RX     This is a cobblestoned street. It is dimly lit by guttering lanterns hung
1784345765.536 RX from tall posts. It slightly grungy and shabby here, and you do not see many
1784345765.536 RX people around here. Sometimes you hear a noise coming from the shadows, but as
1784345765.536 RX you quickly turn your head, you see nothing. The street continues to the north
1784345765.536 RX and south. 
1784345765.536 RX Obvious exits: north, south
1784345765.536 PART [HP=56/MA=66]:
1784345766.851 TX n
1784345766.873 RX n
1784345767.588 RX Stone Street
1784345767.589 RX     This is a cobblestoned street. It is dimly lit by guttering lanterns hung
1784345767.589 RX from tall posts. It slightly grungy and shabby here, and you do not see many
1784345767.589 RX people around here. Sometimes you hear a noise coming from the shadows, but as
1784345767.589 RX you quickly turn your head, you see nothing. The street continues to the north
1784345767.589 RX and south. 
1784345767.589 RX Obvious exits: north, south
1784345768.451 TX n
1784345768.473 RX [HP=56/MA=66]:n
1784345768.655 RX Intersection of Stone St. and Crown St.
1784345768.658 RX     This is a cobblestoned street. It is dimly lit by guttering lanterns hung
1784345768.658 RX from tall posts. It is relatively clean, and is quiet and fairly unpopulated.
1784345768.658 RX The buildings here are plain-looking and unornamented, but are well-made. Stone
1784345768.658 RX street's end is here, and continues to the south, with Crown street crossing it
1784345768.658 RX to the east and west. 
1784345768.658 RX You notice large sign here.
1784345768.684 RX Also here: big guardsman.
1784345768.687 RX Obvious exits: south, east, west
1784345768.687 RX [HP=56/MA=66]:big guardsman just left to the east.
1784345768.687 PART [HP=56/MA=66]:
1784345770.051 TX e
1784345770.053 RX e
1784345770.720 RX Crown Street
1784345770.722 RX     This is a cobblestoned street. It is dimly lit by guttering lanterns hung
1784345770.722 RX from tall posts. It is relatively clean, and is quiet and fairly unpopulated.
1784345770.722 RX The buildings here are plain-looking and unornamented, but are well-made. The
1784345770.722 RX street continues to the east and west. 
1784345770.722 RX Also here: big guardsman.
1784345770.722 RX Obvious exits: closed door north, east, west
1784345771.651 TX e
1784345771.654 RX [HP=56/MA=66]:e
1784345771.743 RX Crown Street
1784345771.745 RX     This is a cobblestoned street. It is dimly lit by guttering lanterns hung
1784345771.745 RX from tall posts. It is relatively clean, and is quiet and fairly unpopulated.
1784345771.745 RX The buildings here are plain-looking and unornamented, but are well-made. The
1784345771.745 RX street continues to the east and west, and you can see the entrance to a dark,
1784345771.745 RX thin alleyway to the south. 
1784345771.745 RX Obvious exits: south, east, west
1784345771.745 PART [HP=56/MA=66]:
1784345773.251 TX e
1784345773.253 RX e
1784345773.796 RX Crown Street
1784345773.799 RX     This is a cobblestoned street. It is dimly lit by guttering lanterns hung
1784345773.799 RX from tall posts. It is relatively clean, and is quiet and fairly unpopulated.
1784345773.799 RX The buildings here are plain-looking and unornamented, but are well-made. The
1784345773.799 RX street continues to the east and west. 
1784345773.799 RX Obvious exits: east, west
1784345773.799 PART [HP=56/MA=66]:
1784345774.851 TX e
1784345774.854 RX e
1784345775.851 RX Crown Street
1784345775.851 RX     This is a cobblestoned street. It is dimly lit by guttering lanterns hung
1784345775.851 RX from tall posts. It is relatively clean, and is quiet and fairly unpopulated.
1784345775.851 RX The buildings here are plain-looking and unornamented, but are well-made. The
1784345775.851 RX street continues to the east and west. 
1784345775.851 RX Obvious exits: closed door north, east, west
1784345776.454 TX e
1784345776.466 RX [HP=56/MA=66]:e
1784345776.878 RX Intersection of Guild St. & Crown St.
1784345776.878 RX     This is a cobblestoned street. It is dimly lit by guttering lanterns hung
1784345776.878 RX from tall posts, and continues to the north and south. The street is fairly
1784345776.878 RX clean here, and looks well-kept. Buildings loom over you at the corners of the
1784345776.878 RX crossing streets. Crown street crosses to the east and west here. 
1784345776.878 RX Obvious exits: north, south, east, west
1784345776.878 PART [HP=56/MA=66]:
1784345788.202 TX n
1784345788.205 RX n
1784345789.206 RX Guild Street
1784345789.206 RX     This is a cobblestoned street. It is dimly lit by guttering lanterns hung
1784345789.206 RX from tall posts. It is quiet here, and a pleasant breeze flows over you from
1784345789.206 RX the north. Buildings stand to your east and west, and Guild street continues to
1784345789.206 RX the north and south. 
1784345789.206 RX Obvious exits: north, south
1784345789.802 TX n
1784345789.805 RX [HP=56/MA=66]:n
1784345790.218 RX Guild Street
1784345790.221 RX     This is a cobblestoned street. It is dimly lit by guttering lanterns hung
1784345790.221 RX from tall posts, and continues to the north and south. River street follows the
1784345790.221 RX city wall off to the north. It is very quiet here, but further north along the
1784345790.221 RX street you can hear the raucous sounds of a working man's pub. 
1784345790.221 RX Obvious exits: north, south
1784345790.221 PART [HP=56/MA=66]:
1784345791.402 TX n
1784345791.405 RX n
1784345792.264 RX Guild Street, Northern End
1784345792.266 RX     This is a cobblestoned street. It is dimly lit by guttering lanterns hung
1784345792.266 RX from tall posts, and continues to the north and south. Directly to the east you
1784345792.266 RX can see a pub, and judgeing from its appearance it caters to the working class.
1784345792.266 RX Its door stands open, and you can hear loud bellows of laughter coming from
1784345792.266 RX within. The scent of ale is strong here. Off to the north, you can see the
1784345792.266 RX broad face of the city wall. 
1784345792.266 RX You notice pewter tankard here.
1784345792.266 RX Also here: big drunken brawler.
1784345792.266 RX Obvious exits: north, south, east
1784345793.003 TX n
1784345793.005 RX [HP=56/MA=66]:n
1784345793.294 RX Intersection of Guild St. & River St.
1784345793.296 RX     This is a cobblestoned street. It is dimly lit by guttering lanterns hung
1784345793.296 RX from tall posts. The city wall is to the north, towering over twenty feet above
1784345793.296 RX you. River street is fairly quiet, but is well-used as it intersects many main
1784345793.296 RX streets. It continues to the east and west. The broad expanse of Guild street
1784345793.296 RX goes off to the south here, heading towards, and ending in, the town square.
1784345793.296 RX You can make out the entrance to a low wooden building off to the south. 
1784345793.296 RX Obvious exits: south, east, west
1784345793.296 PART [HP=56/MA=66]:
1784345794.603 TX w
1784345794.608 RX w
1784345795.357 RX River Street
1784345795.360 RX     This is a cobblestoned street. It is dimly lit by guttering lanterns hung
1784345795.360 RX from tall posts. The city wall is to the north, towering over twenty feet above
1784345795.360 RX you. River street is fairly quiet, but is well-used as it intersects many main
1784345795.360 RX streets. It continues to the east and west. You can see a junction off to the
1784345795.360 RX east. 
1784345795.362 RX Also here: fat guardsman.
1784345795.362 RX Obvious exits: east, west
1784345796.211 TX w
1784345796.227 RX [HP=56/MA=66]:w
1784345796.389 RX Intersection of River St. & Mystic Alley
1784345796.389 RX     This is a cobblestoned street. It is dimly lit by guttering lanterns hung
1784345796.389 RX from tall posts. The city wall is to the north, towering over twenty feet above
1784345796.389 RX you. River street is fairly quiet, but is well-used as it intersects many main
1784345796.389 RX streets. It continues to the east and west. An ornate metal sign is attached to
1784345796.389 RX one of the lamp-posts, reading "Magic Shoppe" in a thin, spidery script. 
1784345796.389 RX Obvious exits: south, east, west
1784345796.389 PART [HP=56/MA=66]:
1784345797.811 TX w
1784345797.813 RX w
1784345798.423 RX River Street
1784345798.425 RX     This is a cobblestoned street. It is dimly lit by guttering lanterns hung
1784345798.425 RX from tall posts. The city wall is to the north, towering over twenty feet above
1784345798.425 RX you. River street is fairly quiet, but is well-used as it intersects many main
1784345798.425 RX streets. It continues to the east and west. 
1784345798.425 RX Obvious exits: east, west
1784345799.411 TX w
1784345799.413 RX [HP=56/MA=66]:w
1784345799.435 RX River Street
1784345799.438 RX     This is a cobblestoned street. It is dimly lit by guttering lanterns hung
1784345799.438 RX from tall posts. To the north is the city wall, and to the south there is a
1784345799.438 RX tall, rickety house, whose door is set with a tarnished brass knocker. There
1784345799.438 RX seems to be no-one home, as there are no light lit. River street continues to
1784345799.438 RX the east and west. 
1784345799.438 RX Obvious exits: east, west
1784345799.438 PART [HP=56/MA=66]:
1784345801.011 TX w
1784345801.016 RX w
1784345801.480 RX River Street
1784345801.483 RX     This is a cobblestoned street. It is dimly lit by guttering lanterns hung
1784345801.483 RX from tall posts. To the north you can see the entrance to the Wharf district,
1784345801.483 RX which leads to the city's docks. To the south is a small alleyway. River street
1784345801.483 RX continues to the east and west. 
1784345801.483 RX Obvious exits: north, south, east, west
1784345801.483 PART [HP=56/MA=66]:
1784345802.611 TX n
1784345802.617 RX n
1784345803.524 RX Docks
1784345803.526 RX     This is a cobblestoned street. It is dimly lit by guttering lanterns hung
1784345803.526 RX from tall posts. To the west you can see Wharf street, and to the east there is
1784345803.526 RX a small, run-down shack. From the look of it, it looks to be a caretaker's
1784345803.526 RX house of some sort. River street runs parallel to Wharf street to the south.
1784345803.526 RX Off to the north, a rickety boat launch juts out into the fast-flowing waters
1784345803.526 RX of the Silver river. 
1784345803.526 RX Obvious exits: north, south, east, west
1784345804.214 TX n
1784345804.219 RX [HP=56/MA=66]:n
1784345804.551 RX Pier
1784345804.553 RX     This is a small, haphazardly constructed wooden pier, supported by rotting
1784345804.553 RX pillars over the swift waters of the river. Tied to the far end are a
1784345804.553 RX half-dozen skiffs of varying size. A seedy-looking man sits on the edge of the
1784345804.553 RX launch, his feet dangling dangerously close to the water's surface. 
1784345804.558 RX Also here: boatman.
1784345804.561 RX Obvious exits: north, south
1784345804.561 PART [HP=56/MA=66]:
1784345805.814 TX look
1784345805.819 RX look
1784345805.819 RX Pier
1784345805.819 RX     This is a small, haphazardly constructed wooden pier, supported by rotting
1784345805.819 RX pillars over the swift waters of the river. Tied to the far end are a
1784345805.819 RX half-dozen skiffs of varying size. A seedy-looking man sits on the edge of the
1784345805.819 RX launch, his feet dangling dangerously close to the water's surface. 
1784345805.819 RX Also here: boatman.
1784345805.819 RX Obvious exits: north, south
1784345805.819 PART [HP=56/MA=66]:
1784345818.609 TX n
1784345818.612 RX n
1784345818.914 RX Pier, Boat Launch
1784345818.914 RX     This is a small, haphazardly constructed wooden pier, supported by rotting
1784345818.914 RX pillars over the swift waters of the river. Tied to the end are a half-dozen
1784345818.914 RX skiffs of varying size. To the north, the Silver river's glittering length runs
1784345818.914 RX perilously fast. 
1784345818.917 RX Obvious exits: north, south
1784345818.917 PART [HP=56/MA=66]:
1784345820.609 TX c blur
1784345820.615 RX c blur
1784345820.615 RX You attempt to cast blur, but fail.
1784345820.619 PART [HP=56/MA=66]:[HP=56/MA=64]:
1784345832.442 TX c blur
1784345832.475 RX c blur
1784345832.482 RX You cast blur on Zinvar!
1784345832.482 RX [HP=56/MA=60]:You are blurred!
1784345832.487 PART [HP=56/MA=60]:
1784345839.442 PART [HP=56/MA=63]:
1784345843.591 TX n
1784345843.600 RX n
1784345844.576 RX The Silver River, Silvermere Docks
1784345844.576 RX     The rapid currents of the river make it perilous to travel, even in a
1784345844.576 RX suitable vessel, as it is filled with strange water-dwellers. The shimmering
1784345844.576 RX silvery surface of the water gives the river its namesake. To the north, you
1784345844.576 RX can see the gravelly beach of a large island poking out of the middle of the
1784345844.576 RX river, and to the south, the seldom-used port of Silvermere. The river flows
1784345844.576 RX quickly downstream to the west, and upstream to the east. 
1784345844.576 RX Also here: nasty silverfish.
1784345844.576 RX Obvious exits: north, south, east, west
1784345844.891 TX n
1784345844.897 RX [HP=56/MA=63]:n
1784345845.599 RX Island, Beach Landing
1784345845.599 RX     This is a gravelly beach bordering a small, sheltered lagoon. Off across
1784345845.599 RX the raging river, you can see the port-side of the city of Silvermere. The
1784345845.599 RX beach continues off to the east and west, curving around the sheer rock face
1784345845.599 RX which towers above you. 
1784345845.601 RX Obvious exits: south, east, west
1784345846.191 TX look
1784345846.204 RX [HP=56/MA=63]:look
1784345846.204 RX Island, Beach Landing
1784345846.204 RX     This is a gravelly beach bordering a small, sheltered lagoon. Off across
1784345846.204 RX the raging river, you can see the port-side of the city of Silvermere. The
1784345846.204 RX beach continues off to the east and west, curving around the sheer rock face
1784345846.204 RX which towers above you. 
1784345846.204 RX Obvious exits: south, east, west
1784345846.204 PART [HP=56/MA=63]:
1784345855.186 TX e
1784345855.200 RX e
1784345855.805 RX Gravelly Beach
1784345855.807 RX     This is a gravelly beach, curving around the sheer rock face to the north.
1784345855.807 RX Bits of shell and bone litter the beach, and if there is any plant life, you
1784345855.807 RX certainly cannot find it. In fact, there is a noticeable lack of life signs
1784345855.807 RX throughout this whole area, and you get the feeling that even the animals that
1784345855.807 RX may have inhabited this island have abandoned it. The beach continues to the
1784345855.807 RX northeast, and a small lagoon is to the west. 
1784345855.807 RX Obvious exits: west, northeast
1784345856.786 TX ne
1784345856.798 RX [HP=56/MA=63]:ne
1784345856.812 RX Gravelly Beach
1784345856.814 RX     This is a gravelly beach, curving around the sheer rock face to the north.
1784345856.814 RX Bits of shell and bone litter the beach, and if there is any plant life, you
1784345856.814 RX certainly cannot find it. In fact, there is a noticeable lack of life signs
1784345856.814 RX throughout this whole area, and you get the feeling that even the animals that
1784345856.814 RX may have inhabited this island have abandoned it. The beach continues to the
1784345856.814 RX northeast and southwest. 
1784345856.814 RX Obvious exits: northeast, southwest
1784345856.814 PART [HP=56/MA=63]:
1784345858.387 TX ne
1784345858.396 RX ne
1784345858.858 RX Beach's End
1784345858.861 RX     This is a gravelly beach, curving around the sheer rock face to the north.
1784345858.861 RX Bits of shell and bone litter the beach, and if there is any plant life, you
1784345858.861 RX certainly cannot find it. In fact, there is a noticeable lack of life signs
1784345858.861 RX throughout this whole area, and you get the feeling that even the animals that
1784345858.861 RX may have inhabited this island have abandoned it. The rock face cuts off the
1784345858.861 RX beach here, but you spy a small path leading through a large crack. 
1784345858.861 RX Obvious exits: southwest
1784345858.861 PART [HP=56/MA=63]:
1784345859.987 TX go crack
1784345860.014 RX go crack
1784345860.023 RX You walk into the wide crack, and follow a path through the rock.
1784345860.026 RX Stony Crack
1784345860.026 RX     This is a black stone crack in the cliff face, about three feet wide and at
1784345860.026 RX least twenty feet tall. The floor is littered with rubble and broken stone. 
1784345860.026 RX Obvious exits: north, south
1784345860.026 RX The room is dimly lit
1784345860.026 PART [HP=56/MA=63]:[HP=56/MA=63]:
1784345870.115 PART [HP=56/MA=66]:
1784345873.912 TX n
1784345873.923 RX n
1784345874.219 RX Grassy Cove
1784345874.222 RX     This small hollow in the rock is carpeted with a soft, wavy-bladed blue
1784345874.222 RX grass. The sheer walls of the cliff rise up imperiously about you, and you
1784345874.222 RX realize that you are walking in an open-roofed fissure splitting some immense
1784345874.222 RX stone. The fissure winds its way off to the north, and to the south a large
1784345874.222 RX crack can be seen in the rock face. A small hole, partially concealed by the
1784345874.222 RX shape of the rock, is bored into the base of the wall to the east. 
1784345874.222 RX Obvious exits: north
1784345874.222 PART [HP=56/MA=66]:
1784345875.712 TX n
1784345875.719 RX n
1784345876.275 RX Grassy Cove
1784345876.278 RX     This small hollow in the rock is carpeted with a soft, wavy-bladed blue
1784345876.278 RX grass. The sheer walls of the cliff rise up imperiously about you, and you
1784345876.278 RX realize that you are walking in an open-roofed fissure splitting some immense
1784345876.278 RX stone. The fissure winds its way off to the south and northwest. 
1784345876.278 RX Obvious exits: south, northwest
1784345876.278 PART [HP=56/MA=66]:
1784345877.512 TX nw
1784345877.522 RX nw
1784345878.295 RX Grassy Cove, Cave Entrance
1784345878.297 RX     This small hollow in the rock is carpeted with a soft, wavy-bladed blue
1784345878.297 RX grass. The sheer walls of the cliff rise up imperiously about you, and you
1784345878.297 RX realize that you are walking in an open-roofed fissure splitting some immense
1784345878.297 RX stone. To the north, a massive cave mouth yawns forebodingly at you, its black
1784345878.297 RX depths barely illuminated from the light above. The path through the grass
1784345878.297 RX leading inside appears to have not been used in some while. The fissure
1784345878.297 RX continues to the southeast. 
1784345878.297 RX Obvious exits: north, southeast
1784345878.297 PART [HP=56/MA=66]:
1784345879.313 TX n
1784345879.326 RX n
1784345880.353 RX Limestone Tunnel, Cave Mouth
1784345880.355 RX     This smooth-walled tunnel is cut directly into the stone here, its even
1784345880.355 RX surface obviously the work of something other than nature's gentle hand. The
1784345880.355 RX tunnel is perfectly round, with the bottom quarter of the tube cut off to make
1784345880.355 RX a flat and level floor. To the north, it slopes down into the darkness at a
1784345880.355 RX steep angle, and you can exit into the sunlight through a large opening to the
1784345880.355 RX south. 
1784345880.355 RX Obvious exits: north, south
1784345880.355 RX The room is dimly lit
1784345881.113 TX look
1784345881.125 RX [HP=56/MA=66]:look
1784345881.128 RX Limestone Tunnel, Cave Mouth
1784345881.131 RX     This smooth-walled tunnel is cut directly into the stone here, its even
1784345881.131 RX surface obviously the work of something other than nature's gentle hand. The
1784345881.131 RX tunnel is perfectly round, with the bottom quarter of the tube cut off to make
1784345881.131 RX a flat and level floor. To the north, it slopes down into the darkness at a
1784345881.131 RX steep angle, and you can exit into the sunlight through a large opening to the
1784345881.131 RX south. 
1784345881.131 RX Obvious exits: north, south
1784345881.131 RX The room is dimly lit
1784345881.131 PART [HP=56/MA=66]:
1784345925.634 TX look
1784345925.652 RX look
1784345925.655 RX Limestone Tunnel, Cave Mouth
1784345925.655 RX     This smooth-walled tunnel is cut directly into the stone here, its even
1784345925.655 RX surface obviously the work of something other than nature's gentle hand. The
1784345925.655 RX tunnel is perfectly round, with the bottom quarter of the tube cut off to make
1784345925.655 RX a flat and level floor. To the north, it slopes down into the darkness at a
1784345925.655 RX steep angle, and you can exit into the sunlight through a large opening to the
1784345925.655 RX south. 
1784345925.655 RX Obvious exits: north, south
1784345925.655 RX The room is dimly lit
1784345926.436 RX [HP=56/MA=66]:You hear movement to the north.
1784345926.436 PART [HP=56/MA=66]:
1784345941.775 RX A minotaur stomps in from the north.
1784345941.779 RX [HP=56/MA=66]:The minotaur cleaves you for 23 damage!
1784345941.779 PART [HP=33/MA=66]:
1784345946.893 RX The minotaur cleaves you for 14 damage!
1784345946.893 PART [HP=19/MA=66]:
1784345952.051 RX The minotaur cleaves you for 10 damage!
1784345952.051 PART [HP=9/MA=66]:
1784345957.183 RX The minotaur cleaves you for 24 damage!
1784345957.186 RX [HP=-15/MA=66]:Zinvar drops to the ground!
1784345957.186 PART [HP=-15/MA=66]:
1784345962.312 RX The minotaur cleaves you for 21 damage!
1784345962.315 PART [HP=-36/MA=66]:[HP=-37/MA=66]:
1784345967.441 RX The minotaur cleaves you for 6 damage!
1784345967.441 PART [HP=-43/MA=66]:
1784345972.570 RX The minotaur cleaves you for 26 damage!
1784345972.570 PART [HP=-69/MA=66]:
1784345977.675 RX The minotaur guts you with his horns for 30 damage!
1784345977.675 PART [HP=-99/MA=66]:
1784345979.448 TX look
1784345979.451 RX look
1784345979.454 RX Limestone Tunnel, Cave Mouth
1784345979.454 RX     This smooth-walled tunnel is cut directly into the stone here, its even
1784345979.454 RX surface obviously the work of something other than nature's gentle hand. The
1784345979.454 RX tunnel is perfectly round, with the bottom quarter of the tube cut off to make
1784345979.454 RX a flat and level floor. To the north, it slopes down into the darkness at a
1784345979.454 RX steep angle, and you can exit into the sunlight through a large opening to the
1784345979.454 RX south. 
1784345979.454 RX Also here: minotaur.
1784345979.454 RX Obvious exits: north, south
1784345979.454 RX The room is dimly lit
1784345979.454 PART [HP=-99/MA=66]:
1784345982.804 RX The minotaur cleaves you for 25 damage!
1784345982.804 PART [HP=-124/MA=66]:
1784345987.934 RX The minotaur cleaves you for 8 damage!
1784345987.934 PART [HP=-132/MA=66]:
1784345993.065 RX The minotaur cleaves you for 16 damage!
1784345993.068 PART [HP=-148/MA=66]:[HP=-149/MA=66]:
1784345998.194 RX The minotaur guts you with his horns for 19 damage!
1784345998.194 PART [HP=-168/MA=66]:
1784346003.324 RX The minotaur guts you with his horns for 18 damage!
1784346003.324 PART [HP=-186/MA=66]:
1784346008.430 RX The minotaur cleaves you for 7 damage!
1784346008.430 PART [HP=-193/MA=66]:
1784346013.539 RX The minotaur guts you with his horns for 32 damage!
1784346013.542 RX [HP=-225/MA=66]:You have been killed!
1784346013.542 RX The effects of blur wear off.
1784346013.542 RX [HP=-225/MA=66]:Your light ball has returned to its rightful place.
1784346013.545 RX Your light ball has returned to its rightful place.
1784346013.545 RX But, due to a miracle, you have been saved.
1784346013.545 RX You have 8 lives left.
1784346013.545 PART [HP=56/MA=66]:
1784346015.724 TX 
1784346015.727 RX 
1784346015.727 RX Temple, Halls of the Dead
1784346015.727 RX Obvious exits: up
1784346015.727 PART [HP=56/MA=66]:
1784346027.156 TX st
1784346027.174 RX st
1784346027.177 RX Name: Zinvar Duskmere                  Lives/CP:      8/190  
1784346027.177 RX Race: Human       Exp: 115000          Perception:     40
1784346027.177 RX Class: Mage       Level: 10            Stealth:         0
1784346027.177 RX Hits:    56/56    Armour Class:   0/0  Thievery:        0
1784346027.177 RX Mana:    66/66    Spellcasting: 61     Traps:           0
1784346027.177 RX                                        Picklocks:       0
1784346027.177 RX Strength:  40     Agility: 40          Tracking:        0
1784346027.177 RX Intellect: 40     Health:  40          Martial Arts:   15
1784346027.177 RX Willpower: 40     Charm:   40          MagicRes:       40
1784346027.177 PART [HP=56/MA=66]:
1784346029.156 TX i
1784346029.162 RX i
1784346029.165 RX You are carrying Nothing!
1784346029.165 RX You have no keys.
1784346029.165 RX Wealth: 0 copper farthings
1784346029.165 RX Encumbrance: 0/1920 - None [0%]
1784346029.165 PART [HP=56/MA=66]:
1784346031.156 TX exp
1784346031.172 RX exp
1784346031.176 RX Exp: 115000 Level: 10 Exp needed for next level: 61692 (176692) [65%]
1784346031.176 PART [HP=56/MA=66]:
1784346071.546 TX x
1784346071.553 RX x
1784346071.557 RX You will exit after a period of silent meditation.
1784346072.859 PART .......
1784346075.944 PART .........
1784346077.017 RX 
1784346077.017 RX Your character has been saved. If you have any comments or suggestions, please
1784346077.017 RX leave them in E-mail to Sysop. Thanks.
1784346077.017 RX 
1784346077.017 PART [MAJORMUD]: 
1784346097.049 !! driver quit
1784346194.718 !! driver connected raw=/home/daniel/bbs/re/oracle/oracle_mcast_zinvar.raw
1784346194.756 RX ╔══════════════════════════════════════════════════════════╗
1784346194.756 RX ║█████████████████▄███████▄███████▄████████████████████████║
1784346194.756 RX ║██████████████▀▀██████▀▀██████▀▀▀▀███▀▀▀▀█████████████████║
1784346194.756 RX ║██████████████████▀███████▀███████████████████████████████║
1784346194.756 RX ║███▀███▀██████▀▀██████▀▀███▀▀▀▀██████▀▀▀████▀███▀█████████║
1784346194.756 RX ║████▀▀▀███████████▀███████▀██████████████████▀▀▀████▀████▀║
1784346194.756 RX ║▀▀▀█████▀▀▀▀▀▀▀▀▀▀█▀▀▀▀▀▀▀█▀▀▀▀▀▀▀▀▀▀▀▀▀▀▀▀▀█████▀▀▀█▀▀▀▀▀║
1784346194.756 RX ║██████████████╘═╡ The MajorBBS Emulator ╞═╛███████████████║
1784346194.756 RX ║████████████████│ By: MBBSEmu Community │█████████████████║
1784346194.756 RX ║                │https://www.mbbsemu.com│                 ║
1784346194.756 RX ╚══════════════════════════════════════════════════════════╝
1784346194.758 RX  
1784346194.758 RX Enter Username or enter "NEW" to create a new Account
1784346195.732 PART Username:  ²
1784346197.702 TX Vexil
1784346197.706 RX Vexil
1784346197.707 PART Password: 
1784346200.203 TX test123
1784346200.203 RX *******
1784346200.276 RX 
1784346200.276 RX Fantasy awaits you in MajorMUD v1.11p-WG!
1784346200.276 RX 
1784346200.277 RX 
1784346200.277 RX Please select one of the following:
1784346200.277 RX 
1784346200.277 RX    A ... MajorMUD
1784346200.277 RX 
1784346200.277 RX Main Menu
1784346200.277 PART Make your selection (X to exit): 
1784346202.706 TX A
1784346202.706 RX A
1784346202.716 RX 
1784346202.716 RX  M A J O R  M U D v1.11p-WG (Dec 30 2005 14:20:05)
1784346202.716 RX {Realm Of Legends}
1784346202.716 RX *ANSI RECOMMENDED*
1784346202.716 RX 
1784346202.716 RX [E] . Enter the Realm
1784346202.716 RX [H] . Help
1784346202.716 RX [A] . About the Game
1784346202.716 RX [C] . Game Counts
1784346202.716 RX [T] . Topten Adventurers
1784346202.716 RX [G] . Topten Gangs
1784346202.716 RX [W] . Who's in the Realm
1784346202.716 RX [R] . Release Notes
1784346202.716 RX [I] . Information
1784346202.716 RX [X] . Exit Game
1784346202.716 RX 
1784346202.716 PART [MAJORMUD]: 
1784346205.204 TX E
1784346205.207 RX E
1784346205.215 RX 
1784346205.215 RX MajorMUD - ROL
1784346205.215 RX 
1784346205.215 RX =-=-=-=-=-=-=-=-=-=-=-=-=-=-=-=-=-=-=-=-=-=-=-=-=-=-=-=-=-=-=-=-=-=-=-=-=-=-=
1784346205.215 RX 
1784346205.222 RX Temple, Halls of the Dead
1784346205.222 RX     This somber stone chamber is barely illuminated by the many torches lining
1784346205.222 RX its walls, and it seems to stretch on forever. Many marble slabs lay in neatly
1784346205.222 RX ordered rows about the room, some of them bearing sheet-shrouded forms upon
1784346205.222 RX them. White clad priests solemnly stride throughout the hall, making
1784346205.222 RX preparations for burial of the dead. The only sound is the faint shuffling of
1784346205.222 RX the priests, and the occasional closing of a door. A stone staircase set in the
1784346205.222 RX east wall leads up. 
1784346205.223 RX Obvious exits: up
1784346205.223 PART [HP=56/MA=66]:
1784346217.416 TX i
1784346217.447 RX i
1784346217.448 RX You are carrying 2000 gold crowns
1784346217.448 RX You have no keys.
1784346217.448 RX Wealth: 200000 copper farthings
1784346217.448 RX Encumbrance: 666/1920 - Medium [34%]
1784346217.448 PART [HP=56/MA=66]:
1784346219.416 TX u
1784346219.417 RX u
1784346219.659 RX Temple Healer
1784346219.660 RX     The hall's lofty roof is supported by graceful soaring archways, and the
1784346219.660 RX walls are crafted of white marble run through with silver streaks. There is a
1784346219.660 RX priest waiting here to heal the wounded. She smiles kindly at you as you enter.
1784346219.660 RX A small bowl of silver nobles stands on the table she sits behind, and you can
1784346219.660 RX see it is nearly full. A stone stairwell descends into the catacombs of the
1784346219.660 RX temple at the rear of this room, and you can exit into the main hall to the
1784346219.660 RX south. 
1784346219.660 RX You notice small sign here.
1784346219.660 RX Also here: wounded messenger, healer.
1784346219.660 RX Obvious exits: south, down
1784346219.660 PART [HP=56/MA=66]:
1784346248.087 TX s
1784346248.097 RX s
1784346249.017 RX Temple Hall
1784346249.017 RX     The hall's lofty roof is supported by graceful soaring archways, and the
1784346249.017 RX walls are crafted of white marble run through with silver streaks. Bright lamps
1784346249.017 RX line the walls, illuminating every dark corner here. A wide passageway to the
1784346249.017 RX east leads to the Temple's foyer, and from there out onto the street. To the
1784346249.017 RX south, you can see the Priest spell shop, and to the north, the Temple's
1784346249.017 RX Healer. The large hall continues to the west, at the end of which is the
1784346249.017 RX chapel. 
1784346249.017 RX Obvious exits: north, south, east, west
1784346249.687 TX e
1784346249.688 RX [HP=56/MA=66]:e
1784346250.182 RX Temple Foyer
1784346250.182 RX     The hall's lofty roof is supported by graceful soaring archways, and the
1784346250.182 RX walls are crafted of white marble run through with silver streaks. Bright lamps
1784346250.182 RX line the walls, illuminating every dark corner here. Racks and shelves line the
1784346250.182 RX walls, for people to leave dirty cloaks or clothing. To the east are the
1784346250.182 RX Temple's ornate doors, propped open even in these uncertain times, and to the
1784346250.182 RX west, a wide passageway leads towards the inner parts of the Temple. 
1784346250.183 RX Obvious exits: east, west
1784346250.183 PART [HP=56/MA=66]:
1784346251.287 TX e
1784346251.288 RX e
1784346252.561 RX Intersection of Temple St. & Stone St.
1784346252.564 RX     The magnificent Temple of Silvermere stands tall and proud to your west. It
1784346252.564 RX white silver-streaked marble walls are a testament to its magnificent
1784346252.564 RX construction, as does the fact that it has remained seemingly undamaged for the
1784346252.564 RX past hundred years. This is where weary folk go to have their wounds healed,
1784346252.564 RX and where holy folk receive their divine training. The Temple's large wrought
1784346252.564 RX doors are open to the public at all hours. Stone street crosses to the north
1784346252.564 RX and south here. 
1784346252.564 RX Also here: nasty elite guardsman.
1784346252.564 RX Obvious exits: north, south, east, west
1784346252.887 TX n
1784346252.888 RX [HP=56/MA=66]:n
1784346253.650 RX Stone Street
1784346253.650 RX     This is a cobblestoned street. It is dimly lit by guttering lanterns hung
1784346253.650 RX from tall posts. It slightly grungy and shabby here, and you do not see many
1784346253.650 RX people around here. Sometimes you hear a noise coming from the shadows, but as
1784346253.650 RX you quickly turn your head, you see nothing. The street continues to the north,
1784346253.650 RX and off to the south, you can see an intersection. 
1784346253.650 RX Obvious exits: north, south
1784346254.487 TX n
1784346254.489 RX [HP=56/MA=66]:n
1784346256.087 TX n
1784346256.666 RX Stone Street
1784346256.667 RX     This is a cobblestoned street. It is dimly lit by guttering lanterns hung
1784346256.667 RX from tall posts. It slightly grungy and shabby here, and you do not see many
1784346256.667 RX people around here. Sometimes you hear a noise coming from the shadows, but as
1784346256.667 RX you quickly turn your head, you see nothing. The street continues to the north
1784346256.667 RX and south. 
1784346256.668 RX Obvious exits: north, south
1784346256.668 RX [HP=56/MA=66]:n
1784346257.687 TX n
1784346258.594 RX Stone Street
1784346258.594 RX     This is a cobblestoned street. It is dimly lit by guttering lanterns hung
1784346258.594 RX from tall posts. It slightly grungy and shabby here, and you do not see many
1784346258.594 RX people around here. Sometimes you hear a noise coming from the shadows, but as
1784346258.594 RX you quickly turn your head, you see nothing. The street continues to the north
1784346258.594 RX and south. A thin alleyway is to the west. 
1784346258.594 RX Obvious exits: north, south, west
1784346258.595 RX [HP=56/MA=66]:n
1784346259.288 TX n
1784346260.191 RX Stone Street
1784346260.191 RX     This is a cobblestoned street. It is dimly lit by guttering lanterns hung
1784346260.191 RX from tall posts. It slightly grungy and shabby here, and you do not see many
1784346260.191 RX people around here. Sometimes you hear a noise coming from the shadows, but as
1784346260.191 RX you quickly turn your head, you see nothing. The street continues to the north
1784346260.191 RX and south. 
1784346260.191 RX Obvious exits: north, south
1784346260.191 RX [HP=56/MA=66]:n
1784346260.888 TX n
1784346260.889 RX n
1784346261.760 RX Stone Street
1784346261.760 RX     This is a cobblestoned street. It is dimly lit by guttering lanterns hung
1784346261.760 RX from tall posts. It slightly grungy and shabby here, and you do not see many
1784346261.760 RX people around here. Sometimes you hear a noise coming from the shadows, but as
1784346261.760 RX you quickly turn your head, you see nothing. The street continues to the north
1784346261.760 RX and south. 
1784346261.760 RX Obvious exits: north, south
1784346261.760 RX [HP=56/MA=66]:n
1784346262.488 TX e
1784346262.488 RX e
1784346263.246 RX Intersection of Stone St. and Crown St.
1784346263.247 RX     This is a cobblestoned street. It is dimly lit by guttering lanterns hung
1784346263.247 RX from tall posts. It is relatively clean, and is quiet and fairly unpopulated.
1784346263.247 RX The buildings here are plain-looking and unornamented, but are well-made. Stone
1784346263.247 RX street's end is here, and continues to the south, with Crown street crossing it
1784346263.247 RX to the east and west. 
1784346263.247 RX You notice large sign here.
1784346263.247 RX Also here: big guardsman.
1784346263.247 RX Obvious exits: south, east, west
1784346263.247 RX [HP=56/MA=66]:e
1784346264.088 TX e
1784346264.089 RX e
1784346265.144 RX big guardsman just left to the south.
1784346265.688 TX e
1784346265.689 RX [HP=56/MA=66]:e
1784346266.768 RX Crown Street
1784346266.768 RX     This is a cobblestoned street. It is dimly lit by guttering lanterns hung
1784346266.768 RX from tall posts. It is relatively clean, and is quiet and fairly unpopulated.
1784346266.768 RX The buildings here are plain-looking and unornamented, but are well-made. The
1784346266.768 RX street continues to the east and west. 
1784346266.768 RX Obvious exits: closed door north, east, west
1784346266.768 RX [HP=56/MA=66]:e
1784346267.288 TX e
1784346268.609 RX Crown Street
1784346268.610 RX     This is a cobblestoned street. It is dimly lit by guttering lanterns hung
1784346268.610 RX from tall posts. It is relatively clean, and is quiet and fairly unpopulated.
1784346268.610 RX The buildings here are plain-looking and unornamented, but are well-made. The
1784346268.610 RX street continues to the east and west, and you can see the entrance to a dark,
1784346268.610 RX thin alleyway to the south. 
1784346268.610 RX Obvious exits: south, east, west
1784346268.610 RX [HP=56/MA=66]:e
1784346268.888 TX e
1784346270.381 RX Crown Street
1784346270.381 RX     This is a cobblestoned street. It is dimly lit by guttering lanterns hung
1784346270.381 RX from tall posts. It is relatively clean, and is quiet and fairly unpopulated.
1784346270.381 RX The buildings here are plain-looking and unornamented, but are well-made. The
1784346270.381 RX street continues to the east and west. 
1784346270.381 RX Obvious exits: east, west
1784346270.381 RX [HP=56/MA=66]:e
1784346272.311 RX Crown Street
1784346272.311 RX     This is a cobblestoned street. It is dimly lit by guttering lanterns hung
1784346272.311 RX from tall posts. It is relatively clean, and is quiet and fairly unpopulated.
1784346272.311 RX The buildings here are plain-looking and unornamented, but are well-made. The
1784346272.311 RX street continues to the east and west. 
1784346272.311 RX Obvious exits: closed door north, east, west
1784346272.311 RX [HP=56/MA=66]:e
1784346273.757 RX Intersection of Guild St. & Crown St.
1784346273.757 RX     This is a cobblestoned street. It is dimly lit by guttering lanterns hung
1784346273.757 RX from tall posts, and continues to the north and south. The street is fairly
1784346273.757 RX clean here, and looks well-kept. Buildings loom over you at the corners of the
1784346273.757 RX crossing streets. Crown street crosses to the east and west here. 
1784346273.757 RX Obvious exits: north, south, east, west
1784346273.757 PART [HP=56/MA=66]:
1784346277.971 TX n
1784346278.768 RX n
1784346279.572 TX n
1784346280.300 RX Guild Street
1784346280.300 RX     This is a cobblestoned street. It is dimly lit by guttering lanterns hung
1784346280.300 RX from tall posts. It is quiet here, and a pleasant breeze flows over you from
1784346280.300 RX the north. Buildings stand to your east and west, and Guild street continues to
1784346280.300 RX the north and south. 
1784346280.301 RX Obvious exits: north, south
1784346280.301 RX [HP=56/MA=66]:n
1784346281.173 TX n
1784346281.173 RX n
1784346281.819 RX Guild Street
1784346281.819 RX     This is a cobblestoned street. It is dimly lit by guttering lanterns hung
1784346281.819 RX from tall posts, and continues to the north and south. River street follows the
1784346281.819 RX city wall off to the north. It is very quiet here, but further north along the
1784346281.819 RX street you can hear the raucous sounds of a working man's pub. 
1784346281.819 RX Obvious exits: north, south
1784346281.819 RX [HP=56/MA=66]:n
1784346282.773 TX n
1784346282.774 RX n
1784346283.452 RX Guild Street, Northern End
1784346283.452 RX     This is a cobblestoned street. It is dimly lit by guttering lanterns hung
1784346283.452 RX from tall posts, and continues to the north and south. Directly to the east you
1784346283.452 RX can see a pub, and judgeing from its appearance it caters to the working class.
1784346283.452 RX Its door stands open, and you can hear loud bellows of laughter coming from
1784346283.452 RX within. The scent of ale is strong here. Off to the north, you can see the
1784346283.452 RX broad face of the city wall. 
1784346283.452 RX You notice pewter tankard here.
1784346283.452 RX Also here: drunken brawler.
1784346283.452 RX Obvious exits: north, south, east
1784346283.452 RX [HP=56/MA=66]:n
1784346284.373 TX w
1784346284.374 RX w
1784346285.973 TX w
1784346285.974 RX w
1784346286.742 RX Intersection of Guild St. & River St.
1784346286.742 RX     This is a cobblestoned street. It is dimly lit by guttering lanterns hung
1784346286.742 RX from tall posts. The city wall is to the north, towering over twenty feet above
1784346286.742 RX you. River street is fairly quiet, but is well-used as it intersects many main
1784346286.742 RX streets. It continues to the east and west. The broad expanse of Guild street
1784346286.742 RX goes off to the south here, heading towards, and ending in, the town square.
1784346286.742 RX You can make out the entrance to a low wooden building off to the south. 
1784346286.742 RX Also here: guardsman.
1784346286.742 RX Obvious exits: south, east, west
1784346286.742 RX [HP=56/MA=66]:w
1784346287.573 TX w
1784346288.885 RX River Street
1784346288.886 RX     This is a cobblestoned street. It is dimly lit by guttering lanterns hung
1784346288.886 RX from tall posts. The city wall is to the north, towering over twenty feet above
1784346288.886 RX you. River street is fairly quiet, but is well-used as it intersects many main
1784346288.886 RX streets. It continues to the east and west. You can see a junction off to the
1784346288.886 RX east. 
1784346288.886 RX Obvious exits: east, west
1784346288.886 RX [HP=56/MA=66]:w
1784346289.173 TX w
1784346290.716 RX Intersection of River St. & Mystic Alley
1784346290.717 RX     This is a cobblestoned street. It is dimly lit by guttering lanterns hung
1784346290.717 RX from tall posts. The city wall is to the north, towering over twenty feet above
1784346290.717 RX you. River street is fairly quiet, but is well-used as it intersects many main
1784346290.717 RX streets. It continues to the east and west. An ornate metal sign is attached to
1784346290.717 RX one of the lamp-posts, reading "Magic Shoppe" in a thin, spidery script. 
1784346290.717 RX Obvious exits: south, east, west
1784346290.717 RX [HP=56/MA=66]:w
1784346290.773 TX w
1784346291.081 RX You hear movement to the east.
1784346291.081 PART [HP=56/MA=66]:
1784346292.373 TX n
1784346292.407 RX River Street
1784346292.408 RX     This is a cobblestoned street. It is dimly lit by guttering lanterns hung
1784346292.408 RX from tall posts. The city wall is to the north, towering over twenty feet above
1784346292.408 RX you. River street is fairly quiet, but is well-used as it intersects many main
1784346292.408 RX streets. It continues to the east and west. 
1784346292.408 RX Obvious exits: east, west
1784346292.408 RX [HP=56/MA=66]:w
1784346293.836 RX River Street
1784346293.837 RX     This is a cobblestoned street. It is dimly lit by guttering lanterns hung
1784346293.837 RX from tall posts. To the north is the city wall, and to the south there is a
1784346293.837 RX tall, rickety house, whose door is set with a tarnished brass knocker. There
1784346293.837 RX seems to be no-one home, as there are no light lit. River street continues to
1784346293.837 RX the east and west. 
1784346293.837 RX Obvious exits: east, west
1784346293.837 RX [HP=56/MA=66]:w
1784346293.973 TX n
1784346295.573 TX n
1784346296.842 RX River Street
1784346296.843 RX     This is a cobblestoned street. It is dimly lit by guttering lanterns hung
1784346296.843 RX from tall posts. To the north you can see the entrance to the Wharf district,
1784346296.843 RX which leads to the city's docks. To the south is a small alleyway. River street
1784346296.843 RX continues to the east and west. 
1784346296.844 RX Obvious exits: north, south, east, west
1784346296.847 RX [HP=56/MA=66]:n
1784346297.174 TX look
1784346297.953 RX Docks
1784346297.953 RX     This is a cobblestoned street. It is dimly lit by guttering lanterns hung
1784346297.953 RX from tall posts. To the west you can see Wharf street, and to the east there is
1784346297.953 RX a small, run-down shack. From the look of it, it looks to be a caretaker's
1784346297.953 RX house of some sort. River street runs parallel to Wharf street to the south.
1784346297.953 RX Off to the north, a rickety boat launch juts out into the fast-flowing waters
1784346297.953 RX of the Silver river. 
1784346297.953 RX Obvious exits: north, south, east, west
1784346297.953 RX [HP=56/MA=66]:n
1784346299.513 RX Pier
1784346299.514 RX     This is a small, haphazardly constructed wooden pier, supported by rotting
1784346299.514 RX pillars over the swift waters of the river. Tied to the far end are a
1784346299.514 RX half-dozen skiffs of varying size. A seedy-looking man sits on the edge of the
1784346299.514 RX launch, his feet dangling dangerously close to the water's surface. 
1784346299.514 RX Also here: boatman.
1784346299.514 RX Obvious exits: north, south
1784346299.514 RX [HP=56/MA=66]:n
1784346300.979 RX Pier, Boat Launch
1784346300.980 RX     This is a small, haphazardly constructed wooden pier, supported by rotting
1784346300.980 RX pillars over the swift waters of the river. Tied to the end are a half-dozen
1784346300.980 RX skiffs of varying size. To the north, the Silver river's glittering length runs
1784346300.980 RX perilously fast. 
1784346300.980 RX Obvious exits: north, south
1784346300.980 RX [HP=56/MA=66]:look
1784346300.980 RX Pier, Boat Launch
1784346300.980 RX     This is a small, haphazardly constructed wooden pier, supported by rotting
1784346300.980 RX pillars over the swift waters of the river. Tied to the end are a half-dozen
1784346300.980 RX skiffs of varying size. To the north, the Silver river's glittering length runs
1784346300.980 RX perilously fast. 
1784346300.981 RX Obvious exits: north, south
1784346300.981 PART [HP=56/MA=66]:
1784346306.384 TX n
1784346306.386 RX n
1784346307.782 RX The Silver River, Silvermere Docks
1784346307.783 RX     The rapid currents of the river make it perilous to travel, even in a
1784346307.783 RX suitable vessel, as it is filled with strange water-dwellers. The shimmering
1784346307.783 RX silvery surface of the water gives the river its namesake. To the north, you
1784346307.783 RX can see the gravelly beach of a large island poking out of the middle of the
1784346307.783 RX river, and to the south, the seldom-used port of Silvermere. The river flows
1784346307.783 RX quickly downstream to the west, and upstream to the east. 
1784346307.783 RX Obvious exits: north, south, east, west
1784346308.384 TX c blur
1784346308.387 RX [HP=56/MA=66]:c blur
1784346308.390 RX You attempt to cast blur, but fail.
1784346308.392 PART [HP=56/MA=66]:[HP=56/MA=64]:
1784346310.057 RX The river bashes you up against some rocks!
1784346310.384 TX look
1784346310.387 RX look
1784346310.387 RX The Silver River, Silvermere Docks
1784346310.387 RX     The rapid currents of the river make it perilous to travel, even in a
1784346310.387 RX suitable vessel, as it is filled with strange water-dwellers. The shimmering
1784346310.387 RX silvery surface of the water gives the river its namesake. To the north, you
1784346310.387 RX can see the gravelly beach of a large island poking out of the middle of the
1784346310.387 RX river, and to the south, the seldom-used port of Silvermere. The river flows
1784346310.387 RX quickly downstream to the west, and upstream to the east. 
1784346310.388 RX Obvious exits: north, south, east, west
1784346310.388 PART [HP=42/MA=64]:
1784346319.180 RX The river bashes you up against some rocks!
1784346322.961 TX s
1784346322.968 RX s
1784346323.444 RX Pier, Boat Launch
1784346323.444 RX     This is a small, haphazardly constructed wooden pier, supported by rotting
1784346323.444 RX pillars over the swift waters of the river. Tied to the end are a half-dozen
1784346323.444 RX skiffs of varying size. To the north, the Silver river's glittering length runs
1784346323.444 RX perilously fast. 
1784346323.444 RX Obvious exits: north, south
1784346323.444 PART [HP=25/MA=64]:
1784346342.880 PART [HP=26/MA=66]:
1784346347.443 TX s
1784346347.444 RX s
1784346348.611 RX Pier
1784346348.612 RX     This is a small, haphazardly constructed wooden pier, supported by rotting
1784346348.612 RX pillars over the swift waters of the river. Tied to the far end are a
1784346348.612 RX half-dozen skiffs of varying size. A seedy-looking man sits on the edge of the
1784346348.612 RX launch, his feet dangling dangerously close to the water's surface. 
1784346348.640 RX Also here: boatman.
1784346348.641 RX Obvious exits: north, south
1784346348.942 TX s
1784346348.944 RX [HP=26/MA=66]:s
1784346350.143 RX Docks
1784346350.144 RX     This is a cobblestoned street. It is dimly lit by guttering lanterns hung
1784346350.144 RX from tall posts. To the west you can see Wharf street, and to the east there is
1784346350.144 RX a small, run-down shack. From the look of it, it looks to be a caretaker's
1784346350.144 RX house of some sort. River street runs parallel to Wharf street to the south.
1784346350.144 RX Off to the north, a rickety boat launch juts out into the fast-flowing waters
1784346350.144 RX of the Silver river. 
1784346350.144 RX Obvious exits: north, south, east, west
1784346350.442 TX s
1784346350.443 RX [HP=26/MA=66]:s
1784346351.942 TX e
1784346353.050 RX River Street
1784346353.051 RX     This is a cobblestoned street. It is dimly lit by guttering lanterns hung
1784346353.051 RX from tall posts. To the north you can see the entrance to the Wharf district,
1784346353.051 RX which leads to the city's docks. To the south is a small alleyway. River street
1784346353.051 RX continues to the east and west. 
1784346353.051 RX Obvious exits: north, south, east, west
1784346353.051 RX [HP=26/MA=66]:e
1784346353.442 TX e
1784346353.443 RX e
1784346354.942 TX e
1784346355.088 RX River Street
1784346355.089 RX     This is a cobblestoned street. It is dimly lit by guttering lanterns hung
1784346355.089 RX from tall posts. To the north is the city wall, and to the south there is a
1784346355.089 RX tall, rickety house, whose door is set with a tarnished brass knocker. There
1784346355.089 RX seems to be no-one home, as there are no light lit. River street continues to
1784346355.089 RX the east and west. 
1784346355.089 RX Obvious exits: east, west
1784346355.089 RX [HP=26/MA=66]:e
1784346355.093 RX e
1784346356.443 TX e
1784346356.477 RX River Street
1784346356.477 RX     This is a cobblestoned street. It is dimly lit by guttering lanterns hung
1784346356.477 RX from tall posts. The city wall is to the north, towering over twenty feet above
1784346356.477 RX you. River street is fairly quiet, but is well-used as it intersects many main
1784346356.477 RX streets. It continues to the east and west. 
1784346356.477 RX Obvious exits: east, west
1784346356.477 RX [HP=26/MA=66]:e
1784346356.480 RX e
1784346357.943 TX e
1784346357.946 RX Intersection of River St. & Mystic Alley
1784346357.948 RX     This is a cobblestoned street. It is dimly lit by guttering lanterns hung
1784346357.948 RX from tall posts. The city wall is to the north, towering over twenty feet above
1784346357.948 RX you. River street is fairly quiet, but is well-used as it intersects many main
1784346357.948 RX streets. It continues to the east and west. An ornate metal sign is attached to
1784346357.948 RX one of the lamp-posts, reading "Magic Shoppe" in a thin, spidery script. 
1784346357.948 RX Obvious exits: south, east, west
1784346357.948 RX [HP=26/MA=66]:e
1784346357.948 RX e
1784346359.444 TX s
1784346359.563 RX River Street
1784346359.564 RX     This is a cobblestoned street. It is dimly lit by guttering lanterns hung
1784346359.564 RX from tall posts. The city wall is to the north, towering over twenty feet above
1784346359.564 RX you. River street is fairly quiet, but is well-used as it intersects many main
1784346359.564 RX streets. It continues to the east and west. You can see a junction off to the
1784346359.564 RX east. 
1784346359.564 RX Also here: guardsman.
1784346359.564 RX Obvious exits: east, west
1784346359.564 RX [HP=26/MA=66]:e
1784346359.565 RX s
1784346360.943 TX s
1784346361.067 RX s
1784346362.452 TX s
1784346362.551 RX Intersection of Guild St. & River St.
1784346362.551 RX     This is a cobblestoned street. It is dimly lit by guttering lanterns hung
1784346362.551 RX from tall posts. The city wall is to the north, towering over twenty feet above
1784346362.551 RX you. River street is fairly quiet, but is well-used as it intersects many main
1784346362.551 RX streets. It continues to the east and west. The broad expanse of Guild street
1784346362.551 RX goes off to the south here, heading towards, and ending in, the town square.
1784346362.551 RX You can make out the entrance to a low wooden building off to the south. 
1784346362.551 RX Obvious exits: south, east, west
1784346362.551 RX [HP=26/MA=66]:s
1784346363.951 TX s
1784346364.122 RX Guild Street, Northern End
1784346364.122 RX     This is a cobblestoned street. It is dimly lit by guttering lanterns hung
1784346364.122 RX from tall posts, and continues to the north and south. Directly to the east you
1784346364.122 RX can see a pub, and judgeing from its appearance it caters to the working class.
1784346364.122 RX Its door stands open, and you can hear loud bellows of laughter coming from
1784346364.122 RX within. The scent of ale is strong here. Off to the north, you can see the
1784346364.122 RX broad face of the city wall. 
1784346364.144 RX You notice pewter tankard here.
1784346364.174 RX Also here: drunken brawler.
1784346364.174 RX Obvious exits: north, south, east
1784346364.174 RX [HP=26/MA=66]:s
1784346365.361 RX Guild Street
1784346365.361 RX     This is a cobblestoned street. It is dimly lit by guttering lanterns hung
1784346365.361 RX from tall posts, and continues to the north and south. River street follows the
1784346365.361 RX city wall off to the north. It is very quiet here, but further north along the
1784346365.361 RX street you can hear the raucous sounds of a working man's pub. 
1784346365.361 RX Obvious exits: north, south
1784346365.361 RX [HP=26/MA=66]:s
1784346365.454 TX s
1784346366.957 TX s
1784346367.655 RX Guild Street
1784346367.656 RX     This is a cobblestoned street. It is dimly lit by guttering lanterns hung
1784346367.656 RX from tall posts. It is quiet here, and a pleasant breeze flows over you from
1784346367.656 RX the north. Buildings stand to your east and west, and Guild street continues to
1784346367.656 RX the north and south. 
1784346367.656 RX Obvious exits: north, south
1784346367.656 RX [HP=26/MA=66]:s
1784346368.451 TX s
1784346368.961 RX Intersection of Guild St. & Crown St.
1784346368.962 RX     This is a cobblestoned street. It is dimly lit by guttering lanterns hung
1784346368.962 RX from tall posts, and continues to the north and south. The street is fairly
1784346368.962 RX clean here, and looks well-kept. Buildings loom over you at the corners of the
1784346368.962 RX crossing streets. Crown street crosses to the east and west here. 
1784346368.962 RX Obvious exits: north, south, east, west
1784346368.962 RX [HP=26/MA=66]:s
1784346369.951 TX s
1784346371.451 TX s
1784346372.152 RX Guild Street
1784346372.153 RX     This is a cobblestoned street. It is dimly lit by guttering lanterns hung
1784346372.153 RX from tall posts, and continues to the north and south. Off to the south, you
1784346372.153 RX can see the Adventurer's Guild rising up over the tops of of the surrounding
1784346372.153 RX buildings. To the west, a strange ramshackle booth stands, a wooden sign posted
1784346372.153 RX to its side reading "Trader Tull's Barter Booth", and to the east is the
1784346372.153 RX Silvermere Property Office. 
1784346372.153 RX Obvious exits: north, south, east, west
1784346372.153 RX [HP=26/MA=66]:s
1784346372.951 TX s
1784346373.722 RX Guild Street
1784346373.723 RX     This is a cobblestoned street. It is dimly lit by guttering lanterns hung
1784346373.723 RX from tall posts, and continues to the north and south. The bulk of the
1784346373.723 RX Adventurer's Guild lies to the south and east, its second story peeking up over
1784346373.723 RX the tops of the smaller buildings like a curious child. To the west, a squat
1784346373.723 RX stone building stands. It has a large stone door with the words "Thuluk's Axes"
1784346373.723 RX carved in it in an angular script. You can hear the harsh sound of clanging
1784346373.723 RX steel from inside. 
1784346373.723 RX Obvious exits: north, south, west
1784346373.723 RX [HP=26/MA=66]:s
1784346374.451 TX w
1784346375.473 RX Guild Street
1784346375.475 RX     This is a cobblestoned street. It is dimly lit by guttering lanterns hung
1784346375.475 RX from tall posts, and continues to the north and south. The Adventurer's guild
1784346375.475 RX rises like a stone sentry to the east, its doors wide open. You can hear the
1784346375.475 RX sounds of many people coming from within. To the west, a long, squat stone
1784346375.475 RX building stands, and a large sign with two crossed swords and the words
1784346375.475 RX 'Helfgrim's Blades' painted on it hangs over the door. 
1784346375.475 RX Obvious exits: north, south, east, west
1784346375.475 RX [HP=26/MA=66]:s
1784346375.951 TX w
1784346376.916 RX Guild Street
1784346376.917 RX     This is a cobblestoned street. It is dimly lit by guttering lanterns hung
1784346376.917 RX from tall posts, and continues to the north and south. There is a steady stream
1784346376.917 RX of people here, mostly heading north towards the Adventurer's Guild. The Guild
1784346376.917 RX is prospering in these rough times, as they train adventurers and support their
1784346376.917 RX ventures into the overrun slums. You can see the enormous building dominating
1784346376.917 RX the east side of the street. To the west a sign saying "Colin's Maces" hangs on
1784346376.917 RX a shop. 
1784346376.917 RX Also here: large townsman, black cat.
1784346376.917 RX Obvious exits: north, south, west
1784346376.917 RX [HP=26/MA=66]:s
1784346377.452 TX w
1784346378.574 RX Guild Street, Southern End
1784346378.575 RX     This is a cobblestoned street. It is dimly lit by guttering lanterns hung
1784346378.575 RX from tall posts, and continues to the north and south. The street here is well
1784346378.575 RX traveled, and you see quite a few people heading towards and away from the town
1784346378.575 RX square to the south. The reason for the heavy traffic is the Adventurer's
1784346378.575 RX Guild, far off to the north. The din from the town square is quite loud here.
1784346378.575 RX There are shops to the east and west. 
1784346378.575 RX Also here: filthy beggar, nasty townswoman.
1784346378.575 RX Obvious exits: north, south, east, west
1784346378.575 RX [HP=26/MA=66]:s
1784346378.952 TX w
1784346380.452 TX w
1784346381.750 RX Town Square
1784346381.752 RX     As can be seen from the masses of townsfolk gathered around the make- shift
1784346381.752 RX stalls and shops here, this is the centre of Silvermere. Despite the recent
1784346381.752 RX increase in highway ambushes, fresh vegetables and meats are still brought in
1784346381.752 RX by brave farmers, and these are on prominent display. You can see a great many
1784346381.752 RX trinkets for sale as well, such as intricate wooden puppets, to bolts of
1784346381.752 RX beautiful cloth. Streets lead off in all directions, and a manhole can be seen
1784346381.752 RX under some debris. 
1784346381.752 RX You notice small sign, large sign here.
1784346381.821 RX Also here: Templar, elite guardsman, fat guardsman.
1784346381.822 RX Obvious exits: north, south, east, west
1784346381.822 RX [HP=26/MA=66]:w
1784346381.952 TX w
1784346383.500 RX Temple Street, Eastern End
1784346383.502 RX     The crowd is quite dense here, as the town square is to the east,
1784346383.502 RX attracting people with its produce and items. A massive stone building is to
1784346383.502 RX the north, and you can hear the sound of ringing coming from within its open
1784346383.502 RX door. A sign with and anvil and the words "Skali's Armour" hangs over the door.
1784346383.502 RX To the south, the thick doors of the city bank stand wedged open. Guards stand
1784346383.502 RX at the entrance, with halberd and mail, ever vigilant. Temple street leads off
1784346383.502 RX to the west here. 
1784346383.502 RX Also here: small guardsman, fierce elite guardsman, big elite guardsman.
1784346383.502 RX Obvious exits: north, south, east, west
1784346383.502 RX [HP=26/MA=66]:w
1784346385.091 RX Temple Street
1784346385.091 RX     This is a cobblestoned street. It is dimly lit by guttering lanterns hung
1784346385.091 RX from tall posts. Streams of people wander about on their daily business here. A
1784346385.091 RX few white-robed figures mingle in the crowd. You have to push a little to make
1784346385.091 RX your way. Far off to the east, you can see the town square. Temple street
1784346385.091 RX continues to the east and west. 
1784346385.091 RX Obvious exits: east, west
1784346385.091 RX [HP=26/MA=66]:w
1784346386.538 RX Temple Street
1784346386.540 RX     This is a cobblestoned street. It is dimly lit by guttering lanterns hung
1784346386.540 RX from tall posts. There a quite a few people here, many of them robed in white
1784346386.540 RX cowled robes. You cannot help but notice the huge, garishly-painted building to
1784346386.540 RX the south. An immense, painted sign glimmers and magically flashes the words
1784346386.540 RX "Lucky Strike Casino". Its large golden doors are closed, and a sign says "New
1784346386.540 RX Grand Reopening!" and under that a nicer sign says "Open by order of Silvermere
1784346386.540 RX Council" 
1784346386.540 RX Obvious exits: south, east, west
1784346386.540 RX [HP=26/MA=66]:w
1784346387.965 RX Temple Street
1784346387.965 RX     This is a cobblestoned street. It is dimly lit by guttering lanterns hung
1784346387.965 RX from tall posts, and continues to the east and west. Off to the west, you can
1784346387.965 RX see the shining shape of the Temple. Even from afar it seems to radiate peace
1784346387.965 RX and hope. To the north, a fresh stone wall has been built, blocking access to
1784346387.965 RX what once lay beyond, and Temple Street continues to the east and west. 
1784346387.966 RX Obvious exits: east, west
1784346387.966 RX [HP=26/MA=66]:w
1784346389.652 PART [HP=27/MA=66]:
1784346391.233 TX look
1784346391.309 RX Intersection of Temple St. & Stone St.
1784346391.311 RX     The magnificent Temple of Silvermere stands tall and proud to your west. It
1784346391.311 RX white silver-streaked marble walls are a testament to its magnificent
1784346391.311 RX construction, as does the fact that it has remained seemingly undamaged for the
1784346391.311 RX past hundred years. This is where weary folk go to have their wounds healed,
1784346391.311 RX and where holy folk receive their divine training. The Temple's large wrought
1784346391.311 RX doors are open to the public at all hours. Stone street crosses to the north
1784346391.311 RX and south here. 
1784346391.311 RX Obvious exits: north, south, east, west
1784346391.311 RX [HP=27/MA=66]:w
1784346391.312 RX look
1784346392.798 RX Temple Foyer
1784346392.799 RX     The hall's lofty roof is supported by graceful soaring archways, and the
1784346392.799 RX walls are crafted of white marble run through with silver streaks. Bright lamps
1784346392.799 RX line the walls, illuminating every dark corner here. Racks and shelves line the
1784346392.799 RX walls, for people to leave dirty cloaks or clothing. To the east are the
1784346392.799 RX Temple's ornate doors, propped open even in these uncertain times, and to the
1784346392.799 RX west, a wide passageway leads towards the inner parts of the Temple. 
1784346392.799 RX Obvious exits: east, west
1784346392.799 RX [HP=27/MA=66]:look
1784346392.799 RX Temple Foyer
1784346392.799 RX     The hall's lofty roof is supported by graceful soaring archways, and the
1784346392.799 RX walls are crafted of white marble run through with silver streaks. Bright lamps
1784346392.799 RX line the walls, illuminating every dark corner here. Racks and shelves line the
1784346392.799 RX walls, for people to leave dirty cloaks or clothing. To the east are the
1784346392.799 RX Temple's ornate doors, propped open even in these uncertain times, and to the
1784346392.799 RX west, a wide passageway leads towards the inner parts of the Temple. 
1784346392.799 RX Obvious exits: east, west
1784346393.034 TX w
1784346393.050 RX [HP=27/MA=66]:w
1784346394.333 RX Temple Hall
1784346394.335 RX     The hall's lofty roof is supported by graceful soaring archways, and the
1784346394.335 RX walls are crafted of white marble run through with silver streaks. Bright lamps
1784346394.335 RX line the walls, illuminating every dark corner here. A wide passageway to the
1784346394.335 RX east leads to the Temple's foyer, and from there out onto the street. To the
1784346394.335 RX south, you can see the Priest spell shop, and to the north, the Temple's
1784346394.335 RX Healer. The large hall continues to the west, at the end of which is the
1784346394.335 RX chapel. 
1784346394.335 RX Obvious exits: north, south, east, west
1784346394.833 TX w
1784346394.835 RX [HP=27/MA=66]:w
1784346395.885 RX Temple Hall
1784346395.887 RX     The hall's lofty roof is supported by graceful soaring archways, and the
1784346395.887 RX walls are crafted of white marble run through with silver streaks. Bright lamps
1784346395.887 RX line the walls, illuminating every dark corner here. The magnificent temple
1784346395.887 RX hall continues to the east here, and to the west there is a pair of large open
1784346395.887 RX doors, leading into the chapel. To the north and south the priestly halls of
1784346395.887 RX training await to guide holy adventurers on their way to divine communion. 
1784346395.887 RX Obvious exits: north, south, east, west
1784346396.633 TX w
1784346396.635 RX [HP=27/MA=66]:w
1784346397.977 RX Temple Chapel
1784346397.979 RX     The hall's lofty roof is supported by graceful soaring archways, and the
1784346397.979 RX walls are crafted of white marble run through with silver streaks. The floor is
1784346397.979 RX covered in a wine-red velvet carpet, and the walls with gleaming golden
1784346397.979 RX candelabras. There is an ornate altar on the west wall, and a large engraved
1784346397.979 RX bowl full of coins of all sorts stands nearby. A small shelf with holy items
1784346397.979 RX for sale stands off to the side of the entrance. 
1784346397.979 RX Also here: bishop.
1784346397.979 RX Obvious exits: east
1784346398.433 TX n
1784346398.435 RX [HP=27/MA=66]:n
1784346398.435 RX There is no exit in that direction!
1784346398.435 PART [HP=27/MA=66]:
1784346400.238 TX buy greater healing
1784346400.251 RX buy greater healing
1784346400.281 RX greater healing is not a known item.
1784346400.281 PART [HP=27/MA=66]:
1784346411.073 TX e
1784346411.448 RX e
1784346412.902 RX Temple Hall
1784346412.904 RX     The hall's lofty roof is supported by graceful soaring archways, and the
1784346412.904 RX walls are crafted of white marble run through with silver streaks. Bright lamps
1784346412.904 RX line the walls, illuminating every dark corner here. The magnificent temple
1784346412.904 RX hall continues to the east here, and to the west there is a pair of large open
1784346412.904 RX doors, leading into the chapel. To the north and south the priestly halls of
1784346412.904 RX training await to guide holy adventurers on their way to divine communion. 
1784346412.904 RX Obvious exits: north, south, east, west
1784346413.074 TX look
1784346413.076 RX [HP=27/MA=66]:look
1784346413.076 RX Temple Hall
1784346413.076 RX     The hall's lofty roof is supported by graceful soaring archways, and the
1784346413.076 RX walls are crafted of white marble run through with silver streaks. Bright lamps
1784346413.076 RX line the walls, illuminating every dark corner here. The magnificent temple
1784346413.076 RX hall continues to the east here, and to the west there is a pair of large open
1784346413.076 RX doors, leading into the chapel. To the north and south the priestly halls of
1784346413.076 RX training await to guide holy adventurers on their way to divine communion. 
1784346413.076 RX Obvious exits: north, south, east, west
1784346413.077 PART [HP=27/MA=66]:
1784346422.241 TX n
1784346422.243 RX n
1784346424.185 RX Clerical Training Room
1784346424.185 RX     The hall's lofty roof is supported by graceful soaring archways, and the
1784346424.185 RX walls are crafted of white marble run through with silver streaks. A mailed
1784346424.185 RX cleric stands here smiling, ready to train the righteous. He is responsible for
1784346424.185 RX both training initiates in the fighting arts and in the temple's doctrine, both
1784346424.185 RX of which he must be well versed in. To the south you can see the magnificent
1784346424.185 RX temple hall. 
1784346424.185 RX Obvious exits: south
1784346424.743 TX buy greater healing
1784346424.756 RX [HP=27/MA=66]:buy greater healing
1784346424.756 RX greater healing is not a known item.
1784346424.756 PART [HP=27/MA=66]:
1784346442.053 PART [HP=28/MA=66]:
1784346444.670 TX s
1784346445.203 RX s
1784346446.670 TX w
1784346447.148 RX Temple Hall
1784346447.148 RX     The hall's lofty roof is supported by graceful soaring archways, and the
1784346447.148 RX walls are crafted of white marble run through with silver streaks. Bright lamps
1784346447.148 RX line the walls, illuminating every dark corner here. The magnificent temple
1784346447.148 RX hall continues to the east here, and to the west there is a pair of large open
1784346447.148 RX doors, leading into the chapel. To the north and south the priestly halls of
1784346447.148 RX training await to guide holy adventurers on their way to divine communion. 
1784346447.150 RX Obvious exits: north, south, east, west
1784346447.150 RX [HP=28/MA=66]:w
1784346448.670 TX look
1784346448.915 RX Temple Chapel
1784346448.917 RX     The hall's lofty roof is supported by graceful soaring archways, and the
1784346448.917 RX walls are crafted of white marble run through with silver streaks. The floor is
1784346448.917 RX covered in a wine-red velvet carpet, and the walls with gleaming golden
1784346448.917 RX candelabras. There is an ornate altar on the west wall, and a large engraved
1784346448.917 RX bowl full of coins of all sorts stands nearby. A small shelf with holy items
1784346448.917 RX for sale stands off to the side of the entrance. 
1784346448.934 RX Also here: bishop.
1784346448.936 RX Obvious exits: east
1784346448.936 RX [HP=28/MA=66]:look
1784346448.936 RX Temple Chapel
1784346448.938 RX     The hall's lofty roof is supported by graceful soaring archways, and the
1784346448.938 RX walls are crafted of white marble run through with silver streaks. The floor is
1784346448.938 RX covered in a wine-red velvet carpet, and the walls with gleaming golden
1784346448.938 RX candelabras. There is an ornate altar on the west wall, and a large engraved
1784346448.938 RX bowl full of coins of all sorts stands nearby. A small shelf with holy items
1784346448.938 RX for sale stands off to the side of the entrance. 
1784346448.938 RX Also here: bishop.
1784346448.938 RX Obvious exits: east
1784346448.938 PART [HP=28/MA=66]:
1784346460.037 TX e
1784346460.039 RX e
1784346461.012 RX Temple Hall
1784346461.014 RX     The hall's lofty roof is supported by graceful soaring archways, and the
1784346461.014 RX walls are crafted of white marble run through with silver streaks. Bright lamps
1784346461.014 RX line the walls, illuminating every dark corner here. The magnificent temple
1784346461.014 RX hall continues to the east here, and to the west there is a pair of large open
1784346461.014 RX doors, leading into the chapel. To the north and south the priestly halls of
1784346461.014 RX training await to guide holy adventurers on their way to divine communion. 
1784346461.014 RX Obvious exits: north, south, east, west
1784346461.014 PART [HP=28/MA=66]:
1784346462.036 TX n
1784346462.152 RX n
1784346464.036 TX n
1784346464.084 RX Clerical Training Room
1784346464.086 RX     The hall's lofty roof is supported by graceful soaring archways, and the
1784346464.086 RX walls are crafted of white marble run through with silver streaks. A mailed
1784346464.086 RX cleric stands here smiling, ready to train the righteous. He is responsible for
1784346464.086 RX both training initiates in the fighting arts and in the temple's doctrine, both
1784346464.086 RX of which he must be well versed in. To the south you can see the magnificent
1784346464.086 RX temple hall. 
1784346464.086 RX Obvious exits: south
1784346464.086 RX [HP=28/MA=66]:n
1784346464.086 RX There is no exit in that direction!
1784346464.086 PART [HP=28/MA=66]:
1784346466.036 TX look
1784346466.111 RX look
1784346466.111 RX Clerical Training Room
1784346466.111 RX     The hall's lofty roof is supported by graceful soaring archways, and the
1784346466.111 RX walls are crafted of white marble run through with silver streaks. A mailed
1784346466.111 RX cleric stands here smiling, ready to train the righteous. He is responsible for
1784346466.111 RX both training initiates in the fighting arts and in the temple's doctrine, both
1784346466.111 RX of which he must be well versed in. To the south you can see the magnificent
1784346466.111 RX temple hall. 
1784346466.113 RX Obvious exits: south
1784346466.113 PART [HP=28/MA=66]:
1784346476.257 TX s
1784346476.290 RX s
1784346478.459 TX e
1784346478.548 RX Temple Hall
1784346478.550 RX     The hall's lofty roof is supported by graceful soaring archways, and the
1784346478.550 RX walls are crafted of white marble run through with silver streaks. Bright lamps
1784346478.550 RX line the walls, illuminating every dark corner here. The magnificent temple
1784346478.550 RX hall continues to the east here, and to the west there is a pair of large open
1784346478.550 RX doors, leading into the chapel. To the north and south the priestly halls of
1784346478.550 RX training await to guide holy adventurers on their way to divine communion. 
1784346478.550 RX Obvious exits: north, south, east, west
1784346478.550 RX [HP=28/MA=66]:e
1784346479.812 RX Temple Hall
1784346479.814 RX     The hall's lofty roof is supported by graceful soaring archways, and the
1784346479.814 RX walls are crafted of white marble run through with silver streaks. Bright lamps
1784346479.814 RX line the walls, illuminating every dark corner here. A wide passageway to the
1784346479.814 RX east leads to the Temple's foyer, and from there out onto the street. To the
1784346479.814 RX south, you can see the Priest spell shop, and to the north, the Temple's
1784346479.814 RX Healer. The large hall continues to the west, at the end of which is the
1784346479.814 RX chapel. 
1784346479.814 RX Obvious exits: north, south, east, west
1784346480.659 TX n
1784346480.660 RX [HP=28/MA=66]:n
1784346481.079 RX Temple Healer
1784346481.081 RX     The hall's lofty roof is supported by graceful soaring archways, and the
1784346481.081 RX walls are crafted of white marble run through with silver streaks. There is a
1784346481.081 RX priest waiting here to heal the wounded. She smiles kindly at you as you enter.
1784346481.081 RX A small bowl of silver nobles stands on the table she sits behind, and you can
1784346481.081 RX see it is nearly full. A stone stairwell descends into the catacombs of the
1784346481.081 RX temple at the rear of this room, and you can exit into the main hall to the
1784346481.081 RX south. 
1784346481.081 RX You notice small sign here.
1784346481.108 RX Also here: wounded messenger, healer.
1784346481.110 RX Obvious exits: south, down
1784346481.110 PART [HP=28/MA=66]:
1784346482.859 TX buy greater healing
1784346482.916 RX buy greater healing
1784346482.918 RX The healer casts greater healing on you!
1784346482.922 PART [HP=56/MA=66]:[HP=56/MA=66]:[HP=56/MA=66]:
1784346490.739 PART [HP=56/MA=66]:
1784346501.597 TX s
1784346501.602 RX s
1784346503.097 TX e
1784346503.590 RX Temple Hall
1784346503.592 RX     The hall's lofty roof is supported by graceful soaring archways, and the
1784346503.592 RX walls are crafted of white marble run through with silver streaks. Bright lamps
1784346503.592 RX line the walls, illuminating every dark corner here. A wide passageway to the
1784346503.592 RX east leads to the Temple's foyer, and from there out onto the street. To the
1784346503.592 RX south, you can see the Priest spell shop, and to the north, the Temple's
1784346503.592 RX Healer. The large hall continues to the west, at the end of which is the
1784346503.592 RX chapel. 
1784346503.592 RX Obvious exits: north, south, east, west
1784346503.592 RX [HP=56/MA=66]:e
1784346504.597 TX e
1784346504.900 RX Temple Foyer
1784346504.902 RX     The hall's lofty roof is supported by graceful soaring archways, and the
1784346504.902 RX walls are crafted of white marble run through with silver streaks. Bright lamps
1784346504.902 RX line the walls, illuminating every dark corner here. Racks and shelves line the
1784346504.902 RX walls, for people to leave dirty cloaks or clothing. To the east are the
1784346504.902 RX Temple's ornate doors, propped open even in these uncertain times, and to the
1784346504.902 RX west, a wide passageway leads towards the inner parts of the Temple. 
1784346504.902 RX Obvious exits: east, west
1784346504.902 RX [HP=56/MA=66]:e
1784346506.097 TX n
1784346507.597 TX n
1784346508.159 RX Intersection of Temple St. & Stone St.
1784346508.161 RX     The magnificent Temple of Silvermere stands tall and proud to your west. It
1784346508.161 RX white silver-streaked marble walls are a testament to its magnificent
1784346508.161 RX construction, as does the fact that it has remained seemingly undamaged for the
1784346508.161 RX past hundred years. This is where weary folk go to have their wounds healed,
1784346508.161 RX and where holy folk receive their divine training. The Temple's large wrought
1784346508.161 RX doors are open to the public at all hours. Stone street crosses to the north
1784346508.161 RX and south here. 
1784346508.161 RX Obvious exits: north, south, east, west
1784346508.161 RX [HP=56/MA=66]:n
1784346509.098 TX n
1784346510.322 RX Stone Street
1784346510.324 RX     This is a cobblestoned street. It is dimly lit by guttering lanterns hung
1784346510.324 RX from tall posts. It slightly grungy and shabby here, and you do not see many
1784346510.324 RX people around here. Sometimes you hear a noise coming from the shadows, but as
1784346510.324 RX you quickly turn your head, you see nothing. The street continues to the north,
1784346510.324 RX and off to the south, you can see an intersection. 
1784346510.324 RX Also here: nasty elite guardsman.
1784346510.324 RX Obvious exits: north, south
1784346510.324 RX [HP=56/MA=66]:n
1784346510.598 TX n
1784346511.827 RX Stone Street
1784346511.829 RX     This is a cobblestoned street. It is dimly lit by guttering lanterns hung
1784346511.829 RX from tall posts. It slightly grungy and shabby here, and you do not see many
1784346511.829 RX people around here. Sometimes you hear a noise coming from the shadows, but as
1784346511.829 RX you quickly turn your head, you see nothing. The street continues to the north
1784346511.829 RX and south. 
1784346511.829 RX Obvious exits: north, south
1784346511.829 RX [HP=56/MA=66]:n
1784346512.098 TX n
1784346513.598 TX n
1784346514.147 RX Stone Street
1784346514.147 RX     This is a cobblestoned street. It is dimly lit by guttering lanterns hung
1784346514.147 RX from tall posts. It slightly grungy and shabby here, and you do not see many
1784346514.147 RX people around here. Sometimes you hear a noise coming from the shadows, but as
1784346514.147 RX you quickly turn your head, you see nothing. The street continues to the north
1784346514.147 RX and south. A thin alleyway is to the west. 
1784346514.147 RX Obvious exits: north, south, west
1784346514.147 RX [HP=56/MA=66]:n
1784346515.101 TX e
1784346516.246 RX Stone Street
1784346516.246 RX     This is a cobblestoned street. It is dimly lit by guttering lanterns hung
1784346516.246 RX from tall posts. It slightly grungy and shabby here, and you do not see many
1784346516.246 RX people around here. Sometimes you hear a noise coming from the shadows, but as
1784346516.246 RX you quickly turn your head, you see nothing. The street continues to the north
1784346516.246 RX and south. 
1784346516.246 RX Obvious exits: north, south
1784346516.246 RX [HP=56/MA=66]:n
1784346516.607 TX e
1784346518.101 TX e
1784346519.481 RX Stone Street
1784346519.484 RX     This is a cobblestoned street. It is dimly lit by guttering lanterns hung
1784346519.484 RX from tall posts. It slightly grungy and shabby here, and you do not see many
1784346519.484 RX people around here. Sometimes you hear a noise coming from the shadows, but as
1784346519.484 RX you quickly turn your head, you see nothing. The street continues to the north
1784346519.484 RX and south. 
1784346519.484 RX Obvious exits: north, south
1784346519.484 RX [HP=56/MA=66]:n
1784346519.601 TX e
1784346521.101 TX e
1784346521.237 RX Intersection of Stone St. and Crown St.
1784346521.240 RX     This is a cobblestoned street. It is dimly lit by guttering lanterns hung
1784346521.240 RX from tall posts. It is relatively clean, and is quiet and fairly unpopulated.
1784346521.240 RX The buildings here are plain-looking and unornamented, but are well-made. Stone
1784346521.240 RX street's end is here, and continues to the south, with Crown street crossing it
1784346521.240 RX to the east and west. 
1784346521.240 RX You notice large sign here.
1784346521.240 RX Obvious exits: south, east, west
1784346521.240 RX [HP=56/MA=66]:e
1784346522.601 TX n
1784346523.679 RX Crown Street
1784346523.682 RX     This is a cobblestoned street. It is dimly lit by guttering lanterns hung
1784346523.682 RX from tall posts. It is relatively clean, and is quiet and fairly unpopulated.
1784346523.682 RX The buildings here are plain-looking and unornamented, but are well-made. The
1784346523.682 RX street continues to the east and west. 
1784346523.682 RX Obvious exits: closed door north, east, west
1784346523.682 RX [HP=56/MA=66]:e
1784346524.101 TX n
1784346525.376 RX Crown Street
1784346525.378 RX     This is a cobblestoned street. It is dimly lit by guttering lanterns hung
1784346525.378 RX from tall posts. It is relatively clean, and is quiet and fairly unpopulated.
1784346525.378 RX The buildings here are plain-looking and unornamented, but are well-made. The
1784346525.378 RX street continues to the east and west, and you can see the entrance to a dark,
1784346525.378 RX thin alleyway to the south. 
1784346525.378 RX Obvious exits: south, east, west
1784346525.378 RX [HP=56/MA=66]:e
1784346526.680 RX Crown Street
1784346526.680 RX     This is a cobblestoned street. It is dimly lit by guttering lanterns hung
1784346526.680 RX from tall posts. It is relatively clean, and is quiet and fairly unpopulated.
1784346526.680 RX The buildings here are plain-looking and unornamented, but are well-made. The
1784346526.680 RX street continues to the east and west. 
1784346526.683 RX Obvious exits: east, west
1784346526.683 RX [HP=56/MA=66]:e
1784346530.688 RX Crown Street
1784346530.690 RX     This is a cobblestoned street. It is dimly lit by guttering lanterns hung
1784346530.690 RX from tall posts. It is relatively clean, and is quiet and fairly unpopulated.
1784346530.690 RX The buildings here are plain-looking and unornamented, but are well-made. The
1784346530.690 RX street continues to the east and west. 
1784346530.690 RX Obvious exits: closed door north, east, west
1784346530.690 RX [HP=56/MA=66]:e
1784346532.236 RX Intersection of Guild St. & Crown St.
1784346532.236 RX     This is a cobblestoned street. It is dimly lit by guttering lanterns hung
1784346532.236 RX from tall posts, and continues to the north and south. The street is fairly
1784346532.236 RX clean here, and looks well-kept. Buildings loom over you at the corners of the
1784346532.236 RX crossing streets. Crown street crosses to the east and west here. 
1784346532.236 RX Obvious exits: north, south, east, west
1784346532.236 RX [HP=56/MA=66]:n
1784346533.645 TX n
1784346534.049 RX Guild Street
1784346534.049 RX     This is a cobblestoned street. It is dimly lit by guttering lanterns hung
1784346534.049 RX from tall posts. It is quiet here, and a pleasant breeze flows over you from
1784346534.049 RX the north. Buildings stand to your east and west, and Guild street continues to
1784346534.049 RX the north and south. 
1784346534.052 RX Obvious exits: north, south
1784346534.052 RX [HP=56/MA=66]:n
1784346534.052 RX n
1784346535.145 TX n
1784346536.342 RX Guild Street
1784346536.344 RX     This is a cobblestoned street. It is dimly lit by guttering lanterns hung
1784346536.344 RX from tall posts, and continues to the north and south. River street follows the
1784346536.344 RX city wall off to the north. It is very quiet here, but further north along the
1784346536.344 RX street you can hear the raucous sounds of a working man's pub. 
1784346536.344 RX Obvious exits: north, south
1784346536.344 RX [HP=56/MA=66]:n
1784346536.344 RX n
1784346536.645 TX w
1784346536.648 RX w
1784346537.838 RX Guild Street, Northern End
1784346537.841 RX     This is a cobblestoned street. It is dimly lit by guttering lanterns hung
1784346537.841 RX from tall posts, and continues to the north and south. Directly to the east you
1784346537.841 RX can see a pub, and judgeing from its appearance it caters to the working class.
1784346537.841 RX Its door stands open, and you can hear loud bellows of laughter coming from
1784346537.841 RX within. The scent of ale is strong here. Off to the north, you can see the
1784346537.841 RX broad face of the city wall. 
1784346537.841 RX You notice pewter tankard here.
1784346537.841 RX Also here: drunken brawler.
1784346537.841 RX Obvious exits: north, south, east
1784346537.841 RX [HP=56/MA=66]:n
1784346538.145 TX w
1784346539.643 RX A voice shouts aloud "Read the bulletin in the Adventurer's Guild!"
1784346539.646 TX w
1784346541.146 TX w
1784346541.256 RX Intersection of Guild St. & River St.
1784346541.258 RX     This is a cobblestoned street. It is dimly lit by guttering lanterns hung
1784346541.258 RX from tall posts. The city wall is to the north, towering over twenty feet above
1784346541.258 RX you. River street is fairly quiet, but is well-used as it intersects many main
1784346541.258 RX streets. It continues to the east and west. The broad expanse of Guild street
1784346541.258 RX goes off to the south here, heading towards, and ending in, the town square.
1784346541.258 RX You can make out the entrance to a low wooden building off to the south. 
1784346541.258 RX Also here: guardsman.
1784346541.258 RX Obvious exits: south, east, west
1784346541.258 RX [HP=56/MA=66]:w
1784346542.646 TX w
1784346542.867 RX River Street
1784346542.867 RX     This is a cobblestoned street. It is dimly lit by guttering lanterns hung
1784346542.867 RX from tall posts. The city wall is to the north, towering over twenty feet above
1784346542.867 RX you. River street is fairly quiet, but is well-used as it intersects many main
1784346542.867 RX streets. It continues to the east and west. You can see a junction off to the
1784346542.867 RX east. 
1784346542.870 RX Obvious exits: east, west
1784346542.870 RX [HP=56/MA=66]:w
1784346544.146 TX n
1784346545.031 RX Intersection of River St. & Mystic Alley
1784346545.031 RX     This is a cobblestoned street. It is dimly lit by guttering lanterns hung
1784346545.031 RX from tall posts. The city wall is to the north, towering over twenty feet above
1784346545.031 RX you. River street is fairly quiet, but is well-used as it intersects many main
1784346545.031 RX streets. It continues to the east and west. An ornate metal sign is attached to
1784346545.031 RX one of the lamp-posts, reading "Magic Shoppe" in a thin, spidery script. 
1784346545.034 RX Obvious exits: south, east, west
1784346545.034 RX [HP=56/MA=66]:w
1784346545.646 TX look
1784346546.702 RX River Street
1784346546.702 RX     This is a cobblestoned street. It is dimly lit by guttering lanterns hung
1784346546.702 RX from tall posts. The city wall is to the north, towering over twenty feet above
1784346546.702 RX you. River street is fairly quiet, but is well-used as it intersects many main
1784346546.702 RX streets. It continues to the east and west. 
1784346546.705 RX Obvious exits: east, west
1784346546.705 RX [HP=56/MA=66]:w
1784346548.164 RX River Street
1784346548.164 RX     This is a cobblestoned street. It is dimly lit by guttering lanterns hung
1784346548.164 RX from tall posts. To the north is the city wall, and to the south there is a
1784346548.164 RX tall, rickety house, whose door is set with a tarnished brass knocker. There
1784346548.164 RX seems to be no-one home, as there are no light lit. River street continues to
1784346548.164 RX the east and west. 
1784346548.166 RX Obvious exits: east, west
1784346548.166 RX [HP=56/MA=66]:w
1784346551.696 RX River Street
1784346551.696 RX     This is a cobblestoned street. It is dimly lit by guttering lanterns hung
1784346551.696 RX from tall posts. To the north you can see the entrance to the Wharf district,
1784346551.696 RX which leads to the city's docks. To the south is a small alleyway. River street
1784346551.696 RX continues to the east and west. 
1784346551.696 RX Obvious exits: north, south, east, west
1784346551.696 RX [HP=56/MA=66]:n
1784346554.079 RX Docks
1784346554.079 RX     This is a cobblestoned street. It is dimly lit by guttering lanterns hung
1784346554.079 RX from tall posts. To the west you can see Wharf street, and to the east there is
1784346554.079 RX a small, run-down shack. From the look of it, it looks to be a caretaker's
1784346554.079 RX house of some sort. River street runs parallel to Wharf street to the south.
1784346554.079 RX Off to the north, a rickety boat launch juts out into the fast-flowing waters
1784346554.079 RX of the Silver river. 
1784346554.081 RX Obvious exits: north, south, east, west
1784346554.081 RX [HP=56/MA=66]:look
1784346554.081 RX Docks
1784346554.081 RX     This is a cobblestoned street. It is dimly lit by guttering lanterns hung
1784346554.081 RX from tall posts. To the west you can see Wharf street, and to the east there is
1784346554.081 RX a small, run-down shack. From the look of it, it looks to be a caretaker's
1784346554.081 RX house of some sort. River street runs parallel to Wharf street to the south.
1784346554.081 RX Off to the north, a rickety boat launch juts out into the fast-flowing waters
1784346554.081 RX of the Silver river. 
1784346554.081 RX Obvious exits: north, south, east, west
1784346554.081 PART [HP=56/MA=66]:
1784346558.827 TX e
1784346558.829 RX e
1784346560.443 RX Boathouse
1784346560.445 RX     This small boathouse is shabbily-built, and is in a state of extreme
1784346560.445 RX disarray. You can see shelves and boxes of all types, filled with nets, ropes,
1784346560.445 RX hooks and many miscellaneous boating devices. In one corner you can see an
1784346560.445 RX unkempt bed, but the boatman who presumably lives here is nowhere to be seen.
1784346560.445 RX You can exit through the door to the west. 
1784346560.445 RX Obvious exits: west
1784346560.627 TX look
1784346560.630 RX [HP=56/MA=66]:look
1784346560.630 RX Boathouse
1784346560.630 RX     This small boathouse is shabbily-built, and is in a state of extreme
1784346560.630 RX disarray. You can see shelves and boxes of all types, filled with nets, ropes,
1784346560.630 RX hooks and many miscellaneous boating devices. In one corner you can see an
1784346560.630 RX unkempt bed, but the boatman who presumably lives here is nowhere to be seen.
1784346560.630 RX You can exit through the door to the west. 
1784346560.630 RX Obvious exits: west
1784346560.630 PART [HP=56/MA=66]:
1784346569.554 TX w
1784346570.320 RX w
1784346571.354 TX n
1784346571.862 RX Docks
1784346571.865 RX     This is a cobblestoned street. It is dimly lit by guttering lanterns hung
1784346571.865 RX from tall posts. To the west you can see Wharf street, and to the east there is
1784346571.865 RX a small, run-down shack. From the look of it, it looks to be a caretaker's
1784346571.865 RX house of some sort. River street runs parallel to Wharf street to the south.
1784346571.865 RX Off to the north, a rickety boat launch juts out into the fast-flowing waters
1784346571.865 RX of the Silver river. 
1784346571.865 RX Obvious exits: north, south, east, west
1784346571.865 RX [HP=56/MA=66]:n
1784346573.154 TX look
1784346574.195 RX Pier
1784346574.198 RX     This is a small, haphazardly constructed wooden pier, supported by rotting
1784346574.198 RX pillars over the swift waters of the river. Tied to the far end are a
1784346574.198 RX half-dozen skiffs of varying size. A seedy-looking man sits on the edge of the
1784346574.198 RX launch, his feet dangling dangerously close to the water's surface. 
1784346574.223 RX Also here: boatman.
1784346574.226 RX Obvious exits: north, south
1784346574.226 RX [HP=56/MA=66]:look
1784346574.226 RX Pier
1784346574.226 RX     This is a small, haphazardly constructed wooden pier, supported by rotting
1784346574.226 RX pillars over the swift waters of the river. Tied to the far end are a
1784346574.226 RX half-dozen skiffs of varying size. A seedy-looking man sits on the edge of the
1784346574.226 RX launch, his feet dangling dangerously close to the water's surface. 
1784346574.228 RX Also here: boatman.
1784346574.228 RX Obvious exits: north, south
1784346574.228 PART [HP=56/MA=66]:
1784346583.773 TX n
1784346583.958 RX n
1784346585.632 RX Pier, Boat Launch
1784346585.635 RX     This is a small, haphazardly constructed wooden pier, supported by rotting
1784346585.635 RX pillars over the swift waters of the river. Tied to the end are a half-dozen
1784346585.635 RX skiffs of varying size. To the north, the Silver river's glittering length runs
1784346585.635 RX perilously fast. 
1784346585.635 RX Obvious exits: north, south
1784346585.973 TX c blur
1784346585.976 RX [HP=56/MA=66]:c blur
1784346585.979 RX You attempt to cast blur, but fail.
1784346585.982 PART [HP=56/MA=66]:[HP=56/MA=64]:
1784346596.348 TX c blur
1784346597.402 RX c blur
1784346597.405 RX You cast blur on Zinvar!
1784346597.405 RX [HP=56/MA=60]:You are blurred!
1784346597.408 PART [HP=56/MA=60]:
1784346599.432 PART [HP=56/MA=63]:
1784346617.625 TX n
1784346617.632 RX n
1784346618.826 TX s
1784346619.864 RX The Silver River, Silvermere Docks
1784346619.864 RX     The rapid currents of the river make it perilous to travel, even in a
1784346619.864 RX suitable vessel, as it is filled with strange water-dwellers. The shimmering
1784346619.864 RX silvery surface of the water gives the river its namesake. To the north, you
1784346619.864 RX can see the gravelly beach of a large island poking out of the middle of the
1784346619.864 RX river, and to the south, the seldom-used port of Silvermere. The river flows
1784346619.864 RX quickly downstream to the west, and upstream to the east. 
1784346619.864 RX Obvious exits: north, south, east, west
1784346619.864 RX [HP=56/MA=63]:s
1784346622.137 RX Pier, Boat Launch
1784346622.137 RX     This is a small, haphazardly constructed wooden pier, supported by rotting
1784346622.137 RX pillars over the swift waters of the river. Tied to the end are a half-dozen
1784346622.137 RX skiffs of varying size. To the north, the Silver river's glittering length runs
1784346622.137 RX perilously fast. 
1784346622.137 RX Obvious exits: north, south
1784346622.137 PART [HP=56/MA=63]:
1784346629.580 TX n
1784346630.680 RX n
1784346630.780 TX s
1784346632.129 RX The Silver River, Silvermere Docks
1784346632.132 RX     The rapid currents of the river make it perilous to travel, even in a
1784346632.132 RX suitable vessel, as it is filled with strange water-dwellers. The shimmering
1784346632.132 RX silvery surface of the water gives the river its namesake. To the north, you
1784346632.132 RX can see the gravelly beach of a large island poking out of the middle of the
1784346632.132 RX river, and to the south, the seldom-used port of Silvermere. The river flows
1784346632.132 RX quickly downstream to the west, and upstream to the east. 
1784346632.132 RX Obvious exits: north, south, east, west
1784346632.132 RX [HP=56/MA=63]:s
1784346634.603 RX The river bashes you up against some rocks!
1784346634.629 RX Pier, Boat Launch
1784346634.632 RX     This is a small, haphazardly constructed wooden pier, supported by rotting
1784346634.632 RX pillars over the swift waters of the river. Tied to the end are a half-dozen
1784346634.632 RX skiffs of varying size. To the north, the Silver river's glittering length runs
1784346634.632 RX perilously fast. 
1784346634.632 RX Obvious exits: north, south
1784346634.632 PART [HP=36/MA=63]:
1784346641.498 TX n
1784346641.501 RX n
1784346642.567 RX The Silver River, Silvermere Docks
1784346642.570 RX     The rapid currents of the river make it perilous to travel, even in a
1784346642.570 RX suitable vessel, as it is filled with strange water-dwellers. The shimmering
1784346642.570 RX silvery surface of the water gives the river its namesake. To the north, you
1784346642.570 RX can see the gravelly beach of a large island poking out of the middle of the
1784346642.570 RX river, and to the south, the seldom-used port of Silvermere. The river flows
1784346642.570 RX quickly downstream to the west, and upstream to the east. 
1784346642.570 RX Obvious exits: north, south, east, west
1784346642.698 TX s
1784346642.701 RX [HP=36/MA=63]:s
1784346644.592 RX Pier, Boat Launch
1784346644.592 RX     This is a small, haphazardly constructed wooden pier, supported by rotting
1784346644.592 RX pillars over the swift waters of the river. Tied to the end are a half-dozen
1784346644.592 RX skiffs of varying size. To the north, the Silver river's glittering length runs
1784346644.592 RX perilously fast. 
1784346644.595 RX Obvious exits: north, south
1784346644.595 PART [HP=36/MA=63]:
1784346663.019 PART [HP=37/MA=66]:
1784346708.243 TX n
1784346708.254 RX n
1784346709.243 TX s
1784346709.858 RX The Silver River, Silvermere Docks
1784346709.861 RX     The rapid currents of the river make it perilous to travel, even in a
1784346709.861 RX suitable vessel, as it is filled with strange water-dwellers. The shimmering
1784346709.861 RX silvery surface of the water gives the river its namesake. To the north, you
1784346709.861 RX can see the gravelly beach of a large island poking out of the middle of the
1784346709.861 RX river, and to the south, the seldom-used port of Silvermere. The river flows
1784346709.861 RX quickly downstream to the west, and upstream to the east. 
1784346709.861 RX Obvious exits: north, south, east, west
1784346709.902 RX [HP=37/MA=66]:s
1784346711.698 RX Pier, Boat Launch
1784346711.700 RX     This is a small, haphazardly constructed wooden pier, supported by rotting
1784346711.700 RX pillars over the swift waters of the river. Tied to the end are a half-dozen
1784346711.700 RX skiffs of varying size. To the north, the Silver river's glittering length runs
1784346711.700 RX perilously fast. 
1784346711.700 RX Obvious exits: north, south
1784346711.700 PART [HP=37/MA=66]:
1784346720.181 PART [HP=38/MA=66]:
1784346726.760 TX n
1784346726.785 RX n
1784346727.760 TX s
1784346727.981 RX The Silver River, Silvermere Docks
1784346727.984 RX     The rapid currents of the river make it perilous to travel, even in a
1784346727.984 RX suitable vessel, as it is filled with strange water-dwellers. The shimmering
1784346727.984 RX silvery surface of the water gives the river its namesake. To the north, you
1784346727.984 RX can see the gravelly beach of a large island poking out of the middle of the
1784346727.984 RX river, and to the south, the seldom-used port of Silvermere. The river flows
1784346727.984 RX quickly downstream to the west, and upstream to the east. 
1784346727.984 RX Obvious exits: north, south, east, west
1784346727.984 RX [HP=38/MA=66]:s
1784346730.551 RX Pier, Boat Launch
1784346730.555 RX     This is a small, haphazardly constructed wooden pier, supported by rotting
1784346730.555 RX pillars over the swift waters of the river. Tied to the end are a half-dozen
1784346730.555 RX skiffs of varying size. To the north, the Silver river's glittering length runs
1784346730.555 RX perilously fast. 
1784346730.555 RX Obvious exits: north, south
1784346730.555 PART [HP=38/MA=66]:
1784346748.956 TX n
1784346748.960 RX n
1784346749.956 TX s
1784346750.593 RX The Silver River, Silvermere Docks
1784346750.595 RX     The rapid currents of the river make it perilous to travel, even in a
1784346750.595 RX suitable vessel, as it is filled with strange water-dwellers. The shimmering
1784346750.595 RX silvery surface of the water gives the river its namesake. To the north, you
1784346750.595 RX can see the gravelly beach of a large island poking out of the middle of the
1784346750.595 RX river, and to the south, the seldom-used port of Silvermere. The river flows
1784346750.595 RX quickly downstream to the west, and upstream to the east. 
1784346750.595 RX Obvious exits: north, south, east, west
1784346750.595 RX [HP=38/MA=66]:s
1784346754.283 RX The river bashes you up against some rocks!
1784346754.340 RX Pier, Boat Launch
1784346754.340 RX     This is a small, haphazardly constructed wooden pier, supported by rotting
1784346754.340 RX pillars over the swift waters of the river. Tied to the end are a half-dozen
1784346754.340 RX skiffs of varying size. To the north, the Silver river's glittering length runs
1784346754.340 RX perilously fast. 
1784346754.343 RX Obvious exits: north, south
1784346754.343 PART [HP=25/MA=66]:
1784346769.414 TX n
1784346769.418 RX n
1784346770.414 TX s
1784346770.426 RX The Silver River, Silvermere Docks
1784346770.429 RX     The rapid currents of the river make it perilous to travel, even in a
1784346770.429 RX suitable vessel, as it is filled with strange water-dwellers. The shimmering
1784346770.429 RX silvery surface of the water gives the river its namesake. To the north, you
1784346770.429 RX can see the gravelly beach of a large island poking out of the middle of the
1784346770.429 RX river, and to the south, the seldom-used port of Silvermere. The river flows
1784346770.429 RX quickly downstream to the west, and upstream to the east. 
1784346770.429 RX Obvious exits: north, south, east, west
1784346770.429 RX [HP=25/MA=66]:s
1784346771.414 TX look
1784346771.872 RX The river bashes you up against some rocks!
1784346771.896 RX Pier, Boat Launch
1784346771.899 RX     This is a small, haphazardly constructed wooden pier, supported by rotting
1784346771.899 RX pillars over the swift waters of the river. Tied to the end are a half-dozen
1784346771.899 RX skiffs of varying size. To the north, the Silver river's glittering length runs
1784346771.899 RX perilously fast. 
1784346771.899 RX Obvious exits: north, south
1784346771.899 RX [HP=15/MA=66]:
1784346771.899 RX Pier, Boat Launch
1784346771.899 RX     This is a small, haphazardly constructed wooden pier, supported by rotting
1784346771.899 RX pillars over the swift waters of the river. Tied to the end are a half-dozen
1784346771.899 RX skiffs of varying size. To the north, the Silver river's glittering length runs
1784346771.899 RX perilously fast. 
1784346771.899 RX Obvious exits: north, south
1784346771.899 PART [HP=15/MA=66]:
1784346783.471 PART [HP=16/MA=66]:
1784346810.923 RX You hear movement to the north.
1784346810.923 PART [HP=16/MA=66]:
1784346816.152 PART [HP=17/MA=66]:
1784346846.868 PART [HP=18/MA=66]:
1784346877.597 PART [HP=19/MA=66]:
1784346889.984 TX s
1784346890.018 RX s
1784346890.872 RX Pier
1784346890.875 RX     This is a small, haphazardly constructed wooden pier, supported by rotting
1784346890.875 RX pillars over the swift waters of the river. Tied to the far end are a
1784346890.875 RX half-dozen skiffs of varying size. A seedy-looking man sits on the edge of the
1784346890.875 RX launch, his feet dangling dangerously close to the water's surface. 
1784346890.875 RX Also here: boatman.
1784346890.875 RX Obvious exits: north, south
1784346891.476 TX s
1784346891.481 RX [HP=19/MA=66]:s
1784346891.895 RX Docks
1784346891.895 RX     This is a cobblestoned street. It is dimly lit by guttering lanterns hung
1784346891.895 RX from tall posts. To the west you can see Wharf street, and to the east there is
1784346891.895 RX a small, run-down shack. From the look of it, it looks to be a caretaker's
1784346891.895 RX house of some sort. River street runs parallel to Wharf street to the south.
1784346891.895 RX Off to the north, a rickety boat launch juts out into the fast-flowing waters
1784346891.895 RX of the Silver river. 
1784346891.898 RX Obvious exits: north, south, east, west
1784346891.898 PART [HP=19/MA=66]:
1784346892.977 TX s
1784346892.984 RX s
1784346893.948 RX River Street
1784346893.951 RX     This is a cobblestoned street. It is dimly lit by guttering lanterns hung
1784346893.951 RX from tall posts. To the north you can see the entrance to the Wharf district,
1784346893.951 RX which leads to the city's docks. To the south is a small alleyway. River street
1784346893.951 RX continues to the east and west. 
1784346893.951 RX Obvious exits: north, south, east, west
1784346894.477 TX e
1784346894.485 RX [HP=19/MA=66]:e
1784346894.975 RX River Street
1784346894.978 RX     This is a cobblestoned street. It is dimly lit by guttering lanterns hung
1784346894.978 RX from tall posts. To the north is the city wall, and to the south there is a
1784346894.978 RX tall, rickety house, whose door is set with a tarnished brass knocker. There
1784346894.978 RX seems to be no-one home, as there are no light lit. River street continues to
1784346894.978 RX the east and west. 
1784346894.978 RX Obvious exits: east, west
1784346895.977 TX e
1784346895.988 RX [HP=19/MA=66]:e
1784346897.001 RX River Street
1784346897.004 RX     This is a cobblestoned street. It is dimly lit by guttering lanterns hung
1784346897.004 RX from tall posts. The city wall is to the north, towering over twenty feet above
1784346897.004 RX you. River street is fairly quiet, but is well-used as it intersects many main
1784346897.004 RX streets. It continues to the east and west. 
1784346897.004 RX Obvious exits: east, west
1784346897.478 TX e
1784346897.482 RX [HP=19/MA=66]:e
1784346898.021 RX Intersection of River St. & Mystic Alley
1784346898.024 RX     This is a cobblestoned street. It is dimly lit by guttering lanterns hung
1784346898.024 RX from tall posts. The city wall is to the north, towering over twenty feet above
1784346898.024 RX you. River street is fairly quiet, but is well-used as it intersects many main
1784346898.024 RX streets. It continues to the east and west. An ornate metal sign is attached to
1784346898.024 RX one of the lamp-posts, reading "Magic Shoppe" in a thin, spidery script. 
1784346898.024 RX Obvious exits: south, east, west
1784346898.978 TX e
1784346898.983 RX [HP=19/MA=66]:e
1784346900.070 RX River Street
1784346900.073 RX     This is a cobblestoned street. It is dimly lit by guttering lanterns hung
1784346900.073 RX from tall posts. The city wall is to the north, towering over twenty feet above
1784346900.073 RX you. River street is fairly quiet, but is well-used as it intersects many main
1784346900.073 RX streets. It continues to the east and west. You can see a junction off to the
1784346900.073 RX east. 
1784346900.073 RX Obvious exits: east, west
1784346900.478 TX e
1784346900.481 RX [HP=19/MA=66]:e
1784346901.096 RX Intersection of Guild St. & River St.
1784346901.099 RX     This is a cobblestoned street. It is dimly lit by guttering lanterns hung
1784346901.099 RX from tall posts. The city wall is to the north, towering over twenty feet above
1784346901.099 RX you. River street is fairly quiet, but is well-used as it intersects many main
1784346901.099 RX streets. It continues to the east and west. The broad expanse of Guild street
1784346901.099 RX goes off to the south here, heading towards, and ending in, the town square.
1784346901.099 RX You can make out the entrance to a low wooden building off to the south. 
1784346901.099 RX Obvious exits: south, east, west
1784346901.978 TX s
1784346901.981 RX [HP=19/MA=66]:s
1784346902.118 RX Guild Street, Northern End
1784346902.121 RX     This is a cobblestoned street. It is dimly lit by guttering lanterns hung
1784346902.121 RX from tall posts, and continues to the north and south. Directly to the east you
1784346902.121 RX can see a pub, and judgeing from its appearance it caters to the working class.
1784346902.121 RX Its door stands open, and you can hear loud bellows of laughter coming from
1784346902.121 RX within. The scent of ale is strong here. Off to the north, you can see the
1784346902.121 RX broad face of the city wall. 
1784346902.121 RX You notice pewter tankard here.
1784346902.121 RX Also here: drunken brawler.
1784346902.121 RX Obvious exits: north, south, east
1784346902.121 PART [HP=19/MA=66]:
1784346903.478 TX s
1784346903.485 RX s
1784346904.181 RX Guild Street
1784346904.184 RX     This is a cobblestoned street. It is dimly lit by guttering lanterns hung
1784346904.184 RX from tall posts, and continues to the north and south. River street follows the
1784346904.184 RX city wall off to the north. It is very quiet here, but further north along the
1784346904.184 RX street you can hear the raucous sounds of a working man's pub. 
1784346904.184 RX Obvious exits: north, south
1784346904.978 TX s
1784346904.983 RX [HP=19/MA=66]:s
1784346905.199 RX The effects of blur wear off.
1784346905.215 RX [HP=19/MA=66]:Guild Street
1784346905.218 RX     This is a cobblestoned street. It is dimly lit by guttering lanterns hung
1784346905.218 RX from tall posts. It is quiet here, and a pleasant breeze flows over you from
1784346905.218 RX the north. Buildings stand to your east and west, and Guild street continues to
1784346905.218 RX the north and south. 
1784346905.218 RX Obvious exits: north, south
1784346905.218 PART [HP=19/MA=66]:
1784346906.478 TX s
1784346906.485 RX s
1784346907.255 RX Intersection of Guild St. & Crown St.
1784346907.255 RX     This is a cobblestoned street. It is dimly lit by guttering lanterns hung
1784346907.255 RX from tall posts, and continues to the north and south. The street is fairly
1784346907.255 RX clean here, and looks well-kept. Buildings loom over you at the corners of the
1784346907.255 RX crossing streets. Crown street crosses to the east and west here. 
1784346907.258 RX Obvious exits: north, south, east, west
1784346907.978 TX s
1784346907.985 RX [HP=19/MA=66]:s
1784346908.291 RX [HP=20/MA=66]:Guild Street
1784346908.295 RX     This is a cobblestoned street. It is dimly lit by guttering lanterns hung
1784346908.295 RX from tall posts, and continues to the north and south. Off to the south, you
1784346908.295 RX can see the Adventurer's Guild rising up over the tops of of the surrounding
1784346908.295 RX buildings. To the west, a strange ramshackle booth stands, a wooden sign posted
1784346908.295 RX to its side reading "Trader Tull's Barter Booth", and to the east is the
1784346908.295 RX Silvermere Property Office. 
1784346908.295 RX Obvious exits: north, south, east, west
1784346908.295 PART [HP=20/MA=66]:
1784346909.478 TX s
1784346909.484 RX s
1784346910.316 RX Guild Street
1784346910.329 RX     This is a cobblestoned street. It is dimly lit by guttering lanterns hung
1784346910.329 RX from tall posts, and continues to the north and south. The bulk of the
1784346910.329 RX Adventurer's Guild lies to the south and east, its second story peeking up over
1784346910.329 RX the tops of the smaller buildings like a curious child. To the west, a squat
1784346910.329 RX stone building stands. It has a large stone door with the words "Thuluk's Axes"
1784346910.329 RX carved in it in an angular script. You can hear the harsh sound of clanging
1784346910.329 RX steel from inside. 
1784346910.329 RX Obvious exits: north, south, west
1784346910.978 TX s
1784346910.983 RX [HP=20/MA=66]:s
1784346911.341 RX Guild Street
1784346911.344 RX     This is a cobblestoned street. It is dimly lit by guttering lanterns hung
1784346911.344 RX from tall posts, and continues to the north and south. The Adventurer's guild
1784346911.344 RX rises like a stone sentry to the east, its doors wide open. You can hear the
1784346911.344 RX sounds of many people coming from within. To the west, a long, squat stone
1784346911.344 RX building stands, and a large sign with two crossed swords and the words
1784346911.344 RX 'Helfgrim's Blades' painted on it hangs over the door. 
1784346911.344 RX Obvious exits: north, south, east, west
1784346911.344 PART [HP=20/MA=66]:
1784346912.479 TX s
1784346912.485 RX s
1784346913.389 RX Guild Street
1784346913.392 RX     This is a cobblestoned street. It is dimly lit by guttering lanterns hung
1784346913.392 RX from tall posts, and continues to the north and south. There is a steady stream
1784346913.392 RX of people here, mostly heading north towards the Adventurer's Guild. The Guild
1784346913.392 RX is prospering in these rough times, as they train adventurers and support their
1784346913.392 RX ventures into the overrun slums. You can see the enormous building dominating
1784346913.392 RX the east side of the street. To the west a sign saying "Colin's Maces" hangs on
1784346913.392 RX a shop. 
1784346913.392 RX Also here: large townsman, black cat.
1784346913.392 RX Obvious exits: north, south, west
1784346913.979 TX s
1784346913.988 RX [HP=20/MA=66]:s
1784346914.424 RX Guild Street, Southern End
1784346914.428 RX     This is a cobblestoned street. It is dimly lit by guttering lanterns hung
1784346914.428 RX from tall posts, and continues to the north and south. The street here is well
1784346914.428 RX traveled, and you see quite a few people heading towards and away from the town
1784346914.428 RX square to the south. The reason for the heavy traffic is the Adventurer's
1784346914.428 RX Guild, far off to the north. The din from the town square is quite loud here.
1784346914.428 RX There are shops to the east and west. 
1784346914.428 RX Also here: filthy beggar, nasty townswoman, small guardsman.
1784346914.428 RX Obvious exits: north, south, east, west
1784346914.428 PART [HP=20/MA=66]:
1784346915.479 TX s
1784346915.483 RX s
1784346916.493 RX Town Square
1784346916.493 RX     As can be seen from the masses of townsfolk gathered around the make- shift
1784346916.493 RX stalls and shops here, this is the centre of Silvermere. Despite the recent
1784346916.493 RX increase in highway ambushes, fresh vegetables and meats are still brought in
1784346916.493 RX by brave farmers, and these are on prominent display. You can see a great many
1784346916.493 RX trinkets for sale as well, such as intricate wooden puppets, to bolts of
1784346916.493 RX beautiful cloth. Streets lead off in all directions, and a manhole can be seen
1784346916.493 RX under some debris. 
1784346916.493 RX You notice small sign, large sign here.
1784346916.496 RX Also here: Templar, elite guardsman, fat guardsman.
1784346916.496 RX Obvious exits: north, south, east, west
1784346916.979 TX w
1784346917.009 RX [HP=20/MA=66]:w
1784346917.579 RX Temple Street, Eastern End
1784346917.582 RX     The crowd is quite dense here, as the town square is to the east,
1784346917.582 RX attracting people with its produce and items. A massive stone building is to
1784346917.582 RX the north, and you can hear the sound of ringing coming from within its open
1784346917.582 RX door. A sign with and anvil and the words "Skali's Armour" hangs over the door.
1784346917.582 RX To the south, the thick doors of the city bank stand wedged open. Guards stand
1784346917.582 RX at the entrance, with halberd and mail, ever vigilant. Temple street leads off
1784346917.582 RX to the west here. 
1784346917.582 RX Obvious exits: north, south, east, west
1784346918.479 TX w
1784346918.500 RX [HP=20/MA=66]:w
1784346918.626 RX Temple Street
1784346918.629 RX     This is a cobblestoned street. It is dimly lit by guttering lanterns hung
1784346918.629 RX from tall posts. Streams of people wander about on their daily business here. A
1784346918.629 RX few white-robed figures mingle in the crowd. You have to push a little to make
1784346918.629 RX your way. Far off to the east, you can see the town square. Temple street
1784346918.629 RX continues to the east and west. 
1784346918.629 RX Also here: fierce elite guardsman, big elite guardsman.
1784346918.629 RX Obvious exits: east, west
1784346918.629 PART [HP=20/MA=66]:
1784346919.979 TX w
1784346920.002 RX w
1784346920.731 RX Temple Street
1784346920.734 RX     This is a cobblestoned street. It is dimly lit by guttering lanterns hung
1784346920.734 RX from tall posts. There a quite a few people here, many of them robed in white
1784346920.734 RX cowled robes. You cannot help but notice the huge, garishly-painted building to
1784346920.734 RX the south. An immense, painted sign glimmers and magically flashes the words
1784346920.734 RX "Lucky Strike Casino". Its large golden doors are closed, and a sign says "New
1784346920.734 RX Grand Reopening!" and under that a nicer sign says "Open by order of Silvermere
1784346920.734 RX Council" 
1784346920.734 RX Obvious exits: south, east, west
1784346921.479 TX w
1784346921.522 RX [HP=20/MA=66]:w
1784346921.788 RX Temple Street
1784346921.788 RX     This is a cobblestoned street. It is dimly lit by guttering lanterns hung
1784346921.788 RX from tall posts, and continues to the east and west. Off to the west, you can
1784346921.788 RX see the shining shape of the Temple. Even from afar it seems to radiate peace
1784346921.788 RX and hope. To the north, a fresh stone wall has been built, blocking access to
1784346921.788 RX what once lay beyond, and Temple Street continues to the east and west. 
1784346921.791 RX Obvious exits: east, west
1784346921.791 PART [HP=20/MA=66]:
1784346922.979 TX w
1784346923.003 RX w
1784346923.883 RX Intersection of Temple St. & Stone St.
1784346923.886 RX     The magnificent Temple of Silvermere stands tall and proud to your west. It
1784346923.886 RX white silver-streaked marble walls are a testament to its magnificent
1784346923.886 RX construction, as does the fact that it has remained seemingly undamaged for the
1784346923.886 RX past hundred years. This is where weary folk go to have their wounds healed,
1784346923.886 RX and where holy folk receive their divine training. The Temple's large wrought
1784346923.886 RX doors are open to the public at all hours. Stone street crosses to the north
1784346923.886 RX and south here. 
1784346923.886 RX Obvious exits: north, south, east, west
1784346924.479 TX w
1784346924.514 RX [HP=20/MA=66]:w
1784346924.898 RX Temple Foyer
1784346924.901 RX     The hall's lofty roof is supported by graceful soaring archways, and the
1784346924.901 RX walls are crafted of white marble run through with silver streaks. Bright lamps
1784346924.901 RX line the walls, illuminating every dark corner here. Racks and shelves line the
1784346924.901 RX walls, for people to leave dirty cloaks or clothing. To the east are the
1784346924.901 RX Temple's ornate doors, propped open even in these uncertain times, and to the
1784346924.901 RX west, a wide passageway leads towards the inner parts of the Temple. 
1784346924.901 RX Obvious exits: east, west
1784346924.901 PART [HP=20/MA=66]:
1784346933.706 TX w
1784346933.737 RX w
1784346934.233 RX Temple Hall
1784346934.236 RX     The hall's lofty roof is supported by graceful soaring archways, and the
1784346934.236 RX walls are crafted of white marble run through with silver streaks. Bright lamps
1784346934.236 RX line the walls, illuminating every dark corner here. A wide passageway to the
1784346934.236 RX east leads to the Temple's foyer, and from there out onto the street. To the
1784346934.236 RX south, you can see the Priest spell shop, and to the north, the Temple's
1784346934.236 RX Healer. The large hall continues to the west, at the end of which is the
1784346934.236 RX chapel. 
1784346934.236 RX Obvious exits: north, south, east, west
1784346934.236 PART [HP=20/MA=66]:
1784346935.906 TX n
1784346935.909 RX n
1784346936.295 RX The angelic sound of a choir floats down through the air.
1784346936.336 RX Temple Healer
1784346936.340 RX     The hall's lofty roof is supported by graceful soaring archways, and the
1784346936.340 RX walls are crafted of white marble run through with silver streaks. There is a
1784346936.340 RX priest waiting here to heal the wounded. She smiles kindly at you as you enter.
1784346936.340 RX A small bowl of silver nobles stands on the table she sits behind, and you can
1784346936.340 RX see it is nearly full. A stone stairwell descends into the catacombs of the
1784346936.340 RX temple at the rear of this room, and you can exit into the main hall to the
1784346936.340 RX south. 
1784346936.340 RX You notice small sign here.
1784346936.340 RX Also here: wounded messenger, healer.
1784346936.340 RX Obvious exits: south, down
1784346936.340 PART [HP=20/MA=66]:
1784346938.106 TX buy greater healing
1784346938.490 RX buy greater healing
1784346938.511 RX The healer casts greater healing on you!
1784346939.422 PART [HP=35/MA=66]:[HP=35/MA=66]:[HP=35/MA=66]:[HP=36/MA=66]:
1784346943.635 PART [HP=36/MA=66]:
1784346949.471 TX buy greater healing
1784346949.487 RX buy greater healing
1784346949.487 RX The healer casts greater healing on you!
1784346949.491 PART [HP=52/MA=66]:[HP=52/MA=66]:[HP=52/MA=66]:
1784346952.472 TX buy greater healing
1784346952.535 RX buy greater healing
1784346953.928 RX buy greater healing
1784346953.931 RX The healer casts greater healing on you!
1784346953.935 PART [HP=56/MA=66]:[HP=56/MA=66]:[HP=56/MA=66]:
1784346959.060 PART [HP=56/MA=66]:
1784346968.540 TX s
1784346968.544 RX s
1784346969.322 RX Temple Hall
1784346969.325 RX     The hall's lofty roof is supported by graceful soaring archways, and the
1784346969.325 RX walls are crafted of white marble run through with silver streaks. Bright lamps
1784346969.325 RX line the walls, illuminating every dark corner here. A wide passageway to the
1784346969.325 RX east leads to the Temple's foyer, and from there out onto the street. To the
1784346969.325 RX south, you can see the Priest spell shop, and to the north, the Temple's
1784346969.325 RX Healer. The large hall continues to the west, at the end of which is the
1784346969.325 RX chapel. 
1784346969.325 RX Obvious exits: north, south, east, west
1784346970.040 TX e
1784346970.044 RX [HP=56/MA=66]:e
1784346970.348 RX Temple Foyer
1784346970.352 RX     The hall's lofty roof is supported by graceful soaring archways, and the
1784346970.352 RX walls are crafted of white marble run through with silver streaks. Bright lamps
1784346970.352 RX line the walls, illuminating every dark corner here. Racks and shelves line the
1784346970.352 RX walls, for people to leave dirty cloaks or clothing. To the east are the
1784346970.352 RX Temple's ornate doors, propped open even in these uncertain times, and to the
1784346970.352 RX west, a wide passageway leads towards the inner parts of the Temple. 
1784346970.352 RX Obvious exits: east, west
1784346970.352 PART [HP=56/MA=66]:
1784346971.541 TX e
1784346971.544 RX e
1784346972.399 RX Intersection of Temple St. & Stone St.
1784346972.403 RX     The magnificent Temple of Silvermere stands tall and proud to your west. It
1784346972.403 RX white silver-streaked marble walls are a testament to its magnificent
1784346972.403 RX construction, as does the fact that it has remained seemingly undamaged for the
1784346972.403 RX past hundred years. This is where weary folk go to have their wounds healed,
1784346972.403 RX and where holy folk receive their divine training. The Temple's large wrought
1784346972.403 RX doors are open to the public at all hours. Stone street crosses to the north
1784346972.403 RX and south here. 
1784346972.403 RX Obvious exits: north, south, east, west
1784346973.041 TX n
1784346973.044 RX [HP=56/MA=66]:n
1784346973.425 RX Stone Street
1784346973.425 RX     This is a cobblestoned street. It is dimly lit by guttering lanterns hung
1784346973.425 RX from tall posts. It slightly grungy and shabby here, and you do not see many
1784346973.425 RX people around here. Sometimes you hear a noise coming from the shadows, but as
1784346973.425 RX you quickly turn your head, you see nothing. The street continues to the north,
1784346973.425 RX and off to the south, you can see an intersection. 
1784346973.429 RX Also here: nasty elite guardsman.
1784346973.429 RX Obvious exits: north, south
1784346973.429 PART [HP=56/MA=66]:
1784346974.541 TX n
1784346974.546 RX n
1784346975.478 RX Stone Street
1784346975.482 RX     This is a cobblestoned street. It is dimly lit by guttering lanterns hung
1784346975.482 RX from tall posts. It slightly grungy and shabby here, and you do not see many
1784346975.482 RX people around here. Sometimes you hear a noise coming from the shadows, but as
1784346975.482 RX you quickly turn your head, you see nothing. The street continues to the north
1784346975.482 RX and south. 
1784346975.482 RX Obvious exits: north, south
1784346976.041 TX n
1784346976.047 RX [HP=56/MA=66]:n
1784346976.504 RX Stone Street
1784346976.507 RX     This is a cobblestoned street. It is dimly lit by guttering lanterns hung
1784346976.507 RX from tall posts. It slightly grungy and shabby here, and you do not see many
1784346976.507 RX people around here. Sometimes you hear a noise coming from the shadows, but as
1784346976.507 RX you quickly turn your head, you see nothing. The street continues to the north
1784346976.507 RX and south. A thin alleyway is to the west. 
1784346976.507 RX Obvious exits: north, south, west
1784346976.507 PART [HP=56/MA=66]:
1784346977.541 TX n
1784346977.546 RX n
1784346978.557 RX Stone Street
1784346978.557 RX     This is a cobblestoned street. It is dimly lit by guttering lanterns hung
1784346978.557 RX from tall posts. It slightly grungy and shabby here, and you do not see many
1784346978.557 RX people around here. Sometimes you hear a noise coming from the shadows, but as
1784346978.557 RX you quickly turn your head, you see nothing. The street continues to the north
1784346978.557 RX and south. 
1784346978.557 RX Obvious exits: north, south
1784346979.041 TX n
1784346979.045 RX [HP=56/MA=66]:n
1784346979.582 RX Stone Street
1784346979.582 RX     This is a cobblestoned street. It is dimly lit by guttering lanterns hung
1784346979.582 RX from tall posts. It slightly grungy and shabby here, and you do not see many
1784346979.582 RX people around here. Sometimes you hear a noise coming from the shadows, but as
1784346979.582 RX you quickly turn your head, you see nothing. The street continues to the north
1784346979.582 RX and south. 
1784346979.586 RX Obvious exits: north, south
1784346980.541 TX n
1784346980.546 RX [HP=56/MA=66]:n
1784346980.607 RX Intersection of Stone St. and Crown St.
1784346980.610 RX     This is a cobblestoned street. It is dimly lit by guttering lanterns hung
1784346980.610 RX from tall posts. It is relatively clean, and is quiet and fairly unpopulated.
1784346980.610 RX The buildings here are plain-looking and unornamented, but are well-made. Stone
1784346980.610 RX street's end is here, and continues to the south, with Crown street crossing it
1784346980.610 RX to the east and west. 
1784346980.610 RX You notice large sign here.
1784346980.610 RX Obvious exits: south, east, west
1784346980.610 PART [HP=56/MA=66]:
1784346982.041 TX e
1784346982.045 RX e
1784346982.660 RX Crown Street
1784346982.660 RX     This is a cobblestoned street. It is dimly lit by guttering lanterns hung
1784346982.660 RX from tall posts. It is relatively clean, and is quiet and fairly unpopulated.
1784346982.660 RX The buildings here are plain-looking and unornamented, but are well-made. The
1784346982.660 RX street continues to the east and west. 
1784346982.663 RX Obvious exits: closed door north, east, west
1784346983.543 TX e
1784346983.548 RX [HP=56/MA=66]:e
1784346983.684 RX Crown Street
1784346983.687 RX     This is a cobblestoned street. It is dimly lit by guttering lanterns hung
1784346983.687 RX from tall posts. It is relatively clean, and is quiet and fairly unpopulated.
1784346983.687 RX The buildings here are plain-looking and unornamented, but are well-made. The
1784346983.687 RX street continues to the east and west, and you can see the entrance to a dark,
1784346983.687 RX thin alleyway to the south. 
1784346983.687 RX Obvious exits: south, east, west
1784346983.687 PART [HP=56/MA=66]:
1784346985.041 TX e
1784346985.045 RX e
1784346985.738 RX Crown Street
1784346985.742 RX     This is a cobblestoned street. It is dimly lit by guttering lanterns hung
1784346985.742 RX from tall posts. It is relatively clean, and is quiet and fairly unpopulated.
1784346985.742 RX The buildings here are plain-looking and unornamented, but are well-made. The
1784346985.742 RX street continues to the east and west. 
1784346985.742 RX Obvious exits: east, west
1784346986.541 TX e
1784346986.546 RX [HP=56/MA=66]:e
1784346986.763 RX Crown Street
1784346986.767 RX     This is a cobblestoned street. It is dimly lit by guttering lanterns hung
1784346986.767 RX from tall posts. It is relatively clean, and is quiet and fairly unpopulated.
1784346986.767 RX The buildings here are plain-looking and unornamented, but are well-made. The
1784346986.767 RX street continues to the east and west. 
1784346986.767 RX Obvious exits: closed door north, east, west
1784346986.767 PART [HP=56/MA=66]:
1784346988.042 TX e
1784346988.046 RX e
1784346988.813 RX Intersection of Guild St. & Crown St.
1784346988.817 RX     This is a cobblestoned street. It is dimly lit by guttering lanterns hung
1784346988.817 RX from tall posts, and continues to the north and south. The street is fairly
1784346988.817 RX clean here, and looks well-kept. Buildings loom over you at the corners of the
1784346988.817 RX crossing streets. Crown street crosses to the east and west here. 
1784346988.817 RX Obvious exits: north, south, east, west
1784346989.542 TX n
1784346989.546 RX [HP=56/MA=66]:n
1784346989.841 RX Guild Street
1784346989.841 RX     This is a cobblestoned street. It is dimly lit by guttering lanterns hung
1784346989.841 RX from tall posts. It is quiet here, and a pleasant breeze flows over you from
1784346989.841 RX the north. Buildings stand to your east and west, and Guild street continues to
1784346989.841 RX the north and south. 
1784346989.845 RX Obvious exits: north, south
1784346989.845 PART [HP=56/MA=66]:
1784346991.042 TX n
1784346991.046 RX n
1784346991.894 RX Guild Street
1784346991.894 RX     This is a cobblestoned street. It is dimly lit by guttering lanterns hung
1784346991.894 RX from tall posts, and continues to the north and south. River street follows the
1784346991.894 RX city wall off to the north. It is very quiet here, but further north along the
1784346991.894 RX street you can hear the raucous sounds of a working man's pub. 
1784346991.898 RX Obvious exits: north, south
1784346991.898 PART [HP=56/MA=66]:
1784347005.116 TX n
1784347005.122 RX n
1784347005.203 RX Guild Street, Northern End
1784347005.206 RX     This is a cobblestoned street. It is dimly lit by guttering lanterns hung
1784347005.206 RX from tall posts, and continues to the north and south. Directly to the east you
1784347005.206 RX can see a pub, and judgeing from its appearance it caters to the working class.
1784347005.206 RX Its door stands open, and you can hear loud bellows of laughter coming from
1784347005.206 RX within. The scent of ale is strong here. Off to the north, you can see the
1784347005.206 RX broad face of the city wall. 
1784347005.206 RX You notice pewter tankard here.
1784347005.206 RX Also here: drunken brawler.
1784347005.206 RX Obvious exits: north, south, east
1784347005.206 PART [HP=56/MA=66]:
1784347006.616 TX n
1784347006.620 RX n
1784347007.256 RX Intersection of Guild St. & River St.
1784347007.261 RX     This is a cobblestoned street. It is dimly lit by guttering lanterns hung
1784347007.261 RX from tall posts. The city wall is to the north, towering over twenty feet above
1784347007.261 RX you. River street is fairly quiet, but is well-used as it intersects many main
1784347007.261 RX streets. It continues to the east and west. The broad expanse of Guild street
1784347007.261 RX goes off to the south here, heading towards, and ending in, the town square.
1784347007.261 RX You can make out the entrance to a low wooden building off to the south. 
1784347007.261 RX Obvious exits: south, east, west
1784347008.116 TX n
1784347008.121 RX [HP=56/MA=66]:n
1784347008.121 RX There is no exit in that direction!
1784347008.121 PART [HP=56/MA=66]:
1784347009.616 TX n
1784347009.620 RX n
1784347009.620 RX There is no exit in that direction!
1784347009.620 PART [HP=56/MA=66]:
1784347011.121 TX w
1784347011.133 RX w
1784347011.340 RX River Street
1784347011.340 RX     This is a cobblestoned street. It is dimly lit by guttering lanterns hung
1784347011.340 RX from tall posts. The city wall is to the north, towering over twenty feet above
1784347011.340 RX you. River street is fairly quiet, but is well-used as it intersects many main
1784347011.340 RX streets. It continues to the east and west. You can see a junction off to the
1784347011.340 RX east. 
1784347011.340 RX Obvious exits: east, west
1784347011.340 PART [HP=56/MA=66]:
1784347012.616 TX w
1784347012.620 RX w
1784347013.383 RX Intersection of River St. & Mystic Alley
1784347013.383 RX     This is a cobblestoned street. It is dimly lit by guttering lanterns hung
1784347013.383 RX from tall posts. The city wall is to the north, towering over twenty feet above
1784347013.383 RX you. River street is fairly quiet, but is well-used as it intersects many main
1784347013.383 RX streets. It continues to the east and west. An ornate metal sign is attached to
1784347013.383 RX one of the lamp-posts, reading "Magic Shoppe" in a thin, spidery script. 
1784347013.387 RX Obvious exits: south, east, west
1784347014.116 TX w
1784347014.121 RX [HP=56/MA=66]:w
1784347014.431 RX River Street
1784347014.435 RX     This is a cobblestoned street. It is dimly lit by guttering lanterns hung
1784347014.435 RX from tall posts. The city wall is to the north, towering over twenty feet above
1784347014.435 RX you. River street is fairly quiet, but is well-used as it intersects many main
1784347014.435 RX streets. It continues to the east and west. 
1784347014.435 RX Obvious exits: east, west
1784347014.435 PART [HP=56/MA=66]:
1784347015.617 TX w
1784347015.621 RX w
1784347016.466 RX River Street
1784347016.470 RX     This is a cobblestoned street. It is dimly lit by guttering lanterns hung
1784347016.470 RX from tall posts. To the north is the city wall, and to the south there is a
1784347016.470 RX tall, rickety house, whose door is set with a tarnished brass knocker. There
1784347016.470 RX seems to be no-one home, as there are no light lit. River street continues to
1784347016.470 RX the east and west. 
1784347016.470 RX Obvious exits: east, west
1784347017.117 TX w
1784347017.121 RX [HP=56/MA=66]:w
1784347017.513 RX River Street
1784347017.516 RX     This is a cobblestoned street. It is dimly lit by guttering lanterns hung
1784347017.516 RX from tall posts. To the north you can see the entrance to the Wharf district,
1784347017.516 RX which leads to the city's docks. To the south is a small alleyway. River street
1784347017.516 RX continues to the east and west. 
1784347017.516 RX Obvious exits: north, south, east, west
1784347017.516 PART [HP=56/MA=66]:
1784347018.617 TX n
1784347018.653 RX n
1784347019.541 RX Docks
1784347019.545 RX     This is a cobblestoned street. It is dimly lit by guttering lanterns hung
1784347019.545 RX from tall posts. To the west you can see Wharf street, and to the east there is
1784347019.545 RX a small, run-down shack. From the look of it, it looks to be a caretaker's
1784347019.545 RX house of some sort. River street runs parallel to Wharf street to the south.
1784347019.545 RX Off to the north, a rickety boat launch juts out into the fast-flowing waters
1784347019.545 RX of the Silver river. 
1784347019.545 RX Obvious exits: north, south, east, west
1784347020.117 TX n
1784347020.121 RX [HP=56/MA=66]:n
1784347020.566 RX Pier
1784347020.570 RX     This is a small, haphazardly constructed wooden pier, supported by rotting
1784347020.570 RX pillars over the swift waters of the river. Tied to the far end are a
1784347020.570 RX half-dozen skiffs of varying size. A seedy-looking man sits on the edge of the
1784347020.570 RX launch, his feet dangling dangerously close to the water's surface. 
1784347020.570 RX Also here: boatman.
1784347020.570 RX Obvious exits: north, south
1784347020.570 PART [HP=56/MA=66]:
1784347021.617 TX n
1784347021.621 RX n
1784347022.686 RX Pier, Boat Launch
1784347022.691 RX     This is a small, haphazardly constructed wooden pier, supported by rotting
1784347022.691 RX pillars over the swift waters of the river. Tied to the end are a half-dozen
1784347022.691 RX skiffs of varying size. To the north, the Silver river's glittering length runs
1784347022.691 RX perilously fast. 
1784347022.691 RX Obvious exits: north, south
1784347023.117 TX look
1784347023.216 RX [HP=56/MA=66]:look
1784347023.221 RX Pier, Boat Launch
1784347023.221 RX     This is a small, haphazardly constructed wooden pier, supported by rotting
1784347023.221 RX pillars over the swift waters of the river. Tied to the end are a half-dozen
1784347023.221 RX skiffs of varying size. To the north, the Silver river's glittering length runs
1784347023.221 RX perilously fast. 
1784347023.221 RX Obvious exits: north, south
1784347023.221 PART [HP=56/MA=66]:
1784347032.733 TX c blur
1784347032.767 RX c blur
1784347032.772 RX You attempt to cast blur, but fail.
1784347032.776 PART [HP=56/MA=66]:[HP=56/MA=64]:
1784347042.321 TX c blur
1784347042.408 RX c blur
1784347042.408 RX You cast blur on Zinvar!
1784347042.408 RX [HP=56/MA=60]:You are blurred!
1784347042.429 PART [HP=56/MA=60]:
1784347053.827 TX n
1784347053.833 RX n
1784347054.479 RX The Silver River, Silvermere Docks
1784347054.483 RX     The rapid currents of the river make it perilous to travel, even in a
1784347054.483 RX suitable vessel, as it is filled with strange water-dwellers. The shimmering
1784347054.483 RX silvery surface of the water gives the river its namesake. To the north, you
1784347054.483 RX can see the gravelly beach of a large island poking out of the middle of the
1784347054.483 RX river, and to the south, the seldom-used port of Silvermere. The river flows
1784347054.483 RX quickly downstream to the west, and upstream to the east. 
1784347054.483 RX Also here: water elemental.
1784347054.483 RX Obvious exits: north, south, east, west
1784347054.827 TX n
1784347054.832 RX [HP=56/MA=60]:n
1784347055.504 RX Island, Beach Landing
1784347055.504 RX     This is a gravelly beach bordering a small, sheltered lagoon. Off across
1784347055.504 RX the raging river, you can see the port-side of the city of Silvermere. The
1784347055.504 RX beach continues off to the east and west, curving around the sheer rock face
1784347055.504 RX which towers above you. 
1784347055.507 RX Obvious exits: south, east, west
1784347055.827 TX e
1784347055.832 RX [HP=56/MA=60]:e
1784347056.827 TX ne
1784347057.557 RX Gravelly Beach
1784347057.561 RX     This is a gravelly beach, curving around the sheer rock face to the north.
1784347057.561 RX Bits of shell and bone litter the beach, and if there is any plant life, you
1784347057.561 RX certainly cannot find it. In fact, there is a noticeable lack of life signs
1784347057.561 RX throughout this whole area, and you get the feeling that even the animals that
1784347057.561 RX may have inhabited this island have abandoned it. The beach continues to the
1784347057.561 RX northeast, and a small lagoon is to the west. 
1784347057.561 RX Obvious exits: west, northeast
1784347057.561 RX [HP=56/MA=60]:ne
1784347057.827 TX ne
1784347057.831 RX ne
1784347058.584 RX Gravelly Beach
1784347058.584 RX     This is a gravelly beach, curving around the sheer rock face to the north.
1784347058.584 RX Bits of shell and bone litter the beach, and if there is any plant life, you
1784347058.584 RX certainly cannot find it. In fact, there is a noticeable lack of life signs
1784347058.584 RX throughout this whole area, and you get the feeling that even the animals that
1784347058.584 RX may have inhabited this island have abandoned it. The beach continues to the
1784347058.584 RX northeast and southwest. 
1784347058.584 RX Obvious exits: northeast, southwest
1784347058.584 RX [HP=56/MA=60]:ne
1784347058.827 TX go crack
1784347058.882 RX go crack
1784347059.609 RX Beach's End
1784347059.613 RX     This is a gravelly beach, curving around the sheer rock face to the north.
1784347059.613 RX Bits of shell and bone litter the beach, and if there is any plant life, you
1784347059.613 RX certainly cannot find it. In fact, there is a noticeable lack of life signs
1784347059.613 RX throughout this whole area, and you get the feeling that even the animals that
1784347059.613 RX may have inhabited this island have abandoned it. The rock face cuts off the
1784347059.613 RX beach here, but you spy a small path leading through a large crack. 
1784347059.613 RX Obvious exits: southwest
1784347059.613 RX [HP=56/MA=60]:go crack
1784347059.613 RX You walk into the wide crack, and follow a path through the rock.
1784347059.613 RX Stony Crack
1784347059.613 RX     This is a black stone crack in the cliff face, about three feet wide and at
1784347059.613 RX least twenty feet tall. The floor is littered with rubble and broken stone. 
1784347059.613 RX Obvious exits: north, south
1784347059.613 RX The room is dimly lit
1784347059.827 TX n
1784347059.832 RX [HP=56/MA=60]:[HP=56/MA=60]:n
1784347060.633 RX Grassy Cove
1784347060.637 RX     This small hollow in the rock is carpeted with a soft, wavy-bladed blue
1784347060.637 RX grass. The sheer walls of the cliff rise up imperiously about you, and you
1784347060.637 RX realize that you are walking in an open-roofed fissure splitting some immense
1784347060.637 RX stone. The fissure winds its way off to the north, and to the south a large
1784347060.637 RX crack can be seen in the rock face. A small hole, partially concealed by the
1784347060.637 RX shape of the rock, is bored into the base of the wall to the east. 
1784347060.637 RX Obvious exits: north
1784347060.827 TX n
1784347060.832 RX [HP=56/MA=60]:n
1784347061.661 RX Grassy Cove
1784347061.661 RX     This small hollow in the rock is carpeted with a soft, wavy-bladed blue
1784347061.661 RX grass. The sheer walls of the cliff rise up imperiously about you, and you
1784347061.661 RX realize that you are walking in an open-roofed fissure splitting some immense
1784347061.661 RX stone. The fissure winds its way off to the south and northwest. 
1784347061.666 RX Obvious exits: south, northwest
1784347061.827 TX nw
1784347061.832 RX [HP=56/MA=60]:nw
1784347062.828 TX look
1784347063.713 RX [HP=56/MA=63]:Grassy Cove, Cave Entrance
1784347063.717 RX     This small hollow in the rock is carpeted with a soft, wavy-bladed blue
1784347063.717 RX grass. The sheer walls of the cliff rise up imperiously about you, and you
1784347063.717 RX realize that you are walking in an open-roofed fissure splitting some immense
1784347063.717 RX stone. To the north, a massive cave mouth yawns forebodingly at you, its black
1784347063.717 RX depths barely illuminated from the light above. The path through the grass
1784347063.717 RX leading inside appears to have not been used in some while. The fissure
1784347063.717 RX continues to the southeast. 
1784347063.717 RX Obvious exits: north, southeast
1784347063.717 RX [HP=56/MA=63]:look
1784347063.717 RX Grassy Cove, Cave Entrance
1784347063.717 RX     This small hollow in the rock is carpeted with a soft, wavy-bladed blue
1784347063.717 RX grass. The sheer walls of the cliff rise up imperiously about you, and you
1784347063.717 RX realize that you are walking in an open-roofed fissure splitting some immense
1784347063.717 RX stone. To the north, a massive cave mouth yawns forebodingly at you, its black
1784347063.717 RX depths barely illuminated from the light above. The path through the grass
1784347063.717 RX leading inside appears to have not been used in some while. The fissure
1784347063.717 RX continues to the southeast. 
1784347063.717 RX Obvious exits: north, southeast
1784347063.717 PART [HP=56/MA=63]:
1784347067.831 RX You hear movement to the north.
1784347067.831 PART [HP=56/MA=63]:
1784347077.265 TX n
1784347077.270 RX n
1784347078.052 RX Limestone Tunnel, Cave Mouth
1784347078.055 RX     This smooth-walled tunnel is cut directly into the stone here, its even
1784347078.055 RX surface obviously the work of something other than nature's gentle hand. The
1784347078.055 RX tunnel is perfectly round, with the bottom quarter of the tube cut off to make
1784347078.055 RX a flat and level floor. To the north, it slopes down into the darkness at a
1784347078.055 RX steep angle, and you can exit into the sunlight through a large opening to the
1784347078.055 RX south. 
1784347078.055 RX You notice 1964 gold crowns, 7 silver nobles, 2 copper farthings here.
1784347078.055 RX Also here: stone golem.
1784347078.055 RX Obvious exits: north, south
1784347078.055 RX The room is dimly lit
1784347078.055 PART [HP=56/MA=63]:
1784347079.265 TX look
1784347079.269 RX look
1784347079.269 RX Limestone Tunnel, Cave Mouth
1784347079.269 RX     This smooth-walled tunnel is cut directly into the stone here, its even
1784347079.269 RX surface obviously the work of something other than nature's gentle hand. The
1784347079.269 RX tunnel is perfectly round, with the bottom quarter of the tube cut off to make
1784347079.269 RX a flat and level floor. To the north, it slopes down into the darkness at a
1784347079.269 RX steep angle, and you can exit into the sunlight through a large opening to the
1784347079.269 RX south. 
1784347079.269 RX You notice 1964 gold crowns, 7 silver nobles, 2 copper farthings here.
1784347079.269 RX Also here: stone golem.
1784347079.269 RX Obvious exits: north, south
1784347079.269 RX The room is dimly lit
1784347079.269 PART [HP=56/MA=63]:
1784347081.265 TX s
1784347081.270 RX s
1784347082.154 RX Grassy Cove, Cave Entrance
1784347082.159 RX     This small hollow in the rock is carpeted with a soft, wavy-bladed blue
1784347082.159 RX grass. The sheer walls of the cliff rise up imperiously about you, and you
1784347082.159 RX realize that you are walking in an open-roofed fissure splitting some immense
1784347082.159 RX stone. To the north, a massive cave mouth yawns forebodingly at you, its black
1784347082.159 RX depths barely illuminated from the light above. The path through the grass
1784347082.159 RX leading inside appears to have not been used in some while. The fissure
1784347082.159 RX continues to the southeast. 
1784347082.159 RX Obvious exits: north, southeast
1784347082.159 PART [HP=56/MA=63]:
1784347093.389 PART [HP=56/MA=66]:
1784347122.246 TX n
1784347122.250 RX n
1784347123.006 RX Limestone Tunnel, Cave Mouth
1784347123.009 RX     This smooth-walled tunnel is cut directly into the stone here, its even
1784347123.009 RX surface obviously the work of something other than nature's gentle hand. The
1784347123.009 RX tunnel is perfectly round, with the bottom quarter of the tube cut off to make
1784347123.009 RX a flat and level floor. To the north, it slopes down into the darkness at a
1784347123.009 RX steep angle, and you can exit into the sunlight through a large opening to the
1784347123.009 RX south. 
1784347123.009 RX You notice 1964 gold crowns, 7 silver nobles, 2 copper farthings here.
1784347123.009 RX Also here: stone golem.
1784347123.009 RX Obvious exits: north, south
1784347123.009 RX The room is dimly lit
1784347123.246 TX s
1784347123.250 RX [HP=56/MA=66]:s
1784347124.031 RX The stone golem smashes you with its fist for 16 damage!
1784347124.035 RX [HP=40/MA=66]:[HP=41/MA=66]:Grassy Cove, Cave Entrance
1784347124.035 RX     This small hollow in the rock is carpeted with a soft, wavy-bladed blue
1784347124.035 RX grass. The sheer walls of the cliff rise up imperiously about you, and you
1784347124.035 RX realize that you are walking in an open-roofed fissure splitting some immense
1784347124.035 RX stone. To the north, a massive cave mouth yawns forebodingly at you, its black
1784347124.035 RX depths barely illuminated from the light above. The path through the grass
1784347124.035 RX leading inside appears to have not been used in some while. The fissure
1784347124.035 RX continues to the southeast. 
1784347124.035 RX Obvious exits: north, southeast
1784347124.035 PART [HP=41/MA=66]:
1784347135.648 TX x
1784347135.676 RX x
1784347135.681 RX You will exit after a period of silent meditation.
1784347136.316 PART ....
1784347137.342 PART ...
1784347138.368 PART ...
1784347139.420 PART ...
1784347140.445 PART ...
1784347141.459 RX 
1784347141.459 RX Your character has been saved. If you have any comments or suggestions, please
1784347141.459 RX leave them in E-mail to Sysop. Thanks.
1784347141.459 RX 
1784347141.459 PART [MAJORMUD]: 
1784347149.158 !! driver quit
1784347208.453 !! driver connected raw=/home/daniel/bbs/re/oracle/oracle_mcast_zinvar.raw
1784347208.497 RX ╔══════════════════════════════════════════════════════════╗
1784347208.497 RX ║█████████████████▄███████▄███████▄████████████████████████║
1784347208.497 RX ║██████████████▀▀██████▀▀██████▀▀▀▀███▀▀▀▀█████████████████║
1784347208.497 RX ║██████████████████▀███████▀███████████████████████████████║
1784347208.497 RX ║███▀███▀██████▀▀██████▀▀███▀▀▀▀██████▀▀▀████▀███▀█████████║
1784347208.497 RX ║████▀▀▀███████████▀███████▀██████████████████▀▀▀████▀████▀║
1784347208.497 RX ║▀▀▀█████▀▀▀▀▀▀▀▀▀▀█▀▀▀▀▀▀▀█▀▀▀▀▀▀▀▀▀▀▀▀▀▀▀▀▀█████▀▀▀█▀▀▀▀▀║
1784347208.497 RX ║██████████████╘═╡ The MajorBBS Emulator ╞═╛███████████████║
1784347208.497 RX ║████████████████│ By: MBBSEmu Community │█████████████████║
1784347208.497 RX ║                │https://www.mbbsemu.com│                 ║
1784347208.497 RX ╚══════════════════════════════════════════════════════════╝
1784347208.498 RX  
1784347208.498 RX Enter Username or enter "NEW" to create a new Account
1784347209.469 PART Username:  ²
1784347211.435 TX Vexil
1784347211.439 RX Vexil
1784347211.441 PART Password: 
1784347213.936 TX test123
1784347213.936 RX *******
1784347213.997 RX 
1784347213.997 RX Fantasy awaits you in MajorMUD v1.11p-WG!
1784347213.997 RX 
1784347213.998 RX 
1784347213.998 RX Please select one of the following:
1784347213.998 RX 
1784347213.998 RX    A ... MajorMUD
1784347213.999 RX 
1784347213.999 RX Main Menu
1784347213.999 PART Make your selection (X to exit): 
1784347216.436 TX A
1784347216.436 RX A
1784347216.442 RX 
1784347216.442 RX  M A J O R  M U D v1.11p-WG (Dec 30 2005 14:20:05)
1784347216.442 RX {Realm Of Legends}
1784347216.442 RX *ANSI RECOMMENDED*
1784347216.442 RX 
1784347216.442 RX [E] . Enter the Realm
1784347216.442 RX [H] . Help
1784347216.442 RX [A] . About the Game
1784347216.442 RX [C] . Game Counts
1784347216.442 RX [T] . Topten Adventurers
1784347216.442 RX [G] . Topten Gangs
1784347216.442 RX [W] . Who's in the Realm
1784347216.442 RX [R] . Release Notes
1784347216.442 RX [I] . Information
1784347216.442 RX [X] . Exit Game
1784347216.442 RX 
1784347216.442 PART [MAJORMUD]: 
1784347218.936 TX E
1784347219.281 RX E
1784347219.288 RX 
1784347219.288 RX MajorMUD - ROL
1784347219.288 RX 
1784347219.288 RX =-=-=-=-=-=-=-=-=-=-=-=-=-=-=-=-=-=-=-=-=-=-=-=-=-=-=-=-=-=-=-=-=-=-=-=-=-=-=
1784347219.288 RX 
1784347219.290 RX Grassy Cove, Cave Entrance
1784347219.290 RX     This small hollow in the rock is carpeted with a soft, wavy-bladed blue
1784347219.290 RX grass. The sheer walls of the cliff rise up imperiously about you, and you
1784347219.290 RX realize that you are walking in an open-roofed fissure splitting some immense
1784347219.290 RX stone. To the north, a massive cave mouth yawns forebodingly at you, its black
1784347219.290 RX depths barely illuminated from the light above. The path through the grass
1784347219.290 RX leading inside appears to have not been used in some while. The fissure
1784347219.290 RX continues to the southeast. 
1784347219.290 RX Obvious exits: north, southeast
1784347219.291 PART [HP=41/MA=66]:
1784347229.947 TX c blur
1784347230.141 RX c blur
1784347230.143 RX You cast blur on Zinvar!
1784347230.143 RX [HP=41/MA=62]:You are blurred!
1784347230.148 PART [HP=41/MA=62]:
1784347240.825 TX n
1784347243.321 TX look
1784347247.367 RX [HP=42/MA=65]:n
1784347249.096 RX Limestone Tunnel, Cave Mouth
1784347249.097 RX     This smooth-walled tunnel is cut directly into the stone here, its even
1784347249.097 RX surface obviously the work of something other than nature's gentle hand. The
1784347249.097 RX tunnel is perfectly round, with the bottom quarter of the tube cut off to make
1784347249.097 RX a flat and level floor. To the north, it slopes down into the darkness at a
1784347249.097 RX steep angle, and you can exit into the sunlight through a large opening to the
1784347249.097 RX south. 
1784347249.097 RX You notice 1964 gold crowns, 7 silver nobles, 2 copper farthings here.
1784347249.098 RX Obvious exits: north, south
1784347249.098 RX The room is dimly lit
1784347249.101 RX [HP=42/MA=65]:look
1784347249.101 RX Limestone Tunnel, Cave Mouth
1784347249.101 RX     This smooth-walled tunnel is cut directly into the stone here, its even
1784347249.101 RX surface obviously the work of something other than nature's gentle hand. The
1784347249.101 RX tunnel is perfectly round, with the bottom quarter of the tube cut off to make
1784347249.101 RX a flat and level floor. To the north, it slopes down into the darkness at a
1784347249.101 RX steep angle, and you can exit into the sunlight through a large opening to the
1784347249.101 RX south. 
1784347249.101 RX You notice 1964 gold crowns, 7 silver nobles, 2 copper farthings here.
1784347249.101 RX Obvious exits: north, south
1784347249.101 RX The room is dimly lit
1784347249.101 PART [HP=42/MA=65]:
1784347261.274 TX get gold
1784347261.278 RX get gold
1784347261.280 RX You picked up 1964 gold crowns
1784347261.282 PART [HP=42/MA=65]:
1784347262.774 TX get silver
1784347262.778 RX get silver
1784347262.778 RX You picked up 7 silver nobles
1784347262.781 PART [HP=42/MA=65]:
1784347264.275 TX get copper
1784347264.280 RX get copper
1784347264.280 RX You picked up 2 copper farthings
1784347264.283 PART [HP=42/MA=65]:
1784347265.775 TX i
1784347265.775 RX i
1784347265.780 RX You are carrying 3956 gold crowns, 7 silver nobles, 2 copper farthings
1784347265.780 RX You have no keys.
1784347265.780 RX Wealth: 395672 copper farthings
1784347265.780 RX Encumbrance: 1320/1920 - Heavy [68%]
1784347265.780 PART [HP=42/MA=65]:
1784347279.408 TX 
1784347279.694 RX You hear movement to the north.
1784347279.695 RX [HP=42/MA=65]:
1784347279.696 RX Limestone Tunnel, Cave Mouth
1784347279.696 RX Obvious exits: north, south
1784347279.696 RX The room is dimly lit
1784347279.696 PART [HP=42/MA=65]:
1784347291.375 TX 
1784347291.378 RX 
1784347291.378 RX Limestone Tunnel, Cave Mouth
1784347291.378 RX Obvious exits: north, south
1784347291.378 RX The room is dimly lit
1784347291.378 PART [HP=42/MA=65]:
1784347293.466 PART [HP=43/MA=66]:
1784347303.558 TX 
1784347303.558 RX 
1784347303.561 RX Limestone Tunnel, Cave Mouth
1784347303.561 RX Obvious exits: north, south
1784347303.561 RX The room is dimly lit
1784347303.561 PART [HP=43/MA=66]:
1784347309.074 TX 
1784347309.548 RX 
1784347309.551 RX Limestone Tunnel, Cave Mouth
1784347309.551 RX Obvious exits: north, south
1784347309.551 RX The room is dimly lit
1784347309.551 PART [HP=43/MA=66]:
1784347321.590 TX 
1784347321.591 RX 
1784347321.591 RX Limestone Tunnel, Cave Mouth
1784347321.591 RX Obvious exits: north, south
1784347321.591 RX The room is dimly lit
1784347321.591 PART [HP=43/MA=66]:
1784347328.105 TX 
1784347328.106 RX 
1784347328.106 RX Limestone Tunnel, Cave Mouth
1784347328.107 RX Obvious exits: north, south
1784347328.107 RX The room is dimly lit
1784347328.107 PART [HP=43/MA=66]:
1784347334.621 TX 
1784347334.622 RX 
1784347334.622 RX Limestone Tunnel, Cave Mouth
1784347334.624 RX Obvious exits: north, south
1784347334.624 RX The room is dimly lit
1784347334.624 PART [HP=43/MA=66]:
1784347341.003 PART [HP=44/MA=66]:
1784347356.173 TX 
1784347356.173 RX 
1784347356.174 RX Limestone Tunnel, Cave Mouth
1784347356.174 RX Obvious exits: north, south
1784347356.174 RX The room is dimly lit
1784347356.174 PART [HP=44/MA=66]:
1784347361.178 TX 
1784347361.869 RX 
1784347361.870 RX Limestone Tunnel, Cave Mouth
1784347361.871 RX Obvious exits: north, south
1784347361.871 RX The room is dimly lit
1784347361.871 PART [HP=44/MA=66]:
1784347366.182 TX 
1784347366.268 RX 
1784347366.269 RX Limestone Tunnel, Cave Mouth
1784347366.270 RX Obvious exits: north, south
1784347366.270 RX The room is dimly lit
1784347366.270 PART [HP=44/MA=66]:
1784347371.186 TX 
1784347372.604 RX 
1784347372.626 RX Limestone Tunnel, Cave Mouth
1784347372.626 RX Obvious exits: north, south
1784347372.626 RX The room is dimly lit
1784347372.626 PART [HP=44/MA=66]:
1784347376.190 TX 
1784347376.190 RX 
1784347376.191 RX Limestone Tunnel, Cave Mouth
1784347376.191 RX Obvious exits: north, south
1784347376.191 RX The room is dimly lit
1784347376.191 PART [HP=44/MA=66]:
1784347381.194 TX 
1784347381.196 RX 
1784347381.196 RX Limestone Tunnel, Cave Mouth
1784347381.197 RX Obvious exits: north, south
1784347381.197 RX The room is dimly lit
1784347381.197 PART [HP=44/MA=66]:
1784347386.203 TX 
1784347386.204 RX 
1784347386.227 RX Limestone Tunnel, Cave Mouth
1784347386.227 RX Obvious exits: north, south
1784347386.227 RX The room is dimly lit
1784347386.227 PART [HP=44/MA=66]:
1784347388.513 PART [HP=45/MA=66]:
1784347391.206 TX 
1784347391.628 RX 
1784347391.629 RX Limestone Tunnel, Cave Mouth
1784347391.630 RX Obvious exits: north, south
1784347391.630 RX The room is dimly lit
1784347391.630 PART [HP=45/MA=66]:
1784347396.210 TX 
1784347396.596 RX 
1784347396.596 RX Limestone Tunnel, Cave Mouth
1784347396.596 RX Obvious exits: north, south
1784347396.596 RX The room is dimly lit
1784347396.596 PART [HP=45/MA=66]:
1784347401.216 TX 
1784347401.219 RX 
1784347401.219 RX Limestone Tunnel, Cave Mouth
1784347401.219 RX Obvious exits: north, south
1784347401.219 RX The room is dimly lit
1784347401.219 PART [HP=45/MA=66]:
1784347406.222 TX 
1784347406.229 RX 
1784347406.229 RX Limestone Tunnel, Cave Mouth
1784347406.229 RX Obvious exits: north, south
1784347406.229 RX The room is dimly lit
1784347406.229 PART [HP=45/MA=66]:
1784347411.226 TX 
1784347411.226 RX 
1784347411.227 RX Limestone Tunnel, Cave Mouth
1784347411.227 RX Obvious exits: north, south
1784347411.227 RX The room is dimly lit
1784347411.227 PART [HP=45/MA=66]:
1784347423.417 TX 
1784347423.541 RX 
1784347423.542 RX Limestone Tunnel, Cave Mouth
1784347423.542 RX Obvious exits: north, south
1784347423.542 RX The room is dimly lit
1784347423.542 PART [HP=45/MA=66]:
1784347428.421 TX 
1784347428.422 RX 
1784347428.422 RX Limestone Tunnel, Cave Mouth
1784347428.423 RX Obvious exits: north, south
1784347428.423 RX The room is dimly lit
1784347428.424 PART [HP=45/MA=66]:
1784347433.425 TX 
1784347433.425 RX 
1784347433.448 RX Limestone Tunnel, Cave Mouth
1784347433.449 RX Obvious exits: north, south
1784347433.449 RX The room is dimly lit
1784347434.346 PART [HP=45/MA=66]:[HP=46/MA=66]:
1784347438.428 TX 
1784347438.429 RX 
1784347438.429 RX Limestone Tunnel, Cave Mouth
1784347438.430 RX Obvious exits: north, south
1784347438.430 RX The room is dimly lit
1784347438.430 PART [HP=46/MA=66]:
1784347443.432 TX 
1784347443.433 RX 
1784347443.433 RX Limestone Tunnel, Cave Mouth
1784347443.433 RX Obvious exits: north, south
1784347443.433 RX The room is dimly lit
1784347443.433 PART [HP=46/MA=66]:
1784347448.436 TX 
1784347448.438 RX 
1784347448.438 RX Limestone Tunnel, Cave Mouth
1784347448.438 RX Obvious exits: north, south
1784347448.438 RX The room is dimly lit
1784347448.438 PART [HP=46/MA=66]:
1784347453.440 TX 
1784347453.442 RX 
1784347453.442 RX Limestone Tunnel, Cave Mouth
1784347453.442 RX Obvious exits: north, south
1784347453.442 RX The room is dimly lit
1784347453.442 PART [HP=46/MA=66]:
1784347458.443 TX 
1784347458.444 RX 
1784347458.445 RX Limestone Tunnel, Cave Mouth
1784347458.445 RX Obvious exits: north, south
1784347458.445 RX The room is dimly lit
1784347458.445 PART [HP=46/MA=66]:
1784347463.447 TX 
1784347463.448 RX 
1784347463.448 RX Limestone Tunnel, Cave Mouth
1784347463.448 RX Obvious exits: north, south
1784347463.448 RX The room is dimly lit
1784347463.448 PART [HP=46/MA=66]:
1784347468.452 TX 
1784347468.463 RX 
1784347468.484 RX Limestone Tunnel, Cave Mouth
1784347468.484 RX Obvious exits: north, south
1784347468.484 RX The room is dimly lit
1784347468.484 PART [HP=46/MA=66]:
1784347473.457 TX 
1784347473.457 RX 
1784347473.458 RX Limestone Tunnel, Cave Mouth
1784347473.458 RX Obvious exits: north, south
1784347473.458 RX The room is dimly lit
1784347473.458 PART [HP=46/MA=66]:
1784347478.426 RX A gelatinous cube oozes in from the south!
1784347478.461 TX 
1784347478.465 RX [HP=46/MA=66]:
1784347478.465 RX Limestone Tunnel, Cave Mouth
1784347478.465 RX Also here: gelatinous cube.
1784347478.465 RX Obvious exits: north, south
1784347478.465 RX The room is dimly lit
1784347478.465 PART [HP=46/MA=66]:
1784347487.524 RX The gelatinous cube oozes over you for 17 damage!
1784347487.525 PART [HP=29/MA=66]:[HP=30/MA=66]:
1784347501.330 TX s
1784347501.331 RX s
1784347504.723 RX The gelatinous cube oozes over you for 15 damage!
1784347504.726 RX [HP=15/MA=66]:Grassy Cove, Cave Entrance
1784347504.726 RX     This small hollow in the rock is carpeted with a soft, wavy-bladed blue
1784347504.726 RX grass. The sheer walls of the cliff rise up imperiously about you, and you
1784347504.726 RX realize that you are walking in an open-roofed fissure splitting some immense
1784347504.726 RX stone. To the north, a massive cave mouth yawns forebodingly at you, its black
1784347504.726 RX depths barely illuminated from the light above. The path through the grass
1784347504.726 RX leading inside appears to have not been used in some while. The fissure
1784347504.726 RX continues to the southeast. 
1784347504.726 RX Obvious exits: north, southeast
1784347504.726 PART [HP=15/MA=66]:
1784347521.775 TX se
1784347521.776 RX se
1784347522.975 TX s
1784347524.131 RX Grassy Cove
1784347524.132 RX     This small hollow in the rock is carpeted with a soft, wavy-bladed blue
1784347524.132 RX grass. The sheer walls of the cliff rise up imperiously about you, and you
1784347524.132 RX realize that you are walking in an open-roofed fissure splitting some immense
1784347524.132 RX stone. The fissure winds its way off to the south and northwest. 
1784347524.132 RX Obvious exits: south, northwest
1784347524.132 RX [HP=15/MA=66]:s
1784347527.931 RX Grassy Cove
1784347527.932 RX     This small hollow in the rock is carpeted with a soft, wavy-bladed blue
1784347527.932 RX grass. The sheer walls of the cliff rise up imperiously about you, and you
1784347527.932 RX realize that you are walking in an open-roofed fissure splitting some immense
1784347527.932 RX stone. The fissure winds its way off to the north, and to the south a large
1784347527.932 RX crack can be seen in the rock face. A small hole, partially concealed by the
1784347527.932 RX shape of the rock, is bored into the base of the wall to the east. 
1784347527.932 RX Obvious exits: north
1784347527.932 PART [HP=15/MA=66]:
1784347538.237 PART [HP=16/MA=66]:
1784347574.279 RX The effects of blur wear off.
1784347574.279 PART [HP=16/MA=66]:
1784347590.753 PART [HP=17/MA=66]:
1784347603.177 TX x
1784347603.728 RX x
1784347603.730 RX You will exit after a period of silent meditation.
1784347603.730 PART .
1784347605.647 PART ...
1784347607.005 PART ...
1784347608.453 PART ...
1784347609.819 PART ...
1784347612.558 PART ...
1784347614.237 RX 
1784347614.237 RX Your character has been saved. If you have any comments or suggestions, please
1784347614.237 RX leave them in E-mail to Sysop. Thanks.
1784347614.237 RX 
1784347614.237 PART [MAJORMUD]: 
1784347616.684 !! driver quit
1784347747.577 !! driver connected raw=/home/daniel/bbs/re/oracle/oracle_mcast_zinvar.raw
1784347747.604 RX ╔══════════════════════════════════════════════════════════╗
1784347747.604 RX ║█████████████████▄███████▄███████▄████████████████████████║
1784347747.604 RX ║██████████████▀▀██████▀▀██████▀▀▀▀███▀▀▀▀█████████████████║
1784347747.604 RX ║██████████████████▀███████▀███████████████████████████████║
1784347747.604 RX ║███▀███▀██████▀▀██████▀▀███▀▀▀▀██████▀▀▀████▀███▀█████████║
1784347747.604 RX ║████▀▀▀███████████▀███████▀██████████████████▀▀▀████▀████▀║
1784347747.604 RX ║▀▀▀█████▀▀▀▀▀▀▀▀▀▀█▀▀▀▀▀▀▀█▀▀▀▀▀▀▀▀▀▀▀▀▀▀▀▀▀█████▀▀▀█▀▀▀▀▀║
1784347747.604 RX ║██████████████╘═╡ The MajorBBS Emulator ╞═╛███████████████║
1784347747.604 RX ║████████████████│ By: MBBSEmu Community │█████████████████║
1784347747.604 RX ║                │https://www.mbbsemu.com│                 ║
1784347747.604 RX ╚══════════════════════════════════════════════════════════╝
1784347747.606 RX  
1784347747.606 RX Enter Username or enter "NEW" to create a new Account
1784347748.591 PART Username:  ²
1784347750.562 TX Vexil
1784347750.565 RX Vexil
1784347750.566 PART Password: 
1784347753.061 TX test123
1784347753.062 RX *******
1784347753.121 RX 
1784347753.121 RX Fantasy awaits you in MajorMUD v1.11p-WG!
1784347753.121 RX 
1784347753.122 RX 
1784347753.122 RX Please select one of the following:
1784347753.122 RX 
1784347753.122 RX    A ... MajorMUD
1784347753.122 RX 
1784347753.122 RX Main Menu
1784347753.122 PART Make your selection (X to exit): 
1784347755.561 TX A
1784347755.563 RX A
1784347755.570 RX 
1784347755.570 RX  M A J O R  M U D v1.11p-WG (Dec 30 2005 14:20:05)
1784347755.570 RX {Realm Of Legends}
1784347755.570 RX *ANSI RECOMMENDED*
1784347755.570 RX 
1784347755.570 RX [E] . Enter the Realm
1784347755.570 RX [H] . Help
1784347755.570 RX [A] . About the Game
1784347755.570 RX [C] . Game Counts
1784347755.570 RX [T] . Topten Adventurers
1784347755.570 RX [G] . Topten Gangs
1784347755.570 RX [W] . Who's in the Realm
1784347755.570 RX [R] . Release Notes
1784347755.570 RX [I] . Information
1784347755.570 RX [X] . Exit Game
1784347755.570 RX 
1784347755.570 PART [MAJORMUD]: 
1784347758.061 TX E
1784347758.062 RX E
1784347758.071 RX 
1784347758.071 RX MajorMUD - ROL
1784347758.071 RX 
1784347758.071 RX =-=-=-=-=-=-=-=-=-=-=-=-=-=-=-=-=-=-=-=-=-=-=-=-=-=-=-=-=-=-=-=-=-=-=-=-=-=-=
1784347758.071 RX 
1784347758.073 RX Grassy Cove
1784347758.073 RX     This small hollow in the rock is carpeted with a soft, wavy-bladed blue
1784347758.073 RX grass. The sheer walls of the cliff rise up imperiously about you, and you
1784347758.073 RX realize that you are walking in an open-roofed fissure splitting some immense
1784347758.073 RX stone. The fissure winds its way off to the north, and to the south a large
1784347758.073 RX crack can be seen in the rock face. A small hole, partially concealed by the
1784347758.073 RX shape of the rock, is bored into the base of the wall to the east. 
1784347758.073 RX Obvious exits: north
1784347758.073 PART [HP=56/MA=66]:
1784347781.883 RX Kaimon just entered the Realm.
1784347781.883 PART [HP=56/MA=66]:
1784347814.914 RX You hear movement to the east.
1784347814.914 PART [HP=56/MA=66]:
1784347876.259 RX Kaimon walks into the room from the south.
1784347876.598 RX [HP=56/MA=66]:Kaimon is looking around the room.
1784347876.598 PART [HP=56/MA=66]:
1784347891.619 TX n
1784347891.621 RX n
1784347893.037 RX Grassy Cove
1784347893.038 RX     This small hollow in the rock is carpeted with a soft, wavy-bladed blue
1784347893.038 RX grass. The sheer walls of the cliff rise up imperiously about you, and you
1784347893.038 RX realize that you are walking in an open-roofed fissure splitting some immense
1784347893.038 RX stone. The fissure winds its way off to the south and northwest. 
1784347893.038 RX Obvious exits: south, northwest
1784347893.219 TX nw
1784347893.222 RX [HP=56/MA=66]:nw
1784347894.819 TX n
1784347895.791 RX Grassy Cove, Cave Entrance
1784347895.791 RX     This small hollow in the rock is carpeted with a soft, wavy-bladed blue
1784347895.791 RX grass. The sheer walls of the cliff rise up imperiously about you, and you
1784347895.791 RX realize that you are walking in an open-roofed fissure splitting some immense
1784347895.791 RX stone. To the north, a massive cave mouth yawns forebodingly at you, its black
1784347895.791 RX depths barely illuminated from the light above. The path through the grass
1784347895.791 RX leading inside appears to have not been used in some while. The fissure
1784347895.791 RX continues to the southeast. 
1784347895.791 RX Obvious exits: north, southeast
1784347895.791 RX [HP=56/MA=66]:n
1784347896.419 TX look
1784347896.423 RX look
1784347898.430 RX Limestone Tunnel, Cave Mouth
1784347898.430 RX     This smooth-walled tunnel is cut directly into the stone here, its even
1784347898.430 RX surface obviously the work of something other than nature's gentle hand. The
1784347898.430 RX tunnel is perfectly round, with the bottom quarter of the tube cut off to make
1784347898.430 RX a flat and level floor. To the north, it slopes down into the darkness at a
1784347898.430 RX steep angle, and you can exit into the sunlight through a large opening to the
1784347898.430 RX south. 
1784347898.430 RX Obvious exits: north, south
1784347898.430 RX The room is dimly lit
1784347898.431 RX [HP=56/MA=66]:look
1784347898.431 RX Limestone Tunnel, Cave Mouth
1784347898.431 RX     This smooth-walled tunnel is cut directly into the stone here, its even
1784347898.431 RX surface obviously the work of something other than nature's gentle hand. The
1784347898.431 RX tunnel is perfectly round, with the bottom quarter of the tube cut off to make
1784347898.431 RX a flat and level floor. To the north, it slopes down into the darkness at a
1784347898.431 RX steep angle, and you can exit into the sunlight through a large opening to the
1784347898.431 RX south. 
1784347898.431 RX Obvious exits: north, south
1784347898.431 RX The room is dimly lit
1784347898.431 PART [HP=56/MA=66]:
1784347901.793 RX You hear movement to the south.
1784347901.793 PART [HP=56/MA=66]:
1784347907.365 RX A moaning spirit appears right beside you!
1784347907.365 PART [HP=56/MA=66]:
1784347913.527 TX c blur
1784347913.871 RX c The moaning spirit touches you with a ghostly hand for 11 damage!
1784347913.874 RX [HP=45/MA=66]:blur
1784347913.876 RX You cast blur on Zinvar!
1784347913.877 RX [HP=45/MA=62]:You are blurred!
1784347913.880 PART [HP=45/MA=62]:
1784347920.577 RX Moaning spirit draws the breath from your body for 11 damage!
1784347920.577 PART [HP=34/MA=62]:
1784347927.419 RX The moaning spirit touches you with a ghostly hand for 15 damage!
1784347927.420 PART [HP=19/MA=62]:[HP=20/MA=65]:
1784347933.673 RX Moaning spirit draws the breath from your body for 4 damage!
1784347933.673 PART [HP=16/MA=65]:
1784347938.910 RX Kaimon walks into the room from the south.
1784347938.910 PART [HP=16/MA=65]:
1784347940.822 RX The moaning spirit touches you with a ghostly hand for 15 damage!
1784347940.822 PART [HP=1/MA=65]:
1784347947.092 RX Moaning spirit draws the breath from your body for 8 damage!
1784347947.092 RX [HP=-7/MA=65]:Zinvar drops to the ground!
1784347947.092 PART [HP=-7/MA=65]:
1784347953.764 RX Moaning spirit draws the breath from Kaimon's body!
1784347953.764 PART [HP=-7/MA=65]:
1784347955.445 TX s
1784347955.446 RX s
1784347955.446 RX You may not do that while you are mortally wounded!
1784347955.446 PART [HP=-7/MA=65]:
1784347959.997 RX Moaning spirit draws the breath from Kaimon's body!
1784347959.997 PART [HP=-7/MA=65]:
1784347967.732 RX The moaning spirit reaches for Kaimon, but he dodges!
1784347967.733 PART [HP=-7/MA=65]:[HP=-8/MA=66]:
1784347974.255 RX The moaning spirit touches you with a ghostly hand for 19 damage!
1784347974.256 RX [HP=-27/MA=66]:Kaimon just left to the south.
1784347974.256 PART [HP=-27/MA=66]:
1784347984.370 RX moaning spirit just left to the north.
1784347984.370 PART [HP=-27/MA=66]:
1784348012.163 PART [HP=-28/MA=66]:
1784348019.585 RX moaning spirit moves into the room from the north.
1784348019.585 PART [HP=-28/MA=66]:
1784348024.605 RX The moaning spirit touches you with a ghostly hand for 19 damage!
1784348024.605 PART [HP=-47/MA=66]:
1784348030.605 RX The moaning spirit touches you with a ghostly hand for 14 damage!
1784348030.605 PART [HP=-61/MA=66]:
1784348036.910 RX You hear movement to the north.
1784348036.912 RX [HP=-61/MA=66]:The moaning spirit touches you with a ghostly hand for 11 damage!
1784348036.912 PART [HP=-72/MA=66]:
1784348042.606 RX The moaning spirit touches you with a ghostly hand for 16 damage!
1784348042.606 PART [HP=-88/MA=66]:
1784348048.716 RX The moaning spirit touches you with a ghostly hand for 17 damage!
1784348048.717 PART [HP=-105/MA=66]:[HP=-106/MA=66]:
1784348054.385 RX The moaning spirit touches you with a ghostly hand for 12 damage!
1784348054.385 PART [HP=-118/MA=66]:
1784348060.429 RX The moaning spirit touches you with a ghostly hand for 18 damage!
1784348060.429 PART [HP=-136/MA=66]:
1784348066.091 RX The moaning spirit touches you with a ghostly hand for 13 damage!
1784348066.091 PART [HP=-149/MA=66]:
1784348072.073 RX The moaning spirit touches you with a ghostly hand for 19 damage!
1784348072.073 PART [HP=-168/MA=66]:
1784348077.847 RX Moaning spirit draws the breath from your body for 12 damage!
1784348077.847 PART [HP=-180/MA=66]:
1784348083.872 RX The moaning spirit touches you with a ghostly hand for 10 damage!
1784348083.872 PART [HP=-190/MA=66]:[HP=-191/MA=66]:
1784348089.605 RX The moaning spirit touches you with a ghostly hand for 11 damage!
1784348089.606 RX [HP=-202/MA=66]:You have been killed!
1784348089.606 RX The effects of blur wear off.
1784348089.610 RX [HP=-202/MA=66]:But, due to a miracle, you have been saved.
1784348089.610 RX You have 7 lives left.
1784348089.610 PART [HP=56/MA=66]:
1784348115.558 RX The smell of incense wafts faintly in the air.
1784348279.518 RX The angelic sound of a choir floats down through the air.
1784348310.933 TX x
1784348310.946 RX x
1784348310.946 RX You will exit after a period of silent meditation.
1784348310.946 PART .
1784348312.790 PART ...
1784348313.804 PART ...
1784348315.568 PART ...
1784348316.585 PART ...
1784348317.902 PART ...
1784348318.932 RX 
1784348318.932 RX Your character has been saved. If you have any comments or suggestions, please
1784348318.932 RX leave them in E-mail to Sysop. Thanks.
1784348318.932 RX 
1784348318.932 PART [MAJORMUD]: 
1784348324.443 !! driver quit
1784348407.234 !! driver connected raw=/home/daniel/bbs/re/oracle/oracle_mcast_zinvar.raw
1784348407.266 RX ╔══════════════════════════════════════════════════════════╗
1784348407.266 RX ║█████████████████▄███████▄███████▄████████████████████████║
1784348407.266 RX ║██████████████▀▀██████▀▀██████▀▀▀▀███▀▀▀▀█████████████████║
1784348407.266 RX ║██████████████████▀███████▀███████████████████████████████║
1784348407.266 RX ║███▀███▀██████▀▀██████▀▀███▀▀▀▀██████▀▀▀████▀███▀█████████║
1784348407.266 RX ║████▀▀▀███████████▀███████▀██████████████████▀▀▀████▀████▀║
1784348407.266 RX ║▀▀▀█████▀▀▀▀▀▀▀▀▀▀█▀▀▀▀▀▀▀█▀▀▀▀▀▀▀▀▀▀▀▀▀▀▀▀▀█████▀▀▀█▀▀▀▀▀║
1784348407.266 RX ║██████████████╘═╡ The MajorBBS Emulator ╞═╛███████████████║
1784348407.266 RX ║████████████████│ By: MBBSEmu Community │█████████████████║
1784348407.266 RX ║                │https://www.mbbsemu.com│                 ║
1784348407.266 RX ╚══════════════════════════════════════════════════════════╝
1784348407.267 RX  
1784348407.267 RX Enter Username or enter "NEW" to create a new Account
1784348408.247 PART Username:  ²
1784348410.219 TX Vexil
1784348410.223 RX Vexil
1784348410.224 PART Password: 
1784348412.719 TX test123
1784348412.720 RX *******
1784348412.781 RX 
1784348412.781 RX Fantasy awaits you in MajorMUD v1.11p-WG!
1784348412.781 RX 
1784348412.783 RX 
1784348412.783 RX Please select one of the following:
1784348412.783 RX 
1784348412.783 RX    A ... MajorMUD
1784348412.783 RX 
1784348412.783 RX Main Menu
1784348412.783 PART Make your selection (X to exit): 
1784348415.219 TX A
1784348415.220 RX A
1784348415.226 RX 
1784348415.226 RX  M A J O R  M U D v1.11p-WG (Dec 30 2005 14:20:05)
1784348415.226 RX {Realm Of Legends}
1784348415.226 RX *ANSI RECOMMENDED*
1784348415.226 RX 
1784348415.226 RX [E] . Enter the Realm
1784348415.226 RX [H] . Help
1784348415.226 RX [A] . About the Game
1784348415.226 RX [C] . Game Counts
1784348415.226 RX [T] . Topten Adventurers
1784348415.226 RX [G] . Topten Gangs
1784348415.226 RX [W] . Who's in the Realm
1784348415.226 RX [R] . Release Notes
1784348415.226 RX [I] . Information
1784348415.226 RX [X] . Exit Game
1784348415.226 RX 
1784348415.226 PART [MAJORMUD]: 
1784348417.719 TX E
1784348417.720 RX E
1784348417.728 RX 
1784348417.728 RX MajorMUD - ROL
1784348417.728 RX 
1784348417.728 RX =-=-=-=-=-=-=-=-=-=-=-=-=-=-=-=-=-=-=-=-=-=-=-=-=-=-=-=-=-=-=-=-=-=-=-=-=-=-=
1784348417.728 RX 
1784348417.730 RX Temple, Halls of the Dead
1784348417.731 RX     This somber stone chamber is barely illuminated by the many torches lining
1784348417.731 RX its walls, and it seems to stretch on forever. Many marble slabs lay in neatly
1784348417.731 RX ordered rows about the room, some of them bearing sheet-shrouded forms upon
1784348417.731 RX them. White clad priests solemnly stride throughout the hall, making
1784348417.731 RX preparations for burial of the dead. The only sound is the faint shuffling of
1784348417.731 RX the priests, and the occasional closing of a door. A stone staircase set in the
1784348417.731 RX east wall leads up. 
1784348417.731 RX Obvious exits: up
1784348417.731 PART [HP=56/MA=66]:
1784348427.503 RX You hear movement above you!
1784348427.525 RX [HP=56/MA=66]:You hear movement above you!
1784348427.525 PART [HP=56/MA=66]:
1784348429.517 TX u
1784348429.518 RX u
1784348430.439 RX Temple Healer
1784348430.439 RX     The hall's lofty roof is supported by graceful soaring archways, and the
1784348430.439 RX walls are crafted of white marble run through with silver streaks. There is a
1784348430.439 RX priest waiting here to heal the wounded. She smiles kindly at you as you enter.
1784348430.439 RX A small bowl of silver nobles stands on the table she sits behind, and you can
1784348430.439 RX see it is nearly full. A stone stairwell descends into the catacombs of the
1784348430.439 RX temple at the rear of this room, and you can exit into the main hall to the
1784348430.439 RX south. 
1784348430.439 RX You notice small sign here.
1784348430.439 RX Also here: wounded messenger, healer.
1784348430.439 RX Obvious exits: south, down
1784348431.117 TX s
1784348431.118 RX [HP=56/MA=66]:s
1784348431.447 RX Temple Hall
1784348431.447 RX     The hall's lofty roof is supported by graceful soaring archways, and the
1784348431.447 RX walls are crafted of white marble run through with silver streaks. Bright lamps
1784348431.447 RX line the walls, illuminating every dark corner here. A wide passageway to the
1784348431.447 RX east leads to the Temple's foyer, and from there out onto the street. To the
1784348431.447 RX south, you can see the Priest spell shop, and to the north, the Temple's
1784348431.447 RX Healer. The large hall continues to the west, at the end of which is the
1784348431.447 RX chapel. 
1784348431.448 RX Obvious exits: north, south, east, west
1784348431.448 PART [HP=56/MA=66]:
1784348432.717 TX e
1784348432.976 RX e
1784348433.985 RX Temple Foyer
1784348433.985 RX     The hall's lofty roof is supported by graceful soaring archways, and the
1784348433.985 RX walls are crafted of white marble run through with silver streaks. Bright lamps
1784348433.985 RX line the walls, illuminating every dark corner here. Racks and shelves line the
1784348433.985 RX walls, for people to leave dirty cloaks or clothing. To the east are the
1784348433.985 RX Temple's ornate doors, propped open even in these uncertain times, and to the
1784348433.985 RX west, a wide passageway leads towards the inner parts of the Temple. 
1784348433.985 RX Obvious exits: east, west
1784348434.317 TX e
1784348434.318 RX [HP=56/MA=66]:e
1784348435.604 RX Intersection of Temple St. & Stone St.
1784348435.605 RX     The magnificent Temple of Silvermere stands tall and proud to your west. It
1784348435.605 RX white silver-streaked marble walls are a testament to its magnificent
1784348435.605 RX construction, as does the fact that it has remained seemingly undamaged for the
1784348435.605 RX past hundred years. This is where weary folk go to have their wounds healed,
1784348435.605 RX and where holy folk receive their divine training. The Temple's large wrought
1784348435.605 RX doors are open to the public at all hours. Stone street crosses to the north
1784348435.605 RX and south here. 
1784348435.605 RX Also here: elite guardsman.
1784348435.605 RX Obvious exits: north, south, east, west
1784348435.917 TX s
1784348435.918 RX [HP=56/MA=66]:s
1784348436.629 RX Stone Street
1784348436.629 RX     This is a cobblestoned street. It is dimly lit by guttering lanterns hung
1784348436.629 RX from tall posts. It slightly grungy and shabby here, and you do not see many
1784348436.629 RX people around here. Sometimes you hear a noise coming from the shadows, but as
1784348436.629 RX you quickly turn your head, you see nothing. The street continues to the south,
1784348436.629 RX and off to the north, you can see and intersection. 
1784348436.629 RX Obvious exits: north, south
1784348437.520 TX s
1784348437.520 RX [HP=56/MA=66]:s
1784348439.117 TX s
1784348439.467 RX Stone Street
1784348439.467 RX     This is a cobblestoned street. It is dimly lit by guttering lanterns hung
1784348439.467 RX from tall posts. It slightly grungy and shabby here, and you do not see many
1784348439.467 RX people around here. Sometimes you hear a noise coming from the shadows, but as
1784348439.467 RX you quickly turn your head, you see nothing. The street continues to the north
1784348439.467 RX and south. There is an alley to your west and the backdoor to some building to
1784348439.467 RX your east. 
1784348439.467 RX Obvious exits: north, south, east
1784348439.468 RX [HP=56/MA=66]:s
1784348440.718 TX s
1784348441.097 RX Stone Street
1784348441.098 RX     This is a cobblestoned street. It is dimly lit by guttering lanterns hung
1784348441.098 RX from tall posts. It slightly grungy and shabby here, and you do not see many
1784348441.098 RX people around here. Sometimes you hear a noise coming from the shadows, but as
1784348441.098 RX you quickly turn your head, you see nothing. The street continues to the north
1784348441.098 RX and south. 
1784348441.098 RX Obvious exits: north, south
1784348441.098 RX [HP=56/MA=66]:s
1784348442.112 RX Stone Street
1784348442.113 RX     This is a cobblestoned street. It is dimly lit by guttering lanterns hung
1784348442.113 RX from tall posts. It slightly grungy and shabby here, and you do not see many
1784348442.113 RX people around here. Sometimes you hear a noise coming from the shadows, but as
1784348442.113 RX you quickly turn your head, you see nothing. The street continues to the north
1784348442.113 RX and south. 
1784348442.113 RX Obvious exits: north, south
1784348442.318 TX s
1784348442.318 RX [HP=56/MA=66]:s
1784348443.685 RX Intersection of Stone St. & Oak St.
1784348443.686 RX     This is a cobblestoned street. It is dimly lit by guttering lanterns hung
1784348443.686 RX from tall posts. This intersection is clean and well-kept, and is sparsely
1784348443.686 RX populated. Stone street continues to the north and south, with Oak street to
1784348443.686 RX the east and west. 
1784348443.686 RX Also here: guardsman, short guardsman.
1784348443.686 RX Obvious exits: north, south, east, west
1784348443.918 TX s
1784348443.919 RX [HP=56/MA=66]:s
1784348444.703 RX Stone Street
1784348444.703 RX     This is a cobblestoned street. It is dimly lit by guttering lanterns hung
1784348444.703 RX from tall posts. It is not terribly clean, as it crosses through some seedy
1784348444.703 RX parts of the city, and the buildings and houses are at best average quality.
1784348444.703 RX The street continues to the north and south. 
1784348444.703 RX Obvious exits: north, south, east
1784348445.518 TX s
1784348445.519 RX [HP=56/MA=66]:s
1784348447.118 TX s
1784348447.402 RX Stone Street
1784348447.403 RX     This is a cobblestoned street. It is dimly lit by guttering lanterns hung
1784348447.403 RX from tall posts. It is not terribly clean, as it crosses through some seedy
1784348447.403 RX parts of the city, and the buildings and houses are at best average quality.
1784348447.403 RX The street continues to the north and south. 
1784348447.403 RX Obvious exits: north, south
1784348447.403 RX [HP=56/MA=66]:s
1784348448.718 TX s
1784348449.066 RX Stone Street
1784348449.067 RX     This is a cobblestoned street. It is dimly lit by guttering lanterns hung
1784348449.067 RX from tall posts. It is not terribly clean, as it crosses through some seedy
1784348449.067 RX parts of the city, and the buildings and houses are at best average quality.
1784348449.067 RX The street continues to the north and south. 
1784348449.067 RX Obvious exits: north, south
1784348449.067 RX [HP=56/MA=66]:s
1784348450.076 RX Intersection of Stone St. & Noble St.
1784348450.076 RX     This is a cobblestoned street. It is dimly lit by guttering lanterns hung
1784348450.076 RX from tall posts. The city wall is to the south, towering over twenty feet above
1784348450.076 RX you. It is quiet and deserted here, due to the proximity of the slums. Debris
1784348450.076 RX and garbage is piled up against the walls, and here and there you can see a
1784348450.076 RX stray animal cowering in the shadows. Stone street arrows off to the north, and
1784348450.076 RX Noble street is to the east and west. 
1784348450.076 RX Obvious exits: north, east, west
1784348450.318 TX w
1784348450.332 RX [HP=56/MA=66]:w
1784348451.543 RX Noble Street
1784348451.543 RX     This is a cobblestoned street. It is dimly lit by guttering lanterns hung
1784348451.543 RX from tall posts. The city wall is to the south, towering over twenty feet above
1784348451.543 RX you. It is quiet and deserted here, due to the proximity of the slums. Debris
1784348451.543 RX and garbage is piled up against the walls, and here and there you can see a
1784348451.543 RX stray animal cowering in the shadows. The street continues to the east and
1784348451.543 RX west. 
1784348451.543 RX Obvious exits: east, west
1784348451.918 TX w
1784348451.919 RX [HP=56/MA=66]:w
1784348452.581 RX Noble Street, Slum Gates
1784348452.582 RX     This is a cobblestoned street. It is dimly lit by guttering lanterns hung
1784348452.582 RX from tall posts. Debris and garbage is thick here, as the slum gates lie to
1784348452.582 RX your south. Just inside these gates you can see the fortified position of a
1784348452.582 RX makeshift guard post. The street continues to the east and west. 
1784348452.582 RX Also here: townsman, filthy beggar.
1784348452.582 RX Obvious exits: south, east, west
1784348452.582 PART [HP=56/MA=66]:
1784348469.465 TX s
1784348469.469 RX s
1784348470.353 RX Slum Entrance
1784348470.353 RX     The narrow path is barricaded heavily by a makeshift construction of heavy
1784348470.353 RX wooden beams. Guards flank the only opening in this wall, keeping a watchful
1784348470.353 RX eye on all who approach. It is well-known that the slums have recently been
1784348470.353 RX overrun by gangs and thugs, and that the need to keep these destructive
1784348470.353 RX elements away from the city proper is great. You can exit through the barricade
1784348470.353 RX to the south, or onto a street to the north. 
1784348470.353 RX Also here: guardsman, large guardsman.
1784348470.353 RX Obvious exits: north, south
1784348470.965 TX s
1784348470.967 RX [HP=56/MA=66]:s
1784348471.946 RX Slum Street
1784348471.947 RX     This is a dirty, unkept street. Debris and refuse is shoved into piles up
1784348471.947 RX against the sides on tall, rickety buildings here, and a gutter in the middle
1784348471.947 RX of the sloped street guides a stream of filthy water. The stone tiles are
1784348471.947 RX cracked in many places, showing rocky bits of ground. There is a barricade off
1784348471.947 RX to the north, and you can continue down the street to the south. 
1784348471.947 RX Obvious exits: north, south
1784348472.465 TX s
1784348472.466 RX [HP=56/MA=66]:s
1784348473.966 TX s
1784348474.621 RX Slum Street
1784348474.621 RX     This is a dirty, unkept street. Debris and refuse is shoved into piles up
1784348474.621 RX against the sides on tall, rickety buildings here, and a gutter in the middle
1784348474.621 RX of the sloped street guides a stream of filthy water. The stone tiles are
1784348474.621 RX cracked in many places, showing rocky bits of ground. 
1784348474.622 RX Obvious exits: north, south
1784348474.622 RX [HP=56/MA=66]:s
1784348475.466 TX s
1784348475.467 RX s
1784348475.648 RX Slum Street
1784348475.648 RX     This is a dirty, unkept street. Debris and refuse is shoved into piles up
1784348475.648 RX against the sides on tall, rickety buildings here, and a gutter in the middle
1784348475.648 RX of the sloped street guides a stream of filthy water. There is a small,
1784348475.648 RX ramshackle shop to the west here. 
1784348475.648 RX Obvious exits: north, south, west
1784348475.648 RX [HP=56/MA=66]:s
1784348476.966 TX s
1784348477.190 RX Slum Street, Crossroads
1784348477.191 RX     This is a dirty, unkept street. Debris and refuse is shoved into piles up
1784348477.191 RX against the sides on tall, rickety buildings here, and a gutter in the middle
1784348477.191 RX of the sloped street guides a stream of filthy water. The stone tiles are
1784348477.191 RX cracked in many places, showing rocky bits of ground. 
1784348477.191 RX Also here: nasty orc rogue.
1784348477.191 RX Obvious exits: north, south, east, west
1784348477.192 RX [HP=56/MA=66]:s
1784348478.211 RX The nasty orc rogue slashes you for 10 damage!
1784348478.212 RX [HP=46/MA=66]:Slum Street
1784348478.213 RX     This is a dirty, unkept street. Debris and refuse is shoved into piles up
1784348478.213 RX against the sides on tall, rickety buildings here, and a gutter in the middle
1784348478.213 RX of the sloped street guides a stream of filthy water. The stone tiles are
1784348478.213 RX cracked in many places, showing rocky bits of ground. 
1784348478.213 RX Obvious exits: north, south
1784348478.466 TX s
1784348478.467 RX [HP=46/MA=66]:s
1784348479.874 RX Slum Street, Intersection
1784348479.875 RX     This is a dirty, unkept street. Debris and refuse is shoved into piles up
1784348479.875 RX against the sides on tall, rickety buildings here, and a gutter in the middle
1784348479.875 RX of the sloped street guides a stream of filthy water. The stone tiles are
1784348479.875 RX cracked in many places, showing rocky bits of ground. 
1784348479.875 RX Obvious exits: north, south, east
1784348479.966 TX s
1784348479.967 RX [HP=46/MA=66]:s
1784348481.466 TX s
1784348482.572 RX Slum Street
1784348482.572 RX     This is a dirty, unkept street. Debris and refuse is shoved into piles up
1784348482.572 RX against the sides on tall, rickety buildings here, and a gutter in the middle
1784348482.572 RX of the sloped street guides a stream of filthy water. The stone tiles are
1784348482.572 RX cracked in many places, showing rocky bits of ground. 
1784348482.573 RX Obvious exits: north, south
1784348482.573 RX [HP=46/MA=66]:s
1784348482.966 TX e
1784348482.967 RX e
1784348483.582 RX Slum Street, Intersection
1784348483.583 RX     This is a dirty, unkept street. Debris and refuse is shoved into piles up
1784348483.583 RX against the sides on tall, rickety buildings here, and a gutter in the middle
1784348483.583 RX of the sloped street guides a stream of filthy water. The stone tiles are
1784348483.583 RX cracked in many places, showing rocky bits of ground. 
1784348483.583 RX Obvious exits: north, south, east
1784348483.583 RX [HP=46/MA=66]:e
1784348484.466 TX e
1784348484.468 RX e
1784348485.355 RX [HP=47/MA=66]:Slum Street
1784348485.355 RX     This is a dirty, unkept street. Debris and refuse is shoved into piles up
1784348485.355 RX against the sides on tall, rickety buildings here, and a gutter in the middle
1784348485.355 RX of the sloped street guides a stream of filthy water. The stone tiles are
1784348485.355 RX cracked in many places, showing rocky bits of ground. 
1784348485.355 RX Obvious exits: east, west
1784348485.355 RX [HP=47/MA=66]:e
1784348485.966 TX e
1784348485.969 RX e
1784348486.363 RX Slum Street
1784348486.363 RX     This is a dirty, unkept street. Debris and refuse is shoved into piles up
1784348486.363 RX against the sides on tall, rickety buildings here, and a gutter in the middle
1784348486.363 RX of the sloped street guides a stream of filthy water. The stone tiles are
1784348486.363 RX cracked in many places, showing rocky bits of ground. There is an alley to the
1784348486.363 RX north. 
1784348486.364 RX Obvious exits: north, east, west
1784348486.364 RX [HP=47/MA=66]:e
1784348487.467 TX e
1784348488.180 RX Slum Street, Intersection
1784348488.181 RX     This is a dirty, unkept street. Debris and refuse is shoved into piles up
1784348488.181 RX against the sides on tall, rickety buildings here, and a gutter in the middle
1784348488.181 RX of the sloped street guides a stream of filthy water. The stone tiles are
1784348488.181 RX cracked in many places, showing rocky bits of ground. 
1784348488.181 RX Also here: short dark cultist.
1784348488.181 RX Obvious exits: south, east, west
1784348488.182 RX [HP=47/MA=66]:e
1784348488.967 TX e
1784348490.467 TX s
1784348491.529 RX The short dark cultist slashes you for 9 damage!
1784348491.530 RX [HP=38/MA=66]:The short dark cultist slashes you for 9 damage!
1784348491.531 RX [HP=29/MA=66]:Slum Street, Intersection
1784348491.531 RX     This is a dirty, unkept street. Debris and refuse is shoved into piles up
1784348491.531 RX against the sides on tall, rickety buildings here, and a gutter in the middle
1784348491.531 RX of the sloped street guides a stream of filthy water. The stone tiles are
1784348491.531 RX cracked in many places, showing rocky bits of ground. 
1784348491.531 RX Obvious exits: north, east, west
1784348491.532 RX [HP=29/MA=66]:e
1784348491.532 RX s
1784348491.967 TX s
1784348491.968 RX s
1784348492.549 RX Slum Street, Bend
1784348492.549 RX     This is a dirty, unkept street. Debris and refuse is shoved into piles up
1784348492.549 RX against the sides on tall, rickety buildings here, and a gutter in the middle
1784348492.549 RX of the sloped street guides a stream of filthy water. The stone tiles are
1784348492.549 RX cracked in many places, showing rocky bits of ground. 
1784348492.550 RX Obvious exits: south, west
1784348492.550 RX [HP=29/MA=66]:s
1784348493.467 TX s
1784348493.883 RX Slum Street
1784348493.884 RX     This is a dirty, unkept street. Debris and refuse is shoved into piles up
1784348493.884 RX against the sides on tall, rickety buildings here, and a gutter in the middle
1784348493.884 RX of the sloped street guides a stream of filthy water. The stone tiles are
1784348493.884 RX cracked in many places, showing rocky bits of ground. There is an alley to the
1784348493.884 RX east. 
1784348493.884 RX Obvious exits: north, south, east
1784348493.884 RX [HP=29/MA=66]:s
1784348494.895 RX Slum Street
1784348494.896 RX     This is a dirty, unkept street. Debris and refuse is shoved into piles up
1784348494.896 RX against the sides on tall, rickety buildings here, and a gutter in the middle
1784348494.896 RX of the sloped street guides a stream of filthy water. The stone tiles are
1784348494.896 RX cracked in many places, showing rocky bits of ground. There is an open manhole
1784348494.896 RX in the ground here. To the east, the side of a black, evil-looking house looms
1784348494.896 RX ominously. The windows are all shuttered, and you feel distinctly uncomfortable
1784348494.896 RX in its sight. 
1784348494.896 RX Obvious exits: north, south
1784348494.896 RX [HP=29/MA=66]:s
1784348496.456 RX Slum Street
1784348496.457 RX     This is a dirty, unkept street. The stone tiles are cracked in many places,
1784348496.457 RX showing rocky bits of ground. To the east, the front of a black-painted wooden
1784348496.457 RX house looms, its three stories making it look like an ebony finger jutting up
1784348496.457 RX from the earth. Its heavy black door is reinforced with dark iron bands, and
1784348496.457 RX set above the handle is a depression in the shape of a five-pointed star. 
1784348496.457 RX Also here: angry dark cultist, fat dark cultist.
1784348496.457 RX Obvious exits: north, south, closed door east
1784348496.457 PART [HP=29/MA=66]:
1784348498.870 RX The angry dark cultist slashes you for 6 damage!
1784348498.872 RX [HP=23/MA=66]:The angry dark cultist slashes you for 2 damage!
1784348498.873 RX [HP=21/MA=66]:The fat dark cultist slashes you for 4 damage!
1784348498.874 RX [HP=17/MA=66]:The fat dark cultist slashes you for 8 damage!
1784348498.874 PART [HP=9/MA=66]:
1784348504.616 RX You hear movement to the north.
1784348505.079 RX [HP=9/MA=66]:The angry dark cultist slashes you for 4 damage!
1784348505.080 RX [HP=5/MA=66]:The angry dark cultist slashes you for 7 damage!
1784348505.081 RX [HP=-2/MA=66]:Zinvar drops to the ground!
1784348505.082 RX [HP=-2/MA=66]:The fat dark cultist slashes you for 7 damage!
1784348505.083 RX [HP=-9/MA=66]:The fat dark cultist slashes you for 7 damage!
1784348505.083 PART [HP=-16/MA=66]:
1784348507.237 RX short dark cultist moves into the room from the north.
1784348507.237 PART [HP=-16/MA=66]:
1784348510.772 TX c blur
1784348510.776 RX c blur
1784348510.776 RX You may not do that while you are mortally wounded!
1784348510.776 PART [HP=-16/MA=66]:
1784348511.940 RX The angry dark cultist slashes you for 5 damage!
1784348511.942 RX [HP=-21/MA=66]:The angry dark cultist all-out slashes you for 6 damage!
1784348511.943 RX [HP=-27/MA=66]:The fat dark cultist slashes you for 6 damage!
1784348511.945 RX [HP=-33/MA=66]:The fat dark cultist slashes you for 6 damage!
1784348511.946 RX [HP=-39/MA=66]:The short dark cultist slashes you for 6 damage!
1784348511.947 RX [HP=-45/MA=66]:The short dark cultist slashes you for 7 damage!
1784348511.947 PART [HP=-52/MA=66]:
1784348517.848 RX The angry dark cultist slashes you for 5 damage!
1784348517.849 RX [HP=-57/MA=66]:The angry dark cultist slashes you for 9 damage!
1784348517.850 RX [HP=-66/MA=66]:The fat dark cultist slashes you for 7 damage!
1784348517.851 RX [HP=-73/MA=66]:The fat dark cultist slashes you for 8 damage!
1784348517.853 RX [HP=-81/MA=66]:The short dark cultist lunges at you with their shortsword!
1784348517.854 RX [HP=-81/MA=66]:The short dark cultist slashes you for 9 damage!
1784348517.854 PART [HP=-90/MA=66]:
1784348524.435 RX The angry dark cultist slashes you for 8 damage!
1784348524.437 RX [HP=-98/MA=66]:The angry dark cultist slashes you for 4 damage!
1784348524.439 RX [HP=-102/MA=66]:The fat dark cultist slashes you for 8 damage!
1784348524.440 RX [HP=-110/MA=66]:The fat dark cultist slashes you for 8 damage!
1784348524.445 RX [HP=-118/MA=66]:The short dark cultist slashes you for 5 damage!
1784348524.446 RX [HP=-123/MA=66]:The short dark cultist slashes you for 2 damage!
1784348524.449 RX [HP=-125/MA=66]:[HP=-126/MA=66]:The fanatic screams "Death to those who oppose the Blood God!"
1784348524.449 PART [HP=-126/MA=66]:
1784348530.131 RX The angry dark cultist slashes you for 4 damage!
1784348530.133 RX [HP=-130/MA=66]:The angry dark cultist slashes you for 5 damage!
1784348530.134 RX [HP=-135/MA=66]:The fat dark cultist slashes you for 9 damage!
1784348530.135 RX [HP=-144/MA=66]:The fat dark cultist slashes you for 4 damage!
1784348530.137 RX [HP=-148/MA=66]:The short dark cultist slashes you for 10 damage!
1784348530.138 RX [HP=-158/MA=66]:The short dark cultist slashes you for 6 damage!
1784348530.138 PART [HP=-164/MA=66]:
1784348536.870 RX The angry dark cultist slashes you for 8 damage!
1784348536.883 RX [HP=-172/MA=66]:The angry dark cultist slashes you for 4 damage!
1784348536.883 RX [HP=-176/MA=66]:The fat dark cultist slashes you for 2 damage!
1784348536.883 RX [HP=-178/MA=66]:The fat dark cultist slashes you for 2 damage!
1784348536.888 RX [HP=-180/MA=66]:The short dark cultist all-out slashes you for 5 damage!
1784348536.894 RX [HP=-185/MA=66]:The short dark cultist slashes you for 3 damage!
1784348536.894 PART [HP=-188/MA=66]:
1784348543.631 RX The angry dark cultist slashes you for 3 damage!
1784348543.632 RX [HP=-191/MA=66]:The angry dark cultist slashes you for 4 damage!
1784348543.634 RX [HP=-195/MA=66]:The fat dark cultist slashes you for 3 damage!
1784348543.635 RX [HP=-198/MA=66]:The fat dark cultist slashes you for 2 damage!
1784348543.636 RX [HP=-200/MA=66]:You have been killed!
1784348543.638 RX But, due to a miracle, you have been saved.
1784348543.638 RX You have 6 lives left.
1784348543.638 PART [HP=56/MA=66]:
1784348666.674 TX x
1784348666.675 RX x
1784348666.679 RX You will exit after a period of silent meditation.
1784348667.641 PART ....
1784348668.668 PART ...
1784348670.188 PART ...
1784348671.205 PART ...
1784348672.610 PART ...
1784348673.659 RX 
1784348673.659 RX Your character has been saved. If you have any comments or suggestions, please
1784348673.659 RX leave them in E-mail to Sysop. Thanks.
1784348673.659 RX 
1784348673.659 PART [MAJORMUD]: 
1784348679.179 !! driver quit
1784348731.302 !! driver connected raw=/home/daniel/bbs/re/oracle/oracle_mcast_zinvar.raw
1784348731.351 RX ╔══════════════════════════════════════════════════════════╗
1784348731.351 RX ║█████████████████▄███████▄███████▄████████████████████████║
1784348731.351 RX ║██████████████▀▀██████▀▀██████▀▀▀▀███▀▀▀▀█████████████████║
1784348731.351 RX ║██████████████████▀███████▀███████████████████████████████║
1784348731.351 RX ║███▀███▀██████▀▀██████▀▀███▀▀▀▀██████▀▀▀████▀███▀█████████║
1784348731.351 RX ║████▀▀▀███████████▀███████▀██████████████████▀▀▀████▀████▀║
1784348731.351 RX ║▀▀▀█████▀▀▀▀▀▀▀▀▀▀█▀▀▀▀▀▀▀█▀▀▀▀▀▀▀▀▀▀▀▀▀▀▀▀▀█████▀▀▀█▀▀▀▀▀║
1784348731.351 RX ║██████████████╘═╡ The MajorBBS Emulator ╞═╛███████████████║
1784348731.351 RX ║████████████████│ By: MBBSEmu Community │█████████████████║
1784348731.351 RX ║                │https://www.mbbsemu.com│                 ║
1784348731.351 RX ╚══════════════════════════════════════════════════════════╝
1784348731.353 RX  
1784348731.353 RX Enter Username or enter "NEW" to create a new Account
1784348732.317 PART Username:  ²
1784348734.318 TX Vexil
1784348734.324 RX Vexil
1784348734.325 PART Password: 
1784348736.518 TX test123
1784348736.519 RX *******
1784348736.587 RX 
1784348736.587 RX Fantasy awaits you in MajorMUD v1.11p-WG!
1784348736.587 RX 
1784348736.588 RX 
1784348736.588 RX Please select one of the following:
1784348736.588 RX 
1784348736.589 RX    A ... MajorMUD
1784348736.589 RX 
1784348736.589 RX Main Menu
1784348736.589 PART Make your selection (X to exit): 
1784348738.718 TX A
1784348738.719 RX A
1784348738.725 RX 
1784348738.725 RX  M A J O R  M U D v1.11p-WG (Dec 30 2005 14:20:05)
1784348738.725 RX {Realm Of Legends}
1784348738.725 RX *ANSI RECOMMENDED*
1784348738.725 RX 
1784348738.725 RX [E] . Enter the Realm
1784348738.725 RX [H] . Help
1784348738.725 RX [A] . About the Game
1784348738.725 RX [C] . Game Counts
1784348738.725 RX [T] . Topten Adventurers
1784348738.725 RX [G] . Topten Gangs
1784348738.725 RX [W] . Who's in the Realm
1784348738.725 RX [R] . Release Notes
1784348738.725 RX [I] . Information
1784348738.725 RX [X] . Exit Game
1784348738.725 RX 
1784348738.725 PART [MAJORMUD]: 
1784348740.918 TX E
1784348741.073 RX E
1784348741.078 RX 
1784348741.078 RX MajorMUD - ROL
1784348741.078 RX 
1784348741.078 RX =-=-=-=-=-=-=-=-=-=-=-=-=-=-=-=-=-=-=-=-=-=-=-=-=-=-=-=-=-=-=-=-=-=-=-=-=-=-=
1784348741.078 RX 
1784348741.080 RX Temple, Halls of the Dead
1784348741.081 RX     This somber stone chamber is barely illuminated by the many torches lining
1784348741.081 RX its walls, and it seems to stretch on forever. Many marble slabs lay in neatly
1784348741.081 RX ordered rows about the room, some of them bearing sheet-shrouded forms upon
1784348741.081 RX them. White clad priests solemnly stride throughout the hall, making
1784348741.081 RX preparations for burial of the dead. The only sound is the faint shuffling of
1784348741.081 RX the priests, and the occasional closing of a door. A stone staircase set in the
1784348741.081 RX east wall leads up. 
1784348741.081 RX Obvious exits: up
1784348741.081 PART [HP=56/MA=66]:
1784348743.119 TX c blur
1784348744.250 RX c blur
1784348744.260 RX You cast blur on Zinvar!
1784348744.260 RX [HP=56/MA=62]:You are blurred!
1784348744.269 PART [HP=56/MA=62]:
1784348751.253 RX You hear movement above you!
1784348751.282 RX [HP=56/MA=62]:You hear movement above you!
1784348751.282 PART [HP=56/MA=62]:
1784348753.751 TX u
1784348753.757 RX u
1784348754.335 RX Temple Healer
1784348754.335 RX     The hall's lofty roof is supported by graceful soaring archways, and the
1784348754.335 RX walls are crafted of white marble run through with silver streaks. There is a
1784348754.335 RX priest waiting here to heal the wounded. She smiles kindly at you as you enter.
1784348754.335 RX A small bowl of silver nobles stands on the table she sits behind, and you can
1784348754.335 RX see it is nearly full. A stone stairwell descends into the catacombs of the
1784348754.335 RX temple at the rear of this room, and you can exit into the main hall to the
1784348754.335 RX south. 
1784348754.335 RX You notice small sign here.
1784348754.335 RX Also here: wounded messenger, healer.
1784348754.335 RX Obvious exits: south, down
1784348754.954 TX s
1784348754.956 RX [HP=56/MA=62]:s
1784348755.347 RX Temple Hall
1784348755.347 RX     The hall's lofty roof is supported by graceful soaring archways, and the
1784348755.347 RX walls are crafted of white marble run through with silver streaks. Bright lamps
1784348755.347 RX line the walls, illuminating every dark corner here. A wide passageway to the
1784348755.347 RX east leads to the Temple's foyer, and from there out onto the street. To the
1784348755.347 RX south, you can see the Priest spell shop, and to the north, the Temple's
1784348755.347 RX Healer. The large hall continues to the west, at the end of which is the
1784348755.347 RX chapel. 
1784348755.347 RX Obvious exits: north, south, east, west
1784348756.159 TX e
1784348756.170 RX [HP=56/MA=62]:e
1784348757.155 RX Temple Foyer
1784348757.163 RX     The hall's lofty roof is supported by graceful soaring archways, and the
1784348757.163 RX walls are crafted of white marble run through with silver streaks. Bright lamps
1784348757.163 RX line the walls, illuminating every dark corner here. Racks and shelves line the
1784348757.163 RX walls, for people to leave dirty cloaks or clothing. To the east are the
1784348757.163 RX Temple's ornate doors, propped open even in these uncertain times, and to the
1784348757.163 RX west, a wide passageway leads towards the inner parts of the Temple. 
1784348757.163 RX Obvious exits: east, west
1784348757.357 TX e
1784348757.359 RX [HP=56/MA=62]:e
1784348758.557 TX s
1784348759.691 RX Intersection of Temple St. & Stone St.
1784348759.691 RX     The magnificent Temple of Silvermere stands tall and proud to your west. It
1784348759.691 RX white silver-streaked marble walls are a testament to its magnificent
1784348759.691 RX construction, as does the fact that it has remained seemingly undamaged for the
1784348759.691 RX past hundred years. This is where weary folk go to have their wounds healed,
1784348759.691 RX and where holy folk receive their divine training. The Temple's large wrought
1784348759.691 RX doors are open to the public at all hours. Stone street crosses to the north
1784348759.691 RX and south here. 
1784348759.691 RX Also here: elite guardsman.
1784348759.691 RX Obvious exits: north, south, east, west
1784348759.691 RX [HP=56/MA=62]:s
1784348759.761 TX s
1784348759.769 RX s
1784348760.698 RX Stone Street
1784348760.707 RX     This is a cobblestoned street. It is dimly lit by guttering lanterns hung
1784348760.707 RX from tall posts. It slightly grungy and shabby here, and you do not see many
1784348760.707 RX people around here. Sometimes you hear a noise coming from the shadows, but as
1784348760.707 RX you quickly turn your head, you see nothing. The street continues to the south,
1784348760.707 RX and off to the north, you can see and intersection. 
1784348760.707 RX Obvious exits: north, south
1784348760.707 RX [HP=56/MA=62]:s
1784348760.964 TX s
1784348760.972 RX s
1784348762.160 TX s
1784348762.644 RX Stone Street
1784348762.644 RX     This is a cobblestoned street. It is dimly lit by guttering lanterns hung
1784348762.644 RX from tall posts. It slightly grungy and shabby here, and you do not see many
1784348762.644 RX people around here. Sometimes you hear a noise coming from the shadows, but as
1784348762.644 RX you quickly turn your head, you see nothing. The street continues to the north
1784348762.644 RX and south. There is an alley to your west and the backdoor to some building to
1784348762.644 RX your east. 
1784348762.644 RX Obvious exits: north, south, east
1784348762.644 RX [HP=56/MA=62]:s
1784348762.645 RX s
1784348763.361 TX s
1784348763.362 RX s
1784348763.663 RX Stone Street
1784348763.663 RX     This is a cobblestoned street. It is dimly lit by guttering lanterns hung
1784348763.663 RX from tall posts. It slightly grungy and shabby here, and you do not see many
1784348763.663 RX people around here. Sometimes you hear a noise coming from the shadows, but as
1784348763.663 RX you quickly turn your head, you see nothing. The street continues to the north
1784348763.663 RX and south. 
1784348763.663 RX Obvious exits: north, south
1784348763.663 RX [HP=56/MA=62]:s
1784348764.561 TX s
1784348765.243 RX Stone Street
1784348765.245 RX     This is a cobblestoned street. It is dimly lit by guttering lanterns hung
1784348765.245 RX from tall posts. It slightly grungy and shabby here, and you do not see many
1784348765.245 RX people around here. Sometimes you hear a noise coming from the shadows, but as
1784348765.245 RX you quickly turn your head, you see nothing. The street continues to the north
1784348765.245 RX and south. 
1784348765.245 RX Obvious exits: north, south
1784348765.245 RX [HP=56/MA=62]:s
1784348765.761 TX s
1784348766.963 TX s
1784348767.906 RX Intersection of Stone St. & Oak St.
1784348767.906 RX     This is a cobblestoned street. It is dimly lit by guttering lanterns hung
1784348767.906 RX from tall posts. This intersection is clean and well-kept, and is sparsely
1784348767.906 RX populated. Stone street continues to the north and south, with Oak street to
1784348767.906 RX the east and west. 
1784348767.907 RX Also here: small guardsman, fat guardsman.
1784348767.910 RX Obvious exits: north, south, east, west
1784348767.910 RX [HP=56/MA=62]:s
1784348768.161 TX s
1784348768.924 RX Stone Street
1784348768.925 RX     This is a cobblestoned street. It is dimly lit by guttering lanterns hung
1784348768.925 RX from tall posts. It is not terribly clean, as it crosses through some seedy
1784348768.925 RX parts of the city, and the buildings and houses are at best average quality.
1784348768.925 RX The street continues to the north and south. 
1784348768.925 RX Obvious exits: north, south, east
1784348768.925 RX [HP=56/MA=62]:s
1784348769.361 TX w
1784348770.561 TX w
1784348770.763 RX [HP=56/MA=65]:Stone Street
1784348770.763 RX     This is a cobblestoned street. It is dimly lit by guttering lanterns hung
1784348770.763 RX from tall posts. It is not terribly clean, as it crosses through some seedy
1784348770.763 RX parts of the city, and the buildings and houses are at best average quality.
1784348770.763 RX The street continues to the north and south. 
1784348770.763 RX Obvious exits: north, south
1784348770.763 RX [HP=56/MA=65]:s
1784348771.761 TX s
1784348771.786 RX Stone Street
1784348771.786 RX     This is a cobblestoned street. It is dimly lit by guttering lanterns hung
1784348771.786 RX from tall posts. It is not terribly clean, as it crosses through some seedy
1784348771.786 RX parts of the city, and the buildings and houses are at best average quality.
1784348771.786 RX The street continues to the north and south. 
1784348771.786 RX Obvious exits: north, south
1784348771.786 RX [HP=56/MA=65]:s
1784348772.967 TX s
1784348773.655 RX Intersection of Stone St. & Noble St.
1784348773.655 RX     This is a cobblestoned street. It is dimly lit by guttering lanterns hung
1784348773.655 RX from tall posts. The city wall is to the south, towering over twenty feet above
1784348773.655 RX you. It is quiet and deserted here, due to the proximity of the slums. Debris
1784348773.655 RX and garbage is piled up against the walls, and here and there you can see a
1784348773.655 RX stray animal cowering in the shadows. Stone street arrows off to the north, and
1784348773.655 RX Noble street is to the east and west. 
1784348773.655 RX Obvious exits: north, east, west
1784348773.655 RX [HP=56/MA=65]:w
1784348774.165 TX s
1784348775.372 TX s
1784348776.116 RX Noble Street
1784348776.118 RX     This is a cobblestoned street. It is dimly lit by guttering lanterns hung
1784348776.118 RX from tall posts. The city wall is to the south, towering over twenty feet above
1784348776.118 RX you. It is quiet and deserted here, due to the proximity of the slums. Debris
1784348776.118 RX and garbage is piled up against the walls, and here and there you can see a
1784348776.118 RX stray animal cowering in the shadows. The street continues to the east and
1784348776.118 RX west. 
1784348776.118 RX Obvious exits: east, west
1784348776.118 RX [HP=56/MA=65]:w
1784348777.137 RX Noble Street, Slum Gates
1784348777.137 RX     This is a cobblestoned street. It is dimly lit by guttering lanterns hung
1784348777.137 RX from tall posts. Debris and garbage is thick here, as the slum gates lie to
1784348777.137 RX your south. Just inside these gates you can see the fortified position of a
1784348777.137 RX makeshift guard post. The street continues to the east and west. 
1784348777.137 RX Also here: big filthy beggar, big filthy beggar.
1784348777.137 RX Obvious exits: south, east, west
1784348777.137 RX [HP=56/MA=65]:s
1784348779.033 RX Slum Entrance
1784348779.048 RX     The narrow path is barricaded heavily by a makeshift construction of heavy
1784348779.048 RX wooden beams. Guards flank the only opening in this wall, keeping a watchful
1784348779.048 RX eye on all who approach. It is well-known that the slums have recently been
1784348779.048 RX overrun by gangs and thugs, and that the need to keep these destructive
1784348779.048 RX elements away from the city proper is great. You can exit through the barricade
1784348779.048 RX to the south, or onto a street to the north. 
1784348779.048 RX Also here: guardsman, large guardsman.
1784348779.048 RX Obvious exits: north, south
1784348779.048 RX [HP=56/MA=65]:s
1784348780.050 RX Slum Street
1784348780.051 RX     This is a dirty, unkept street. Debris and refuse is shoved into piles up
1784348780.051 RX against the sides on tall, rickety buildings here, and a gutter in the middle
1784348780.051 RX of the sloped street guides a stream of filthy water. The stone tiles are
1784348780.051 RX cracked in many places, showing rocky bits of ground. There is a barricade off
1784348780.051 RX to the north, and you can continue down the street to the south. 
1784348780.051 RX Obvious exits: north, south
1784348780.051 RX [HP=56/MA=65]:s
1784348781.542 RX Slum Street
1784348781.544 RX     This is a dirty, unkept street. Debris and refuse is shoved into piles up
1784348781.544 RX against the sides on tall, rickety buildings here, and a gutter in the middle
1784348781.544 RX of the sloped street guides a stream of filthy water. The stone tiles are
1784348781.544 RX cracked in many places, showing rocky bits of ground. 
1784348781.544 RX Obvious exits: north, south
1784348781.544 RX [HP=56/MA=65]:s
1784348784.194 RX Slum Street
1784348784.194 RX     This is a dirty, unkept street. Debris and refuse is shoved into piles up
1784348784.194 RX against the sides on tall, rickety buildings here, and a gutter in the middle
1784348784.194 RX of the sloped street guides a stream of filthy water. There is a small,
1784348784.194 RX ramshackle shop to the west here. 
1784348784.194 RX Obvious exits: north, south, west
1784348784.194 PART [HP=56/MA=65]:
1784348785.759 TX s
1784348785.762 RX s
1784348786.953 RX Slum Street, Crossroads
1784348786.953 RX     This is a dirty, unkept street. Debris and refuse is shoved into piles up
1784348786.953 RX against the sides on tall, rickety buildings here, and a gutter in the middle
1784348786.953 RX of the sloped street guides a stream of filthy water. The stone tiles are
1784348786.953 RX cracked in many places, showing rocky bits of ground. 
1784348786.953 RX Also here: large thug.
1784348786.953 RX Obvious exits: north, south, east, west
1784348786.961 TX s
1784348786.961 RX [HP=56/MA=65]:s
1784348787.960 RX Slum Street
1784348787.960 RX     This is a dirty, unkept street. Debris and refuse is shoved into piles up
1784348787.960 RX against the sides on tall, rickety buildings here, and a gutter in the middle
1784348787.960 RX of the sloped street guides a stream of filthy water. The stone tiles are
1784348787.960 RX cracked in many places, showing rocky bits of ground. 
1784348787.960 RX Obvious exits: north, south
1784348788.159 TX s
1784348788.162 RX [HP=56/MA=65]:s
1784348789.360 TX s
1784348789.701 RX Slum Street, Intersection
1784348789.702 RX     This is a dirty, unkept street. Debris and refuse is shoved into piles up
1784348789.702 RX against the sides on tall, rickety buildings here, and a gutter in the middle
1784348789.702 RX of the sloped street guides a stream of filthy water. The stone tiles are
1784348789.702 RX cracked in many places, showing rocky bits of ground. 
1784348789.705 RX Obvious exits: north, south, east
1784348789.705 RX [HP=56/MA=65]:s
1784348790.560 TX s
1784348790.741 RX You hear movement to the east.
1784348790.741 PART [HP=56/MA=65]:
1784348791.760 TX s
1784348792.195 RX Slum Street
1784348792.195 RX     This is a dirty, unkept street. Debris and refuse is shoved into piles up
1784348792.195 RX against the sides on tall, rickety buildings here, and a gutter in the middle
1784348792.195 RX of the sloped street guides a stream of filthy water. The stone tiles are
1784348792.195 RX cracked in many places, showing rocky bits of ground. 
1784348792.195 RX Obvious exits: north, south
1784348792.200 RX [HP=56/MA=65]:s
1784348792.200 RX 
1784348792.961 TX s
1784348792.963 RX s
1784348793.226 RX Slum Street, Intersection
1784348793.226 RX     This is a dirty, unkept street. Debris and refuse is shoved into piles up
1784348793.226 RX against the sides on tall, rickety buildings here, and a gutter in the middle
1784348793.226 RX of the sloped street guides a stream of filthy water. The stone tiles are
1784348793.226 RX cracked in many places, showing rocky bits of ground. 
1784348793.226 RX Obvious exits: north, south, east
1784348793.226 RX [HP=56/MA=65]:s
1784348794.161 TX s
1784348794.725 RX Slum Street
1784348794.725 RX     This is a dirty, unkept street. Debris and refuse is shoved into piles up
1784348794.725 RX against the sides on tall, rickety buildings here, and a gutter in the middle
1784348794.725 RX of the sloped street guides a stream of filthy water. The stone tiles are
1784348794.725 RX cracked in many places, showing rocky bits of ground. 
1784348794.725 RX Also here: fat orc rogue, fierce orc rogue.
1784348794.725 RX Obvious exits: north, south
1784348794.725 RX [HP=56/MA=65]:s
1784348795.361 TX s
1784348795.736 RX Slum Street, Intersection
1784348795.736 RX     This is a dirty, unkept street. Debris and refuse is shoved into piles up
1784348795.736 RX against the sides on tall, rickety buildings here, and a gutter in the middle
1784348795.736 RX of the sloped street guides a stream of filthy water. The stone tiles are
1784348795.736 RX cracked in many places, showing rocky bits of ground. 
1784348795.736 RX Obvious exits: north, south, west
1784348795.736 RX [HP=56/MA=65]:s
1784348796.561 TX e
1784348797.194 RX Slum Street
1784348797.197 RX     This is a dirty, unkept street. Debris and refuse is shoved into piles up
1784348797.197 RX against the sides on tall, rickety buildings here, and a gutter in the middle
1784348797.197 RX of the sloped street guides a stream of filthy water. The stone tiles are
1784348797.197 RX cracked in many places, showing rocky bits of ground. 
1784348797.197 RX Obvious exits: north, south
1784348797.197 RX [HP=56/MA=65]:s
1784348797.761 TX e
1784348798.977 TX e
1784348800.170 TX e
1784348800.403 RX Slum Street, Bend
1784348800.403 RX     This is a dirty, unkept street. Debris and refuse is shoved into piles up
1784348800.403 RX against the sides on tall, rickety buildings here, and a gutter in the middle
1784348800.403 RX of the sloped street guides a stream of filthy water. The stone tiles are
1784348800.403 RX cracked in many places, showing rocky bits of ground. 
1784348800.403 RX Obvious exits: north, west
1784348800.403 RX [HP=56/MA=65]:e
1784348800.405 RX There is no exit in that direction!
1784348801.367 TX e
1784348801.412 RX [HP=56/MA=65]:e
1784348801.413 RX There is no exit in that direction!
1784348801.413 PART [HP=56/MA=65]:
1784348802.567 TX s
1784348803.131 RX e
1784348803.131 RX There is no exit in that direction!
1784348803.768 TX s
1784348804.160 RX [HP=56/MA=65]:e
1784348804.160 RX There is no exit in that direction!
1784348804.969 TX s
1784348804.160 PART [HP=56/MA=65]:
1784348805.881 RX e
1784348805.881 RX There is no exit in that direction!
1784348806.170 TX get gold
1784348806.886 RX [HP=56/MA=65]:s
1784348806.886 RX There is no exit in that direction!
1784348806.886 PART [HP=56/MA=65]:
1784348808.517 RX s
1784348808.517 RX There is no exit in that direction!
1784348808.517 PART [HP=56/MA=65]:
1784348809.536 RX s
1784348809.536 RX There is no exit in that direction!
1784348809.536 PART [HP=56/MA=65]:
1784348811.392 RX [HP=56/MA=66]:get gold
1784348811.394 RX You don't see any gold crowns
1784348811.398 PART [HP=56/MA=66]:
1784348828.243 TX look
1784348829.115 RX look
1784348829.134 RX Slum Street, Bend
1784348829.134 RX     This is a dirty, unkept street. Debris and refuse is shoved into piles up
1784348829.134 RX against the sides on tall, rickety buildings here, and a gutter in the middle
1784348829.134 RX of the sloped street guides a stream of filthy water. The stone tiles are
1784348829.134 RX cracked in many places, showing rocky bits of ground. 
1784348829.134 RX Obvious exits: north, west
1784348829.150 PART [HP=56/MA=66]:
1784348886.200 TX n
1784348886.237 RX n
1784348887.461 RX Slum Street
1784348887.521 RX     This is a dirty, unkept street. Debris and refuse is shoved into piles up
1784348887.521 RX against the sides on tall, rickety buildings here, and a gutter in the middle
1784348887.521 RX of the sloped street guides a stream of filthy water. The stone tiles are
1784348887.521 RX cracked in many places, showing rocky bits of ground. 
1784348887.543 RX Obvious exits: north, south
1784348887.709 TX look
1784348887.732 RX [HP=56/MA=66]:look
1784348887.850 RX Slum Street
1784348887.852 RX     This is a dirty, unkept street. Debris and refuse is shoved into piles up
1784348887.852 RX against the sides on tall, rickety buildings here, and a gutter in the middle
1784348887.852 RX of the sloped street guides a stream of filthy water. The stone tiles are
1784348887.852 RX cracked in many places, showing rocky bits of ground. 
1784348887.852 RX Obvious exits: north, south
1784348887.871 PART [HP=56/MA=66]:
1784348903.841 TX n
1784348903.877 RX n
1784348904.034 RX Slum Street, Intersection
1784348904.034 RX     This is a dirty, unkept street. Debris and refuse is shoved into piles up
1784348904.034 RX against the sides on tall, rickety buildings here, and a gutter in the middle
1784348904.034 RX of the sloped street guides a stream of filthy water. The stone tiles are
1784348904.034 RX cracked in many places, showing rocky bits of ground. 
1784348904.042 RX Obvious exits: north, south, west
1784348905.037 TX n
1784348905.041 RX [HP=56/MA=66]:n
1784348905.954 RX Slum Street
1784348905.954 RX     This is a dirty, unkept street. Debris and refuse is shoved into piles up
1784348905.954 RX against the sides on tall, rickety buildings here, and a gutter in the middle
1784348905.954 RX of the sloped street guides a stream of filthy water. The stone tiles are
1784348905.954 RX cracked in many places, showing rocky bits of ground. 
1784348905.954 RX Also here: fat orc rogue, fierce orc rogue.
1784348905.954 RX Obvious exits: north, south
1784348906.239 TX e
1784348906.242 RX [HP=56/MA=66]:e
1784348906.249 RX There is no exit in that direction!
1784348907.087 RX [HP=56/MA=66]:The fat orc rogue lunges at you with their shortsword, but you dodge!
1784348907.093 RX [HP=56/MA=66]:The fierce orc rogue lunges at you with their shortsword, but you dodge!
1784348907.440 TX e
1784348907.443 RX [HP=56/MA=66]:e
1784348907.443 RX There is no exit in that direction!
1784348907.443 PART [HP=56/MA=66]:
1784348908.636 TX n
1784348908.687 RX n
1784348909.421 RX Slum Street, Intersection
1784348909.423 RX     This is a dirty, unkept street. Debris and refuse is shoved into piles up
1784348909.423 RX against the sides on tall, rickety buildings here, and a gutter in the middle
1784348909.423 RX of the sloped street guides a stream of filthy water. The stone tiles are
1784348909.423 RX cracked in many places, showing rocky bits of ground. 
1784348909.423 RX Obvious exits: north, south, east
1784348909.849 TX n
1784348909.920 RX [HP=56/MA=66]:n
1784348910.654 RX Slum Street
1784348910.654 RX     This is a dirty, unkept street. Debris and refuse is shoved into piles up
1784348910.654 RX against the sides on tall, rickety buildings here, and a gutter in the middle
1784348910.654 RX of the sloped street guides a stream of filthy water. The stone tiles are
1784348910.654 RX cracked in many places, showing rocky bits of ground. 
1784348910.654 RX Obvious exits: north, south
1784348911.040 TX n
1784348911.049 RX [HP=56/MA=66]:n
1784348912.240 TX n
1784348913.442 TX n
1784348914.311 RX Slum Street, Intersection
1784348914.311 RX     This is a dirty, unkept street. Debris and refuse is shoved into piles up
1784348914.311 RX against the sides on tall, rickety buildings here, and a gutter in the middle
1784348914.311 RX of the sloped street guides a stream of filthy water. The stone tiles are
1784348914.311 RX cracked in many places, showing rocky bits of ground. 
1784348914.318 RX Obvious exits: north, south, east
1784348914.318 RX [HP=56/MA=66]:n
1784348914.328 RX n
1784348914.643 TX e
1784348914.646 RX e
1784348915.346 RX Slum Street
1784348915.346 RX     This is a dirty, unkept street. Debris and refuse is shoved into piles up
1784348915.346 RX against the sides on tall, rickety buildings here, and a gutter in the middle
1784348915.346 RX of the sloped street guides a stream of filthy water. The stone tiles are
1784348915.346 RX cracked in many places, showing rocky bits of ground. 
1784348915.346 RX Obvious exits: north, south
1784348915.356 RX [HP=56/MA=66]:n
1784348915.844 TX e
1784348917.044 TX e
1784348917.294 RX Slum Street, Crossroads
1784348917.310 RX     This is a dirty, unkept street. Debris and refuse is shoved into piles up
1784348917.310 RX against the sides on tall, rickety buildings here, and a gutter in the middle
1784348917.310 RX of the sloped street guides a stream of filthy water. The stone tiles are
1784348917.310 RX cracked in many places, showing rocky bits of ground. 
1784348917.310 RX Also here: large thug.
1784348917.310 RX Obvious exits: north, south, east, west
1784348917.310 RX [HP=56/MA=66]:e
1784348918.245 TX e
1784348918.517 RX The large thug swipes at you with their spiked club, but you dodge!
1784348918.517 RX [HP=56/MA=66]:Slum Street
1784348918.517 RX     This is a dirty, unkept street. Debris and refuse is shoved into piles up
1784348918.517 RX against the sides on tall, rickety buildings here, and a gutter in the middle
1784348918.517 RX of the sloped street guides a stream of filthy water. The stone tiles are
1784348918.517 RX cracked in many places, showing rocky bits of ground. 
1784348918.517 RX Obvious exits: east, west
1784348918.517 RX [HP=56/MA=66]:e
1784348919.446 TX n
1784348919.937 RX Slum Street
1784348919.939 RX     This is a dirty, unkept street. Debris and refuse is shoved into piles up
1784348919.939 RX against the sides on tall, rickety buildings here, and a gutter in the middle
1784348919.939 RX of the sloped street guides a stream of filthy water. The stone tiles are
1784348919.939 RX cracked in many places, showing rocky bits of ground. 
1784348919.939 RX Obvious exits: east, west
1784348919.939 RX [HP=56/MA=66]:e
1784348920.647 TX e
1784348921.856 TX e
1784348922.353 RX Slum Street
1784348922.353 RX     This is a dirty, unkept street. Debris and refuse is shoved into piles up
1784348922.353 RX against the sides on tall, rickety buildings here, and a gutter in the middle
1784348922.353 RX of the sloped street guides a stream of filthy water. The stone tiles are
1784348922.353 RX cracked in many places, showing rocky bits of ground. 
1784348922.353 RX Obvious exits: east, west
1784348922.353 RX [HP=56/MA=66]:e
1784348923.050 TX e
1784348923.349 RX Slum Street, Intersection
1784348923.350 RX     This is a dirty, unkept street. Debris and refuse is shoved into piles up
1784348923.350 RX against the sides on tall, rickety buildings here, and a gutter in the middle
1784348923.350 RX of the sloped street guides a stream of filthy water. The stone tiles are
1784348923.350 RX cracked in many places, showing rocky bits of ground. 
1784348923.350 RX Obvious exits: south, east, west
1784348923.350 RX [HP=56/MA=66]:n
1784348923.350 RX There is no exit in that direction!
1784348923.350 PART [HP=56/MA=66]:
1784348925.386 RX e
1784348926.551 RX Slum Street
1784348926.551 RX     This is a dirty, unkept street. Debris and refuse is shoved into piles up
1784348926.551 RX against the sides on tall, rickety buildings here, and a gutter in the middle
1784348926.551 RX of the sloped street guides a stream of filthy water. The stone tiles are
1784348926.551 RX cracked in many places, showing rocky bits of ground. There is a thin, winding
1784348926.551 RX alley to the southeast. 
1784348926.593 RX Also here: orc rogue, large orc rogue.
1784348926.593 RX Obvious exits: west, southeast
1784348926.593 RX [HP=56/MA=66]:e
1784348926.593 RX There is no exit in that direction!
1784348926.593 PART [HP=56/MA=66]:
1784348929.264 RX The orc rogue lunges at you with their shortsword!
1784348929.294 RX [HP=56/MA=66]:The large orc rogue slashes you for 10 damage!
1784348929.294 RX [HP=46/MA=66]:e
1784348929.294 RX There is no exit in that direction!
1784348929.294 PART [HP=46/MA=66]:
1784348937.487 TX s
1784348937.497 RX s
1784348937.524 RX There is no exit in that direction!
1784348937.524 PART [HP=46/MA=66]:
1784348938.783 TX s
1784348939.542 RX large orc rogue just left to the west.
1784348939.542 RX [HP=46/MA=66]:s
1784348939.542 RX There is no exit in that direction!
1784348940.084 TX s
1784348940.085 RX [HP=46/MA=66]:s
1784348940.085 RX There is no exit in that direction!
1784348940.583 RX [HP=46/MA=66]:The orc rogue impales you for 5 damage!
1784348941.387 TX s
1784348941.396 RX [HP=41/MA=66]:s
1784348941.396 RX There is no exit in that direction!
1784348941.396 PART [HP=41/MA=66]:
1784348942.694 TX e
1784348943.280 RX e
1784348943.280 RX There is no exit in that direction!
1784348943.989 TX e
1784348943.994 RX [HP=41/MA=66]:e
1784348943.994 RX There is no exit in that direction!
1784348943.994 PART [HP=41/MA=66]:
1784348945.297 TX e
1784348945.305 PART e
1784348946.607 TX e
1784348946.966 RX 
1784348946.966 RX There is no exit in that direction!
1784348946.966 RX [HP=41/MA=66]:e
1784348946.966 RX There is no exit in that direction!
1784348947.903 TX e
1784348947.907 RX [HP=41/MA=66]:e
1784348947.907 RX There is no exit in that direction!
1784348947.907 PART [HP=41/MA=66]:
1784348949.206 TX s
1784348949.872 RX The orc rogue lunges at you with their shortsword, but you dodge!
1784348949.872 RX [HP=41/MA=66]:[HP=42/MA=66]:s
1784348949.872 RX There is no exit in that direction!
1784348950.507 TX s
1784348950.573 RX [HP=42/MA=66]:s
1784348950.619 RX There is no exit in that direction!
1784348950.619 PART [HP=42/MA=66]:
1784348951.807 TX s
1784348951.820 RX s
1784348951.820 RX There is no exit in that direction!
1784348951.820 PART [HP=42/MA=66]:
1784348953.110 TX get gold
1784348953.135 RX get gold
1784348953.148 RX You don't see any gold crowns
1784348953.162 PART [HP=42/MA=66]:
1784348957.024 RX The orc rogue lunges at you with their shortsword, but you dodge!
1784348957.024 PART [HP=42/MA=66]:
1784348963.617 RX You hear movement to the west.
1784348963.617 PART [HP=42/MA=66]:
1784348965.347 RX The orc rogue lunges at you with their shortsword, but you dodge!
1784348965.347 PART [HP=42/MA=66]:
1784348974.090 RX The orc rogue lunges at you with their shortsword, but you dodge!
1784348974.090 PART [HP=42/MA=66]:
1784348981.606 RX The orc rogue lunges at you with their shortsword, but you dodge!
1784348981.606 PART [HP=42/MA=66]:
1784348982.761 RX You hear movement to the west.
1784348982.761 PART [HP=42/MA=66]:
1784348987.466 TX c mmis rogue
1784348987.562 RX c mmis rogue
1784348987.617 RX You do not know how to cast mmis rogue.
1784348988.518 RX [HP=42/MA=66]:The orc rogue lunges at you with their shortsword, but you dodge!
1784348988.518 PART [HP=42/MA=66]:
1784348996.327 RX The orc rogue slashes you for 2 damage!
1784348996.333 PART [HP=40/MA=66]:[HP=41/MA=66]:
1784349002.530 TX c magic missile orc
1784349002.545 RX c magic missile orc
1784349002.553 RX You do not know how to cast magic missile orc.
1784349002.554 PART [HP=41/MA=66]:
1784349005.840 RX The orc rogue lunges at you with their shortsword, but you dodge!
1784349005.840 PART [HP=41/MA=66]:
1784349013.535 RX The orc rogue lunges at you with their shortsword, but you dodge!
1784349013.535 PART [HP=41/MA=66]:
1784349021.065 RX The orc rogue impales you for 9 damage!
1784349021.065 PART [HP=32/MA=66]:
1784349025.709 TX spells
1784349025.715 RX spells
1784349025.730 RX You have the following spells:
1784349025.730 RX Level Mana Short Spell Name
1784349025.730 RX   1   4    blur  blur                          
1784349025.730 RX   2   4    illu  illuminate                    
1784349025.730 RX   7   10   flas  flash                         
1784349025.730 RX   8   10   stnk  stinking cloud                
1784349025.730 RX 
1784349025.730 PART [HP=32/MA=66]:
1784349035.489 RX The orc rogue slashes you for 3 damage!
1784349035.489 PART [HP=29/MA=66]:
1784349045.802 RX The orc rogue lunges at you with their shortsword, but you dodge!
1784349045.802 PART [HP=29/MA=66]:
1784349057.355 RX The orc rogue impales you for 7 damage!
1784349057.361 PART [HP=22/MA=66]:[HP=23/MA=66]:
1784349063.538 RX The orc rogue lunges at you with their shortsword, but you dodge!
1784349063.538 PART [HP=23/MA=66]:
1784349069.076 RX The effects of blur wear off.
1784349069.076 PART [HP=23/MA=66]:
1784349070.507 RX The orc rogue slashes you for 5 damage!
1784349070.507 PART [HP=18/MA=66]:
1784349075.578 RX You hear movement to the west.
1784349075.578 PART [HP=18/MA=66]:
1784349084.030 RX large orc rogue moves into the room from the west.
1784349084.030 PART [HP=18/MA=66]:
1784349087.319 RX The orc rogue impales you for 6 damage!
1784349087.324 RX [HP=12/MA=66]:The large orc rogue impales you for 6 damage!
1784349087.324 PART [HP=6/MA=66]:
1784349099.798 RX The orc rogue impales you for 5 damage!
1784349099.980 RX [HP=1/MA=66]:The large orc rogue slashes you for 4 damage!
1784349099.982 RX [HP=-3/MA=66]:Zinvar drops to the ground!
1784349099.982 PART [HP=-3/MA=66]:
1784349113.192 RX The orc rogue slashes you for 8 damage!
1784349113.192 RX [HP=-11/MA=66]:The large orc rogue slashes you for 8 damage!
1784349113.199 PART [HP=-19/MA=66]:[HP=-20/MA=66]:
1784349120.991 RX The orc rogue slashes you for 10 damage!
1784349120.991 RX [HP=-30/MA=66]:The large orc rogue slashes you for 7 damage!
1784349120.991 PART [HP=-37/MA=66]:
1784349128.315 RX The orc rogue lunges at you with their shortsword!
1784349128.321 RX [HP=-37/MA=66]:The large orc rogue slashes you for 3 damage!
1784349128.321 PART [HP=-40/MA=66]:
1784349136.288 RX The orc rogue slashes you for 7 damage!
1784349136.292 RX [HP=-47/MA=66]:The large orc rogue impales you for 11 damage!
1784349136.292 PART [HP=-58/MA=66]:
1784349140.789 TX c mmis
1784349140.797 RX c mmis
1784349140.804 RX You may not do that while you are mortally wounded!
1784349140.804 PART [HP=-58/MA=66]:
1784349142.586 TX look
1784349142.590 RX look
1784349142.596 RX Slum Street
1784349142.601 RX     This is a dirty, unkept street. Debris and refuse is shoved into piles up
1784349142.601 RX against the sides on tall, rickety buildings here, and a gutter in the middle
1784349142.601 RX of the sloped street guides a stream of filthy water. The stone tiles are
1784349142.601 RX cracked in many places, showing rocky bits of ground. There is a thin, winding
1784349142.601 RX alley to the southeast. 
1784349142.605 RX Also here: orc rogue, large orc rogue.
1784349142.605 RX Obvious exits: west, southeast
1784349142.607 PART [HP=-58/MA=66]:
1784349143.735 RX The orc rogue slashes you for 10 damage!
1784349143.737 RX [HP=-68/MA=66]:The large orc rogue impales you for 5 damage!
1784349143.737 PART [HP=-73/MA=66]:
1784349151.114 RX The orc rogue impales you for 2 damage!
1784349151.114 PART [HP=-75/MA=66]:
1784349159.449 RX large orc rogue just left to the southeast.
1784349159.451 RX [HP=-75/MA=66]:The orc rogue impales you for 11 damage!
1784349159.468 PART [HP=-86/MA=66]:[HP=-87/MA=66]:
1784349171.822 RX You hear movement to the southeast.
1784349171.822 PART [HP=-87/MA=66]:
1784349173.626 RX The orc rogue slashes you for 5 damage!
1784349173.626 PART [HP=-92/MA=66]:
1784349180.924 RX The orc rogue impales you for 11 damage!
1784349180.924 PART [HP=-103/MA=66]:
1784349186.186 RX orc rogue just left to the southeast.
1784349186.186 PART [HP=-103/MA=66]:
1784349205.100 PART [HP=-104/MA=66]:
1784349259.517 PART [HP=-105/MA=66]:
1784349336.911 PART [HP=-106/MA=66]:
1784349404.583 !! driver quit
1784349505.258 !! driver connected raw=/home/daniel/bbs/re/oracle/oracle_mcast_zinvar.raw
1784349505.294 RX ╔══════════════════════════════════════════════════════════╗
1784349505.294 RX ║█████████████████▄███████▄███████▄████████████████████████║
1784349505.294 RX ║██████████████▀▀██████▀▀██████▀▀▀▀███▀▀▀▀█████████████████║
1784349505.294 RX ║██████████████████▀███████▀███████████████████████████████║
1784349505.294 RX ║███▀███▀██████▀▀██████▀▀███▀▀▀▀██████▀▀▀████▀███▀█████████║
1784349505.294 RX ║████▀▀▀███████████▀███████▀██████████████████▀▀▀████▀████▀║
1784349505.294 RX ║▀▀▀█████▀▀▀▀▀▀▀▀▀▀█▀▀▀▀▀▀▀█▀▀▀▀▀▀▀▀▀▀▀▀▀▀▀▀▀█████▀▀▀█▀▀▀▀▀║
1784349505.294 RX ║██████████████╘═╡ The MajorBBS Emulator ╞═╛███████████████║
1784349505.294 RX ║████████████████│ By: MBBSEmu Community │█████████████████║
1784349505.294 RX ║                │https://www.mbbsemu.com│                 ║
1784349505.294 RX ╚══════════════════════════════════════════════════════════╝
1784349505.295 RX  
1784349505.295 RX Enter Username or enter "NEW" to create a new Account
1784349506.275 PART Username:  ²
1784349508.228 TX Vexil
1784349508.232 RX Vexil
1784349508.233 PART Password: 
1784349510.428 TX test123
1784349510.429 RX *******
1784349510.507 RX 
1784349510.507 RX Fantasy awaits you in MajorMUD v1.11p-WG!
1784349510.507 RX 
1784349510.508 RX 
1784349510.508 RX Please select one of the following:
1784349510.508 RX 
1784349510.509 RX    A ... MajorMUD
1784349510.509 RX 
1784349510.509 RX Main Menu
1784349510.509 PART Make your selection (X to exit): 
1784349512.628 TX A
1784349512.629 RX A
1784349512.636 RX 
1784349512.636 RX  M A J O R  M U D v1.11p-WG (Dec 30 2005 14:20:05)
1784349512.636 RX {Realm Of Legends}
1784349512.636 RX *ANSI RECOMMENDED*
1784349512.636 RX 
1784349512.636 RX [E] . Enter the Realm
1784349512.636 RX [H] . Help
1784349512.636 RX [A] . About the Game
1784349512.636 RX [C] . Game Counts
1784349512.636 RX [T] . Topten Adventurers
1784349512.636 RX [G] . Topten Gangs
1784349512.636 RX [W] . Who's in the Realm
1784349512.636 RX [R] . Release Notes
1784349512.636 RX [I] . Information
1784349512.636 RX [X] . Exit Game
1784349512.636 RX 
1784349512.636 PART [MAJORMUD]: 
1784349514.828 TX E
1784349515.034 RX E
1784349515.042 RX 
1784349515.042 RX MajorMUD - ROL
1784349515.042 RX 
1784349515.042 RX =-=-=-=-=-=-=-=-=-=-=-=-=-=-=-=-=-=-=-=-=-=-=-=-=-=-=-=-=-=-=-=-=-=-=-=-=-=-=
1784349515.042 RX 
1784349515.045 RX Slum Street
1784349515.046 RX     This is a dirty, unkept street. Debris and refuse is shoved into piles up
1784349515.046 RX against the sides on tall, rickety buildings here, and a gutter in the middle
1784349515.046 RX of the sloped street guides a stream of filthy water. The stone tiles are
1784349515.046 RX cracked in many places, showing rocky bits of ground. There is a thin, winding
1784349515.046 RX alley to the southeast. 
1784349515.046 RX Obvious exits: west, southeast
1784349515.046 PART [HP=56/MA=66]:
1784349518.288 RX An nasty orc rogue walks into the room from the west.
1784349518.314 RX [HP=56/MA=66]:An small orc rogue walks into the room from the west.
1784349518.317 RX [HP=56/MA=66]:The nasty orc rogue slashes you for 8 damage!
1784349518.319 RX [HP=48/MA=66]:The small orc rogue impales you for 5 damage!
1784349518.319 PART [HP=43/MA=66]:
1784349524.513 RX The nasty orc rogue slashes you for 9 damage!
1784349524.513 RX [HP=34/MA=66]:The small orc rogue slashes you for 7 damage!
1784349524.513 PART [HP=27/MA=66]:
1784349527.563 TX w
1784349527.564 RX w
1784349528.763 TX w
1784349528.841 RX Slum Street, Intersection
1784349528.842 RX     This is a dirty, unkept street. Debris and refuse is shoved into piles up
1784349528.842 RX against the sides on tall, rickety buildings here, and a gutter in the middle
1784349528.842 RX of the sloped street guides a stream of filthy water. The stone tiles are
1784349528.842 RX cracked in many places, showing rocky bits of ground. 
1784349528.842 RX Obvious exits: south, east, west
1784349528.842 RX [HP=27/MA=66]:w
1784349529.852 RX Slum Street
1784349529.852 RX     This is a dirty, unkept street. Debris and refuse is shoved into piles up
1784349529.852 RX against the sides on tall, rickety buildings here, and a gutter in the middle
1784349529.852 RX of the sloped street guides a stream of filthy water. The stone tiles are
1784349529.852 RX cracked in many places, showing rocky bits of ground. 
1784349529.852 RX Obvious exits: east, west
1784349529.963 TX w
1784349529.964 RX [HP=27/MA=66]:w
1784349531.163 TX w
1784349531.493 RX Slum Street
1784349531.493 RX     This is a dirty, unkept street. Debris and refuse is shoved into piles up
1784349531.493 RX against the sides on tall, rickety buildings here, and a gutter in the middle
1784349531.493 RX of the sloped street guides a stream of filthy water. The stone tiles are
1784349531.493 RX cracked in many places, showing rocky bits of ground. 
1784349531.493 RX Obvious exits: east, west
1784349531.493 RX [HP=27/MA=66]:w
1784349532.365 TX w
1784349533.565 TX n
1784349534.203 RX Slum Street
1784349534.203 RX     This is a dirty, unkept street. Debris and refuse is shoved into piles up
1784349534.203 RX against the sides on tall, rickety buildings here, and a gutter in the middle
1784349534.203 RX of the sloped street guides a stream of filthy water. The stone tiles are
1784349534.203 RX cracked in many places, showing rocky bits of ground. 
1784349534.203 RX Obvious exits: east, west
1784349534.203 RX [HP=27/MA=66]:w
1784349534.204 RX n
1784349534.765 TX n
1784349534.766 RX n
1784349535.282 RX You hear movement to the west.
1784349535.283 RX [HP=27/MA=66]:Slum Street, Crossroads
1784349535.283 RX     This is a dirty, unkept street. Debris and refuse is shoved into piles up
1784349535.283 RX against the sides on tall, rickety buildings here, and a gutter in the middle
1784349535.283 RX of the sloped street guides a stream of filthy water. The stone tiles are
1784349535.283 RX cracked in many places, showing rocky bits of ground. 
1784349535.283 RX Also here: orc rogue.
1784349535.283 RX Obvious exits: north, south, east, west
1784349535.283 RX [HP=27/MA=66]:n
1784349535.965 TX n
1784349537.165 TX n
1784349537.246 RX Slum Street
1784349537.246 RX     This is a dirty, unkept street. Debris and refuse is shoved into piles up
1784349537.246 RX against the sides on tall, rickety buildings here, and a gutter in the middle
1784349537.246 RX of the sloped street guides a stream of filthy water. There is a small,
1784349537.246 RX ramshackle shop to the west here. 
1784349537.246 RX Obvious exits: north, south, west
1784349537.246 RX [HP=27/MA=66]:n
1784349538.283 RX Slum Street
1784349538.283 RX     This is a dirty, unkept street. Debris and refuse is shoved into piles up
1784349538.283 RX against the sides on tall, rickety buildings here, and a gutter in the middle
1784349538.283 RX of the sloped street guides a stream of filthy water. The stone tiles are
1784349538.283 RX cracked in many places, showing rocky bits of ground. 
1784349538.283 RX Obvious exits: north, south
1784349538.283 RX [HP=27/MA=66]:n
1784349538.367 TX n
1784349539.567 TX e
1784349539.999 RX Slum Street
1784349539.999 RX     This is a dirty, unkept street. Debris and refuse is shoved into piles up
1784349539.999 RX against the sides on tall, rickety buildings here, and a gutter in the middle
1784349539.999 RX of the sloped street guides a stream of filthy water. The stone tiles are
1784349539.999 RX cracked in many places, showing rocky bits of ground. There is a barricade off
1784349539.999 RX to the north, and you can continue down the street to the south. 
1784349539.999 RX Obvious exits: north, south
1784349539.999 RX [HP=27/MA=66]:n
1784349540.767 TX e
1784349541.967 TX n
1784349542.496 RX You hear movement to the north.
1784349542.517 RX [HP=27/MA=66]:You hear movement to the north.
1784349542.520 RX [HP=27/MA=66]:Slum Entrance
1784349542.521 RX     The narrow path is barricaded heavily by a makeshift construction of heavy
1784349542.521 RX wooden beams. Guards flank the only opening in this wall, keeping a watchful
1784349542.521 RX eye on all who approach. It is well-known that the slums have recently been
1784349542.521 RX overrun by gangs and thugs, and that the need to keep these destructive
1784349542.521 RX elements away from the city proper is great. You can exit through the barricade
1784349542.521 RX to the south, or onto a street to the north. 
1784349542.521 RX Also here: fat guardsman, large guardsman.
1784349542.521 RX Obvious exits: north, south
1784349542.521 RX [HP=27/MA=66]:n
1784349543.167 TX n
1784349543.539 RX Noble Street, Slum Gates
1784349543.540 RX     This is a cobblestoned street. It is dimly lit by guttering lanterns hung
1784349543.540 RX from tall posts. Debris and garbage is thick here, as the slum gates lie to
1784349543.540 RX your south. Just inside these gates you can see the fortified position of a
1784349543.540 RX makeshift guard post. The street continues to the east and west. 
1784349543.540 RX Also here: thin black cat, angry townsman.
1784349543.543 RX Obvious exits: south, east, west
1784349543.543 RX [HP=27/MA=66]:e
1784349545.107 RX [HP=28/MA=66]:Noble Street
1784349545.107 RX     This is a cobblestoned street. It is dimly lit by guttering lanterns hung
1784349545.107 RX from tall posts. The city wall is to the south, towering over twenty feet above
1784349545.107 RX you. It is quiet and deserted here, due to the proximity of the slums. Debris
1784349545.107 RX and garbage is piled up against the walls, and here and there you can see a
1784349545.107 RX stray animal cowering in the shadows. The street continues to the east and
1784349545.107 RX west. 
1784349545.107 RX Obvious exits: east, west
1784349545.107 RX [HP=28/MA=66]:e
1784349546.134 RX Intersection of Stone St. & Noble St.
1784349546.135 RX     This is a cobblestoned street. It is dimly lit by guttering lanterns hung
1784349546.135 RX from tall posts. The city wall is to the south, towering over twenty feet above
1784349546.135 RX you. It is quiet and deserted here, due to the proximity of the slums. Debris
1784349546.135 RX and garbage is piled up against the walls, and here and there you can see a
1784349546.135 RX stray animal cowering in the shadows. Stone street arrows off to the north, and
1784349546.135 RX Noble street is to the east and west. 
1784349546.135 RX Obvious exits: north, east, west
1784349546.135 RX [HP=28/MA=66]:n
1784349547.771 RX Stone Street
1784349547.771 RX     This is a cobblestoned street. It is dimly lit by guttering lanterns hung
1784349547.771 RX from tall posts. It is not terribly clean, as it crosses through some seedy
1784349547.771 RX parts of the city, and the buildings and houses are at best average quality.
1784349547.771 RX The street continues to the north and south. 
1784349547.771 RX Obvious exits: north, south
1784349547.771 RX [HP=28/MA=66]:n
1784349550.464 RX Stone Street
1784349550.464 RX     This is a cobblestoned street. It is dimly lit by guttering lanterns hung
1784349550.464 RX from tall posts. It is not terribly clean, as it crosses through some seedy
1784349550.464 RX parts of the city, and the buildings and houses are at best average quality.
1784349550.464 RX The street continues to the north and south. 
1784349550.464 RX Obvious exits: north, south
1784349550.464 PART [HP=28/MA=66]:
1784349557.821 TX n
1784349557.959 RX n
1784349558.986 RX Stone Street
1784349558.987 RX     This is a cobblestoned street. It is dimly lit by guttering lanterns hung
1784349558.987 RX from tall posts. It is not terribly clean, as it crosses through some seedy
1784349558.987 RX parts of the city, and the buildings and houses are at best average quality.
1784349558.987 RX The street continues to the north and south. 
1784349558.987 RX Obvious exits: north, south, east
1784349559.125 TX n
1784349559.126 RX [HP=28/MA=66]:n
1784349560.424 TX n
1784349560.790 RX Intersection of Stone St. & Oak St.
1784349560.791 RX     This is a cobblestoned street. It is dimly lit by guttering lanterns hung
1784349560.791 RX from tall posts. This intersection is clean and well-kept, and is sparsely
1784349560.791 RX populated. Stone street continues to the north and south, with Oak street to
1784349560.791 RX the east and west. 
1784349560.791 RX Also here: large guardsman, large guardsman.
1784349560.791 RX Obvious exits: north, south, east, west
1784349560.791 RX [HP=28/MA=66]:n
1784349561.724 TX n
1784349561.816 RX Stone Street
1784349561.816 RX     This is a cobblestoned street. It is dimly lit by guttering lanterns hung
1784349561.816 RX from tall posts. It slightly grungy and shabby here, and you do not see many
1784349561.816 RX people around here. Sometimes you hear a noise coming from the shadows, but as
1784349561.816 RX you quickly turn your head, you see nothing. The street continues to the north
1784349561.816 RX and south. 
1784349561.816 RX Obvious exits: north, south
1784349561.816 RX [HP=28/MA=66]:n
1784349563.024 TX n
1784349563.671 RX Stone Street
1784349563.672 RX     This is a cobblestoned street. It is dimly lit by guttering lanterns hung
1784349563.672 RX from tall posts. It slightly grungy and shabby here, and you do not see many
1784349563.672 RX people around here. Sometimes you hear a noise coming from the shadows, but as
1784349563.672 RX you quickly turn your head, you see nothing. The street continues to the north
1784349563.672 RX and south. 
1784349563.672 RX Obvious exits: north, south
1784349563.672 RX [HP=28/MA=66]:n
1784349564.324 TX n
1784349565.624 TX n
1784349566.436 RX Stone Street
1784349566.436 RX     This is a cobblestoned street. It is dimly lit by guttering lanterns hung
1784349566.436 RX from tall posts. It slightly grungy and shabby here, and you do not see many
1784349566.436 RX people around here. Sometimes you hear a noise coming from the shadows, but as
1784349566.436 RX you quickly turn your head, you see nothing. The street continues to the north
1784349566.436 RX and south. There is an alley to your west and the backdoor to some building to
1784349566.436 RX your east. 
1784349566.436 RX Obvious exits: north, south, east
1784349566.436 RX [HP=28/MA=66]:n
1784349566.924 TX n
1784349567.493 RX Stone Street
1784349567.494 RX     This is a cobblestoned street. It is dimly lit by guttering lanterns hung
1784349567.494 RX from tall posts. It slightly grungy and shabby here, and you do not see many
1784349567.494 RX people around here. Sometimes you hear a noise coming from the shadows, but as
1784349567.494 RX you quickly turn your head, you see nothing. The street continues to the south,
1784349567.494 RX and off to the north, you can see and intersection. 
1784349567.494 RX Obvious exits: north, south
1784349567.494 RX [HP=28/MA=66]:n
1784349568.224 TX n
1784349568.943 RX Intersection of Temple St. & Stone St.
1784349568.944 RX     The magnificent Temple of Silvermere stands tall and proud to your west. It
1784349568.944 RX white silver-streaked marble walls are a testament to its magnificent
1784349568.944 RX construction, as does the fact that it has remained seemingly undamaged for the
1784349568.944 RX past hundred years. This is where weary folk go to have their wounds healed,
1784349568.944 RX and where holy folk receive their divine training. The Temple's large wrought
1784349568.944 RX doors are open to the public at all hours. Stone street crosses to the north
1784349568.944 RX and south here. 
1784349568.944 RX Also here: Templar.
1784349568.944 RX Obvious exits: north, south, east, west
1784349568.944 RX [HP=28/MA=66]:n
1784349568.945 RX Templar just left to the east.
1784349569.524 TX n
1784349569.972 RX [HP=28/MA=66]:Stone Street
1784349569.973 RX     This is a cobblestoned street. It is dimly lit by guttering lanterns hung
1784349569.973 RX from tall posts. It slightly grungy and shabby here, and you do not see many
1784349569.973 RX people around here. Sometimes you hear a noise coming from the shadows, but as
1784349569.973 RX you quickly turn your head, you see nothing. The street continues to the north,
1784349569.973 RX and off to the south, you can see an intersection. 
1784349569.973 RX Obvious exits: north, south
1784349569.973 RX [HP=28/MA=66]:n
1784349570.824 TX look
1784349571.542 RX Stone Street
1784349571.542 RX     This is a cobblestoned street. It is dimly lit by guttering lanterns hung
1784349571.542 RX from tall posts. It slightly grungy and shabby here, and you do not see many
1784349571.542 RX people around here. Sometimes you hear a noise coming from the shadows, but as
1784349571.542 RX you quickly turn your head, you see nothing. The street continues to the north
1784349571.542 RX and south. 
1784349571.543 RX Obvious exits: north, south
1784349571.543 RX [HP=28/MA=66]:n
1784349574.258 RX Stone Street
1784349574.258 RX     This is a cobblestoned street. It is dimly lit by guttering lanterns hung
1784349574.258 RX from tall posts. It slightly grungy and shabby here, and you do not see many
1784349574.258 RX people around here. Sometimes you hear a noise coming from the shadows, but as
1784349574.258 RX you quickly turn your head, you see nothing. The street continues to the north
1784349574.258 RX and south. A thin alleyway is to the west. 
1784349574.258 RX Obvious exits: north, south, west
1784349574.258 RX [HP=28/MA=66]:look
1784349574.258 RX Stone Street
1784349574.258 RX     This is a cobblestoned street. It is dimly lit by guttering lanterns hung
1784349574.258 RX from tall posts. It slightly grungy and shabby here, and you do not see many
1784349574.258 RX people around here. Sometimes you hear a noise coming from the shadows, but as
1784349574.258 RX you quickly turn your head, you see nothing. The street continues to the north
1784349574.258 RX and south. A thin alleyway is to the west. 
1784349574.258 RX Obvious exits: north, south, west
1784349574.258 PART [HP=28/MA=66]:
1784349586.736 TX n
1784349586.741 RX [HP=29/MA=66]:n
1784349586.769 RX Stone Street
1784349586.770 RX     This is a cobblestoned street. It is dimly lit by guttering lanterns hung
1784349586.770 RX from tall posts. It slightly grungy and shabby here, and you do not see many
1784349586.770 RX people around here. Sometimes you hear a noise coming from the shadows, but as
1784349586.770 RX you quickly turn your head, you see nothing. The street continues to the north
1784349586.770 RX and south. 
1784349586.770 RX Obvious exits: north, south
1784349586.770 PART [HP=29/MA=66]:
1784349588.035 TX n
1784349588.602 RX n
1784349589.335 TX n
1784349589.653 RX Stone Street
1784349589.653 RX     This is a cobblestoned street. It is dimly lit by guttering lanterns hung
1784349589.653 RX from tall posts. It slightly grungy and shabby here, and you do not see many
1784349589.653 RX people around here. Sometimes you hear a noise coming from the shadows, but as
1784349589.653 RX you quickly turn your head, you see nothing. The street continues to the north
1784349589.653 RX and south. 
1784349589.653 RX Obvious exits: north, south
1784349589.653 RX [HP=29/MA=66]:n
1784349590.637 TX n
1784349590.638 RX n
1784349591.374 RX Intersection of Stone St. and Crown St.
1784349591.375 RX     This is a cobblestoned street. It is dimly lit by guttering lanterns hung
1784349591.375 RX from tall posts. It is relatively clean, and is quiet and fairly unpopulated.
1784349591.375 RX The buildings here are plain-looking and unornamented, but are well-made. Stone
1784349591.375 RX street's end is here, and continues to the south, with Crown street crossing it
1784349591.375 RX to the east and west. 
1784349591.375 RX You notice large sign here.
1784349591.375 RX Also here: guardsman.
1784349591.375 RX Obvious exits: south, east, west
1784349591.375 RX [HP=29/MA=66]:n
1784349591.375 RX There is no exit in that direction!
1784349591.937 TX look
1784349591.939 RX [HP=29/MA=66]:look
1784349591.940 RX Intersection of Stone St. and Crown St.
1784349591.940 RX     This is a cobblestoned street. It is dimly lit by guttering lanterns hung
1784349591.940 RX from tall posts. It is relatively clean, and is quiet and fairly unpopulated.
1784349591.940 RX The buildings here are plain-looking and unornamented, but are well-made. Stone
1784349591.940 RX street's end is here, and continues to the south, with Crown street crossing it
1784349591.940 RX to the east and west. 
1784349591.940 RX You notice large sign here.
1784349591.940 RX Also here: guardsman.
1784349591.940 RX Obvious exits: south, east, west
1784349591.940 PART [HP=29/MA=66]:
1784349603.415 TX look
1784349603.702 RX look
1784349603.703 RX Intersection of Stone St. and Crown St.
1784349603.703 RX     This is a cobblestoned street. It is dimly lit by guttering lanterns hung
1784349603.703 RX from tall posts. It is relatively clean, and is quiet and fairly unpopulated.
1784349603.703 RX The buildings here are plain-looking and unornamented, but are well-made. Stone
1784349603.703 RX street's end is here, and continues to the south, with Crown street crossing it
1784349603.703 RX to the east and west. 
1784349603.703 RX You notice large sign here.
1784349603.703 RX Also here: guardsman.
1784349603.703 RX Obvious exits: south, east, west
1784349603.704 PART [HP=29/MA=66]:
1784349619.340 TX w
1784349619.667 RX w
1784349620.640 TX w
1784349620.644 RX Crown Street
1784349620.645 RX     This is a cobblestoned street. It is dimly lit by guttering lanterns hung
1784349620.645 RX from tall posts. It is relatively clean, and is quiet and fairly unpopulated.
1784349620.645 RX The buildings here are plain-looking and unornamented, but are well-made. The
1784349620.645 RX street continues to the east and west, and there is a short alleyway to the
1784349620.645 RX north. 
1784349620.645 RX Obvious exits: north, east, west
1784349620.645 RX [HP=29/MA=66]:
1784349621.940 TX w
1784349622.031 RX Crown Street
1784349622.032 RX     This is a cobblestoned street. It is dimly lit by guttering lanterns hung
1784349622.032 RX from tall posts. It is relatively clean, and is quiet and fairly unpopulated.
1784349622.032 RX The buildings here are plain-looking and unornamented, but are well-made. The
1784349622.032 RX street continues to the east and west. 
1784349622.032 RX Obvious exits: closed door north, east, west
1784349622.032 RX [HP=29/MA=66]:w
1784349623.240 TX w
1784349624.540 TX w
1784349625.093 RX Crown Street
1784349625.094 RX     This is a cobblestoned street. It is dimly lit by guttering lanterns hung
1784349625.094 RX from tall posts. It is relatively clean, and is quiet and fairly unpopulated.
1784349625.094 RX The buildings here are plain-looking and unornamented, but are well-made. The
1784349625.094 RX street continues to the east and west. 
1784349625.094 RX Obvious exits: closed door north, east, west
1784349625.094 RX [HP=29/MA=66]:w
1784349625.096 RX w
1784349625.840 TX n
1784349625.841 RX n
1784349626.108 RX Crown Street
1784349626.109 RX     This is a cobblestoned street. It is dimly lit by guttering lanterns hung
1784349626.109 RX from tall posts. It is relatively clean, and is quiet and fairly unpopulated.
1784349626.109 RX The buildings here are plain-looking and unornamented, but are well-made. The
1784349626.109 RX street continues to the east and west. 
1784349626.109 RX Obvious exits: east, west
1784349626.109 RX [HP=29/MA=66]:w
1784349627.140 TX n
1784349627.687 RX [HP=30/MA=66]:Intersection of Westwall St. & Crown St.
1784349627.688 RX     This is a cobblestoned street. It is dimly lit by guttering lanterns hung
1784349627.688 RX from tall posts. The city wall is to the west, towering over twenty feet above
1784349627.688 RX you. Westwall street is fairly quiet as it is not extensively travelled. It is
1784349627.688 RX littered with debris, and the buildings here have a decidedly shabby
1784349627.688 RX appearance. Wetswall street continues to the north and south, with Crown street
1784349627.688 RX angling off to the east. 
1784349627.688 RX Obvious exits: north, south, east
1784349627.688 RX [HP=30/MA=66]:n
1784349627.689 RX n
1784349628.440 TX n
1784349628.442 RX n
1784349628.699 RX Westwall Street
1784349628.700 RX     This is a cobblestoned street. It is dimly lit by guttering lanterns hung
1784349628.700 RX from tall posts. The city wall is to the west, towering over twenty feet above
1784349628.700 RX you. Westwall street is fairly quiet as it is not extensively travelled. It is
1784349628.700 RX littered with debris, and the buildings here have a decidedly shabby
1784349628.700 RX appearance. The street continues to the north and south. 
1784349628.700 RX Obvious exits: north, south
1784349628.700 RX [HP=30/MA=66]:n
1784349629.741 TX e
1784349630.075 RX Westwall Street
1784349630.076 RX     This is a cobblestoned street. It is dimly lit by guttering lanterns hung
1784349630.076 RX from tall posts. The city wall is to the west, towering over twenty feet above
1784349630.076 RX you. Westwall street is fairly quiet as it is not extensively travelled. It is
1784349630.076 RX littered with debris, and the buildings here have a decidedly shabby
1784349630.076 RX appearance. The street continues to the north and south. 
1784349630.076 RX Obvious exits: north, south
1784349630.076 RX [HP=30/MA=66]:n
1784349630.076 RX e
1784349631.043 TX n
1784349631.043 RX n
1784349632.341 TX e
1784349632.489 RX Westwall Street
1784349632.489 RX     This is a cobblestoned street. It is dimly lit by guttering lanterns hung
1784349632.489 RX from tall posts. The city wall is to the west, towering over twenty feet above
1784349632.489 RX you. Westwall street is fairly quiet as it is not extensively travelled. It is
1784349632.489 RX littered with debris, and the buildings here have a decidedly shabby
1784349632.489 RX appearance. The city's north-western guard tower is to the north, and Westwall
1784349632.489 RX street continues to the east and south. 
1784349632.494 RX Obvious exits: south, east
1784349632.494 RX [HP=30/MA=66]:e
1784349633.529 RX Intersection of River St. & Westwall St.
1784349633.530 RX     This is a cobblestoned street. It is dimly lit by guttering lanterns hung
1784349633.530 RX from tall posts. River street and Westwall street bend around the side of the
1784349633.530 RX guard tower to the northwest here, meeting in the middle. River street
1784349633.530 RX continues off to the north, with Westwall street going to the west. The sides
1784349633.530 RX of massive warehouses loom over you to the east and south. 
1784349633.530 RX Also here: large guardsman.
1784349633.530 RX Obvious exits: north, west
1784349633.530 RX [HP=30/MA=66]:n
1784349633.642 TX e
1784349634.894 RX River Street
1784349634.895 RX     This is a cobblestoned street. It is dimly lit by guttering lanterns hung
1784349634.895 RX from tall posts. The city wall is to the north, towering over twenty feet above
1784349634.895 RX you. River street is fairly quiet, but is well-used as it intersects many main
1784349634.895 RX streets. The reinforced door to the city's north-western guard tower is to the
1784349634.895 RX west, closed and locked. The street continues to the east and south. 
1784349634.895 RX Obvious exits: south, east
1784349634.895 RX [HP=30/MA=66]:e
1784349634.941 TX e
1784349635.909 RX River Street
1784349635.910 RX     This is a cobblestoned street. It is dimly lit by guttering lanterns hung
1784349635.910 RX from tall posts. To the north you can see the entrance to the Wharf district,
1784349635.910 RX which leads to the city's docks. River street continues to the east and west
1784349635.910 RX here. 
1784349635.910 RX Obvious exits: north, east, west
1784349635.910 RX [HP=30/MA=66]:e
1784349636.241 TX e
1784349637.281 RX River Street
1784349637.282 RX     This is a cobblestoned street. It is dimly lit by guttering lanterns hung
1784349637.282 RX from tall posts. To the north you can see the entrance to the Wharf district,
1784349637.282 RX which leads to the city's docks. River street continues to the east and west
1784349637.282 RX here. To the south is the side of a massive warehouse. 
1784349637.282 RX Obvious exits: north, east, west
1784349637.282 RX [HP=30/MA=66]:e
1784349637.541 TX e
1784349638.841 TX e
1784349639.614 RX River Street
1784349639.615 RX     This is a cobblestoned street. It is dimly lit by guttering lanterns hung
1784349639.615 RX from tall posts. To the north you can see the entrance to the Wharf district,
1784349639.615 RX which leads to the city's docks. River street continues to the east and west
1784349639.615 RX here. To the south is the side of a massive warehouse. 
1784349639.615 RX Obvious exits: north, east, west
1784349639.615 RX [HP=30/MA=66]:e
1784349640.141 TX e
1784349640.632 RX River Street
1784349640.634 RX     This is a cobblestoned street. It is dimly lit by guttering lanterns hung
1784349640.634 RX from tall posts. To the north you can see the entrance to the Wharf district,
1784349640.634 RX which leads to the city's docks. To the south is a small alleyway. River street
1784349640.634 RX continues to the east and west. 
1784349640.634 RX Obvious exits: north, south, east, west
1784349640.634 RX [HP=30/MA=66]:e
1784349641.442 TX s
1784349641.934 RX River Street
1784349641.934 RX     This is a cobblestoned street. It is dimly lit by guttering lanterns hung
1784349641.934 RX from tall posts. To the north is the city wall, and to the south there is a
1784349641.934 RX tall, rickety house, whose door is set with a tarnished brass knocker. There
1784349641.934 RX seems to be no-one home, as there are no light lit. River street continues to
1784349641.934 RX the east and west. 
1784349641.934 RX Obvious exits: east, west
1784349641.934 RX [HP=30/MA=66]:e
1784349642.746 TX s
1784349642.955 RX River Street
1784349642.957 RX     This is a cobblestoned street. It is dimly lit by guttering lanterns hung
1784349642.957 RX from tall posts. The city wall is to the north, towering over twenty feet above
1784349642.957 RX you. River street is fairly quiet, but is well-used as it intersects many main
1784349642.957 RX streets. It continues to the east and west. 
1784349642.957 RX Obvious exits: east, west
1784349642.957 RX [HP=30/MA=66]:e
1784349644.042 TX w
1784349644.988 RX Intersection of River St. & Mystic Alley
1784349644.990 RX     This is a cobblestoned street. It is dimly lit by guttering lanterns hung
1784349644.990 RX from tall posts. The city wall is to the north, towering over twenty feet above
1784349644.990 RX you. River street is fairly quiet, but is well-used as it intersects many main
1784349644.990 RX streets. It continues to the east and west. An ornate metal sign is attached to
1784349644.990 RX one of the lamp-posts, reading "Magic Shoppe" in a thin, spidery script. 
1784349644.990 RX Obvious exits: south, east, west
1784349644.990 RX [HP=30/MA=66]:s
1784349645.343 TX s
1784349646.643 TX look
1784349647.590 RX Mystic Alley
1784349647.591 RX     This is a wide, well-lit alleyway. It is very clean and well-kept, and
1784349647.591 RX looks like it is regularly maintained. This is strange, since you can see no
1784349647.591 RX apparent source of light, and as you look closer, you can see not even the
1784349647.591 RX smallest particle of debris! The houses around you are all tall and
1784349647.591 RX rickety-looking, and you could swear that some houses just change places when
1784349647.591 RX you're not looking. The alleyway exits onto a street to the north, and
1784349647.591 RX continues to the south. 
1784349647.591 RX Obvious exits: north, south
1784349647.591 RX [HP=30/MA=66]:s
1784349648.599 RX Mystic Alley
1784349648.600 RX     This is a wide, well-lit alleyway. It is very clean and well-kept, and
1784349648.600 RX looks like it is regularly maintained. This is strange, since you can see no
1784349648.600 RX apparent source of light, and as you look closer, you can see not even the
1784349648.600 RX smallest particle of debris! The houses around you are all tall and
1784349648.600 RX rickety-looking, and you could swear that some houses just change places when
1784349648.600 RX you're not looking. The alleyway continues to the north and west. 
1784349648.600 RX Obvious exits: north, west
1784349648.600 RX [HP=30/MA=66]:w
1784349650.675 RX Mystic Alley
1784349650.676 RX     This is a wide, well-lit alleyway. It is very clean and well-kept, and
1784349650.676 RX looks like it is regularly maintained. This is strange, since you can see no
1784349650.676 RX apparent source of light, and as you look closer, you can see not even the
1784349650.676 RX smallest particle of debris! The houses around you are all tall and
1784349650.676 RX rickety-looking, and you could swear that some houses just change places when
1784349650.676 RX you're not looking. There is a strange-looking shop to the south, with a
1784349650.676 RX delicately-wrought glass door. 
1784349650.676 RX Obvious exits: south, east
1784349650.676 RX [HP=30/MA=66]:s
1784349651.702 RX Magic Shoppe
1784349651.704 RX     It is immediately obvious what this dwelling is as soon as you walk in. The
1784349651.704 RX room is nearly filled with arcane items and talismans of all sorts, and such
1784349651.704 RX esoteric things as Griffin claws and vials of Dragon's blood. As you turn your
1784349651.704 RX eyes towards the back of the room, you see a bored-looking young man sitting
1784349651.704 RX behind a counter. A large rack of rolled parchment scrolls sits behind his
1784349651.704 RX head. A shimmering bead curtain blocks your sight to the east, and there is a
1784349651.704 RX door north. 
1784349651.704 RX Also here: Aiken.
1784349651.704 RX Obvious exits: north, east
1784349651.704 RX [HP=30/MA=66]:look
1784349651.704 RX Magic Shoppe
1784349651.704 RX     It is immediately obvious what this dwelling is as soon as you walk in. The
1784349651.704 RX room is nearly filled with arcane items and talismans of all sorts, and such
1784349651.704 RX esoteric things as Griffin claws and vials of Dragon's blood. As you turn your
1784349651.704 RX eyes towards the back of the room, you see a bored-looking young man sitting
1784349651.704 RX behind a counter. A large rack of rolled parchment scrolls sits behind his
1784349651.704 RX head. A shimmering bead curtain blocks your sight to the east, and there is a
1784349651.704 RX door north. 
1784349651.704 RX Also here: Aiken.
1784349651.705 RX Obvious exits: north, east
1784349651.705 PART [HP=30/MA=66]:
1784349657.976 TX w
1784349657.979 RX w
1784349657.979 RX There is no exit in that direction!
1784349657.979 PART [HP=30/MA=66]:
1784349659.779 TX s
1784349659.783 RX s
1784349659.783 RX There is no exit in that direction!
1784349659.784 PART [HP=30/MA=66]:
1784349661.579 TX look
1784349662.261 RX look
1784349662.288 RX Magic Shoppe
1784349662.290 RX     It is immediately obvious what this dwelling is as soon as you walk in. The
1784349662.290 RX room is nearly filled with arcane items and talismans of all sorts, and such
1784349662.290 RX esoteric things as Griffin claws and vials of Dragon's blood. As you turn your
1784349662.290 RX eyes towards the back of the room, you see a bored-looking young man sitting
1784349662.290 RX behind a counter. A large rack of rolled parchment scrolls sits behind his
1784349662.290 RX head. A shimmering bead curtain blocks your sight to the east, and there is a
1784349662.290 RX door north. 
1784349662.290 RX Also here: Aiken.
1784349662.290 RX Obvious exits: north, east
1784349662.290 PART [HP=30/MA=66]:
1784349668.334 PART [HP=31/MA=66]:
1784349676.711 TX list
1784349676.716 RX list
1784349676.717 RX The following items are for sale here:
1784349676.717 RX 
1784349676.717 RX Item                          Quantity    Price
1784349676.717 RX ------------------------------------------------------
1784349676.719 RX scroll of magic missile       40           Free
1784349676.719 RX scroll of detect magic        35           Free
1784349676.721 RX scroll of ethereal shield     32           Free
1784349676.722 RX scroll of illuminate          30           8 gold crowns
1784349676.722 RX scroll of smite               30          16 gold crowns
1784349676.758 RX scroll of resist cold         25          30 gold crowns
1784349676.758 RX scroll of frost jet           24          40 gold crowns
1784349676.761 RX scroll of resist fire         20          60 gold crowns
1784349676.765 RX scroll of magic armour        18          70 gold crowns
1784349676.791 RX scroll of flash               13          90 gold crowns
1784349676.817 RX scroll of shockshield         10         120 gold crowns
1784349676.817 RX scroll of lightning bolt      5          150 gold crowns
1784349676.819 RX scroll of blur                30           Free
1784349676.819 RX scroll of shadowform          10         200 gold crowns
1784349676.819 RX scroll of stinking cloud      21         250 gold crowns
1784349676.819 RX scroll of mageshield          20         320 gold crowns
1784349676.823 RX scroll of mute                13         400 gold crowns
1784349676.823 RX scroll of dancing blades      8          500 gold crowns (Too powerful)
1784349676.823 RX scroll of vulnerability       4          600 gold crowns (Too powerful)
1784349676.859 RX scroll of fireball            4          700 gold crowns (Too powerful)
1784349676.859 PART [HP=31/MA=66]:
1784349692.052 TX buy scroll of magic missile
1784349692.059 RX buy scroll of magic missile
1784349692.059 RX You just bought scroll of magic missile for nothing.
1784349692.062 PART [HP=31/MA=66]:
1784349694.053 TX buy scroll of ethereal shield
1784349694.106 RX buy scroll of ethereal shield
1784349694.107 RX You just bought scroll of ethereal shield for nothing.
1784349694.107 PART [HP=31/MA=66]:
1784349696.053 TX buy scroll of smite
1784349696.078 RX buy scroll of smite
1784349696.080 RX You just bought scroll of smite for 16 gold crowns, 3 silver nobles, 2 copper farthings.
1784349696.080 PART [HP=31/MA=66]:
1784349698.053 TX buy scroll of frost jet
1784349698.342 RX buy scroll of frost jet
1784349698.344 RX You just bought scroll of frost jet for 40 gold crowns, 7 silver nobles, 10 copper farthings.
1784349698.344 PART [HP=31/MA=66]:
1784349700.053 TX buy scroll of magic armour
1784349700.062 RX buy scroll of magic armour
1784349700.065 RX You just bought scroll of magic armour for 71 gold crowns, 4 silver nobles.
1784349700.065 PART [HP=31/MA=66]:
1784349702.053 TX buy scroll of shockshield
1784349702.073 RX buy scroll of shockshield
1784349702.075 RX You just bought scroll of shockshield for 122 gold crowns, 4 silver nobles.
1784349702.075 PART [HP=31/MA=66]:
1784349704.053 TX buy scroll of lightning bolt
1784349704.061 RX buy scroll of lightning bolt
1784349704.062 RX You just bought scroll of lightning bolt for 153 gold crowns.
1784349706.053 TX buy scroll of mageshield
1784349706.064 RX [HP=31/MA=66]:[HP=32/MA=66]:buy scroll of mageshield
1784349706.066 RX You just bought scroll of mageshield for 326 gold crowns, 3 silver nobles, 10 copper farthings.
1784349706.067 PART [HP=32/MA=66]:
1784349717.598 TX use scroll of magic missile
1784349717.821 RX use scroll of magic missile
1784349717.823 RX You read scroll of magic missile and learn the spell magic missile.
1784349717.825 RX 
1784349717.825 PART [HP=32/MA=66]:
1784349719.598 TX use scroll of ethereal shield
1784349719.604 RX use scroll of ethereal shield
1784349719.606 RX You read scroll of ethereal shield and learn the spell ethereal shield.
1784349719.607 RX 
1784349719.607 PART [HP=32/MA=66]:
1784349721.599 TX use scroll of smite
1784349721.606 RX use scroll of smite
1784349721.608 RX You read scroll of smite and learn the spell smite.
1784349721.608 RX 
1784349721.608 PART [HP=32/MA=66]:
1784349723.599 TX use scroll of frost jet
1784349723.607 RX use scroll of frost jet
1784349723.611 RX You read scroll of frost jet and learn the spell frost jet.
1784349723.611 RX 
1784349723.611 PART [HP=32/MA=66]:
1784349725.599 TX use scroll of magic armour
1784349726.041 RX use scroll of magic armour
1784349726.046 RX You read scroll of magic armour and learn the spell magic armour.
1784349726.046 RX 
1784349726.046 PART [HP=32/MA=66]:
1784349727.599 TX use scroll of shockshield
1784349727.608 RX use scroll of shockshield
1784349727.608 RX You read scroll of shockshield and learn the spell shockshield.
1784349727.608 RX 
1784349727.608 PART [HP=32/MA=66]:
1784349729.599 TX use scroll of lightning bolt
1784349729.619 RX use scroll of lightning bolt
1784349729.623 RX You read scroll of lightning bolt and learn the spell lightning bolt.
1784349729.624 RX 
1784349729.624 PART [HP=32/MA=66]:
1784349731.599 TX use scroll of mageshield
1784349731.607 RX use scroll of mageshield
1784349731.608 RX You read scroll of mageshield and learn the spell mageshield.
1784349731.611 RX Its magic used, the scroll disintegrates.
1784349731.611 PART [HP=32/MA=66]:
1784349745.266 PART [HP=33/MA=66]:
1784349746.572 TX spells
1784349746.575 RX spells
1784349746.584 RX You have the following spells:
1784349746.584 RX Level Mana Short Spell Name
1784349746.584 RX   1   4    blur  blur                          
1784349746.584 RX   1   1    mmis  magic missile                 
1784349746.584 RX   2   4    illu  illuminate                    
1784349746.584 RX   3   4    smit  smite                         
1784349746.584 RX   4   3    fjet  frost jet                     
1784349746.584 RX   5   6    shld  ethereal shield               
1784349746.584 RX   6   6    armr  magic armour                  
1784349746.584 RX   7   10   flas  flash                         
1784349746.584 RX   8   5    lbol  lightning bolt                
1784349746.584 RX   8   10   stnk  stinking cloud                
1784349746.584 RX   9   10   mshi  mageshield                    
1784349746.584 RX   9   12   shok  shockshield                   
1784349746.584 RX 
1784349746.586 PART [HP=33/MA=66]:
1784349766.867 TX n
1784349768.166 TX e
1784349769.467 TX n
1784349769.483 RX n
1784349770.498 RX Mystic Alley
1784349770.499 RX     This is a wide, well-lit alleyway. It is very clean and well-kept, and
1784349770.499 RX looks like it is regularly maintained. This is strange, since you can see no
1784349770.499 RX apparent source of light, and as you look closer, you can see not even the
1784349770.499 RX smallest particle of debris! The houses around you are all tall and
1784349770.499 RX rickety-looking, and you could swear that some houses just change places when
1784349770.499 RX you're not looking. There is a strange-looking shop to the south, with a
1784349770.499 RX delicately-wrought glass door. 
1784349770.499 RX Obvious exits: south, east
1784349770.499 RX [HP=33/MA=66]:e
1784349770.767 TX n
1784349772.071 TX e
1784349772.194 RX Mystic Alley
1784349772.196 RX     This is a wide, well-lit alleyway. It is very clean and well-kept, and
1784349772.196 RX looks like it is regularly maintained. This is strange, since you can see no
1784349772.196 RX apparent source of light, and as you look closer, you can see not even the
1784349772.196 RX smallest particle of debris! The houses around you are all tall and
1784349772.196 RX rickety-looking, and you could swear that some houses just change places when
1784349772.196 RX you're not looking. The alleyway continues to the north and west. 
1784349772.196 RX Obvious exits: north, west
1784349772.196 RX [HP=33/MA=66]:n
1784349773.227 RX Mystic Alley
1784349773.227 RX     This is a wide, well-lit alleyway. It is very clean and well-kept, and
1784349773.227 RX looks like it is regularly maintained. This is strange, since you can see no
1784349773.227 RX apparent source of light, and as you look closer, you can see not even the
1784349773.227 RX smallest particle of debris! The houses around you are all tall and
1784349773.227 RX rickety-looking, and you could swear that some houses just change places when
1784349773.227 RX you're not looking. The alleyway exits onto a street to the north, and
1784349773.227 RX continues to the south. 
1784349773.227 RX Obvious exits: north, south
1784349773.227 RX [HP=33/MA=66]:n
1784349773.367 TX e
1784349774.672 TX s
1784349775.789 RX Intersection of River St. & Mystic Alley
1784349775.791 RX     This is a cobblestoned street. It is dimly lit by guttering lanterns hung
1784349775.791 RX from tall posts. The city wall is to the north, towering over twenty feet above
1784349775.791 RX you. River street is fairly quiet, but is well-used as it intersects many main
1784349775.791 RX streets. It continues to the east and west. An ornate metal sign is attached to
1784349775.791 RX one of the lamp-posts, reading "Magic Shoppe" in a thin, spidery script. 
1784349775.791 RX Obvious exits: south, east, west
1784349775.791 RX [HP=33/MA=66]:e
1784349775.969 TX s
1784349777.270 TX s
1784349777.284 RX River Street
1784349777.286 RX     This is a cobblestoned street. It is dimly lit by guttering lanterns hung
1784349777.286 RX from tall posts. The city wall is to the north, towering over twenty feet above
1784349777.286 RX you. River street is fairly quiet, but is well-used as it intersects many main
1784349777.286 RX streets. It continues to the east and west. You can see a junction off to the
1784349777.286 RX east. 
1784349777.286 RX Obvious exits: east, west
1784349777.286 RX [HP=33/MA=66]:e
1784349778.305 RX Intersection of Guild St. & River St.
1784349778.305 RX     This is a cobblestoned street. It is dimly lit by guttering lanterns hung
1784349778.305 RX from tall posts. The city wall is to the north, towering over twenty feet above
1784349778.305 RX you. River street is fairly quiet, but is well-used as it intersects many main
1784349778.305 RX streets. It continues to the east and west. The broad expanse of Guild street
1784349778.305 RX goes off to the south here, heading towards, and ending in, the town square.
1784349778.305 RX You can make out the entrance to a low wooden building off to the south. 
1784349778.305 RX Also here: small guardsman.
1784349778.305 RX Obvious exits: south, east, west
1784349778.305 RX [HP=33/MA=66]:s
1784349778.569 TX s
1784349779.877 TX s
1784349780.583 RX Guild Street, Northern End
1784349780.583 RX     This is a cobblestoned street. It is dimly lit by guttering lanterns hung
1784349780.583 RX from tall posts, and continues to the north and south. Directly to the east you
1784349780.583 RX can see a pub, and judgeing from its appearance it caters to the working class.
1784349780.583 RX Its door stands open, and you can hear loud bellows of laughter coming from
1784349780.583 RX within. The scent of ale is strong here. Off to the north, you can see the
1784349780.583 RX broad face of the city wall. 
1784349780.583 RX You notice pewter tankard here.
1784349780.583 RX Also here: short drunken brawler.
1784349780.583 RX Obvious exits: north, south, east
1784349780.583 RX [HP=33/MA=66]:s
1784349781.177 TX s
1784349781.603 RX Guild Street
1784349781.603 RX     This is a cobblestoned street. It is dimly lit by guttering lanterns hung
1784349781.603 RX from tall posts, and continues to the north and south. River street follows the
1784349781.603 RX city wall off to the north. It is very quiet here, but further north along the
1784349781.603 RX street you can hear the raucous sounds of a working man's pub. 
1784349781.603 RX Obvious exits: north, south
1784349781.603 RX [HP=33/MA=66]:s
1784349782.474 TX s
1784349783.780 TX s
1784349785.075 TX s
1784349785.269 RX Guild Street
1784349785.272 RX     This is a cobblestoned street. It is dimly lit by guttering lanterns hung
1784349785.272 RX from tall posts. It is quiet here, and a pleasant breeze flows over you from
1784349785.272 RX the north. Buildings stand to your east and west, and Guild street continues to
1784349785.272 RX the north and south. 
1784349785.272 RX Obvious exits: north, south
1784349785.272 RX [HP=33/MA=66]:s
1784349786.374 TX s
1784349786.791 RX A voice shouts aloud "Read the bulletin in the Adventurer's Guild!"
1784349786.793 RX Intersection of Guild St. & Crown St.
1784349786.793 RX     This is a cobblestoned street. It is dimly lit by guttering lanterns hung
1784349786.793 RX from tall posts, and continues to the north and south. The street is fairly
1784349786.793 RX clean here, and looks well-kept. Buildings loom over you at the corners of the
1784349786.793 RX crossing streets. Crown street crosses to the east and west here. 
1784349786.793 RX Obvious exits: north, south, east, west
1784349786.793 RX [HP=33/MA=66]:s
1784349787.674 TX w
1784349787.804 RX Guild Street
1784349787.806 RX     This is a cobblestoned street. It is dimly lit by guttering lanterns hung
1784349787.806 RX from tall posts, and continues to the north and south. Off to the south, you
1784349787.806 RX can see the Adventurer's Guild rising up over the tops of of the surrounding
1784349787.806 RX buildings. To the west, a strange ramshackle booth stands, a wooden sign posted
1784349787.806 RX to its side reading "Trader Tull's Barter Booth", and to the east is the
1784349787.806 RX Silvermere Property Office. 
1784349787.806 RX Obvious exits: north, south, east, west
1784349787.806 RX [HP=33/MA=66]:s
1784349788.974 TX w
1784349789.501 RX Guild Street
1784349789.504 RX     This is a cobblestoned street. It is dimly lit by guttering lanterns hung
1784349789.504 RX from tall posts, and continues to the north and south. The bulk of the
1784349789.504 RX Adventurer's Guild lies to the south and east, its second story peeking up over
1784349789.504 RX the tops of the smaller buildings like a curious child. To the west, a squat
1784349789.504 RX stone building stands. It has a large stone door with the words "Thuluk's Axes"
1784349789.504 RX carved in it in an angular script. You can hear the harsh sound of clanging
1784349789.504 RX steel from inside. 
1784349789.504 RX Obvious exits: north, south, west
1784349789.504 RX [HP=33/MA=66]:s
1784349790.274 TX w
1784349790.556 RX Guild Street
1784349790.556 RX     This is a cobblestoned street. It is dimly lit by guttering lanterns hung
1784349790.556 RX from tall posts, and continues to the north and south. The Adventurer's guild
1784349790.556 RX rises like a stone sentry to the east, its doors wide open. You can hear the
1784349790.556 RX sounds of many people coming from within. To the west, a long, squat stone
1784349790.556 RX building stands, and a large sign with two crossed swords and the words
1784349790.556 RX 'Helfgrim's Blades' painted on it hangs over the door. 
1784349790.558 RX Obvious exits: north, south, east, west
1784349790.558 RX [HP=33/MA=66]:s
1784349791.574 TX w
1784349792.877 TX w
1784349793.347 RX Guild Street
1784349793.347 RX     This is a cobblestoned street. It is dimly lit by guttering lanterns hung
1784349793.347 RX from tall posts, and continues to the north and south. There is a steady stream
1784349793.347 RX of people here, mostly heading north towards the Adventurer's Guild. The Guild
1784349793.347 RX is prospering in these rough times, as they train adventurers and support their
1784349793.347 RX ventures into the overrun slums. You can see the enormous building dominating
1784349793.347 RX the east side of the street. To the west a sign saying "Colin's Maces" hangs on
1784349793.347 RX a shop. 
1784349793.347 RX Also here: townswoman, mangy dog.
1784349793.347 RX Obvious exits: north, south, west
1784349793.347 RX [HP=33/MA=66]:s
1784349794.176 TX w
1784349795.105 RX Guild Street, Southern End
1784349795.105 RX     This is a cobblestoned street. It is dimly lit by guttering lanterns hung
1784349795.105 RX from tall posts, and continues to the north and south. The street here is well
1784349795.105 RX traveled, and you see quite a few people heading towards and away from the town
1784349795.105 RX square to the south. The reason for the heavy traffic is the Adventurer's
1784349795.105 RX Guild, far off to the north. The din from the town square is quite loud here.
1784349795.105 RX There are shops to the east and west. 
1784349795.183 RX Also here: black cat, fat townswoman.
1784349795.183 RX Obvious exits: north, south, east, west
1784349795.183 RX [HP=33/MA=66]:s
1784349795.500 TX w
1784349796.280 RX You hear movement to the south.
1784349796.343 RX [HP=33/MA=66]:You hear movement to the south.
1784349796.343 RX [HP=33/MA=66]:Town Square
1784349796.343 RX     As can be seen from the masses of townsfolk gathered around the make- shift
1784349796.343 RX stalls and shops here, this is the centre of Silvermere. Despite the recent
1784349796.343 RX increase in highway ambushes, fresh vegetables and meats are still brought in
1784349796.343 RX by brave farmers, and these are on prominent display. You can see a great many
1784349796.343 RX trinkets for sale as well, such as intricate wooden puppets, to bolts of
1784349796.343 RX beautiful cloth. Streets lead off in all directions, and a manhole can be seen
1784349796.343 RX under some debris. 
1784349796.343 RX You notice small sign, large sign here.
1784349796.400 RX Also here: Templar, large guardsman, elite guardsman.
1784349796.400 RX Obvious exits: north, south, east, west
1784349796.400 RX [HP=33/MA=66]:w
1784349796.743 RX large guardsman just left to the west.
1784349796.780 TX n
1784349796.743 PART [HP=33/MA=66]:
1784349798.080 TX buy greater healing
1784349798.220 RX Temple Street, Eastern End
1784349798.220 RX     The crowd is quite dense here, as the town square is to the east,
1784349798.220 RX attracting people with its produce and items. A massive stone building is to
1784349798.220 RX the north, and you can hear the sound of ringing coming from within its open
1784349798.220 RX door. A sign with and anvil and the words "Skali's Armour" hangs over the door.
1784349798.220 RX To the south, the thick doors of the city bank stand wedged open. Guards stand
1784349798.220 RX at the entrance, with halberd and mail, ever vigilant. Temple street leads off
1784349798.220 RX to the west here. 
1784349798.220 RX Also here: nasty elite guardsman, large guardsman.
1784349798.220 RX Obvious exits: north, south, east, west
1784349798.220 RX [HP=33/MA=66]:w
1784349799.223 RX Temple Street
1784349799.226 RX     This is a cobblestoned street. It is dimly lit by guttering lanterns hung
1784349799.226 RX from tall posts. Streams of people wander about on their daily business here. A
1784349799.226 RX few white-robed figures mingle in the crowd. You have to push a little to make
1784349799.226 RX your way. Far off to the east, you can see the town square. Temple street
1784349799.226 RX continues to the east and west. 
1784349799.226 RX Obvious exits: east, west
1784349799.226 RX [HP=33/MA=66]:w
1784349799.384 TX buy greater healing
1784349801.043 PART [HP=34/MA=66]:
1784349802.062 RX Temple Street
1784349802.062 RX     This is a cobblestoned street. It is dimly lit by guttering lanterns hung
1784349802.062 RX from tall posts. There a quite a few people here, many of them robed in white
1784349802.062 RX cowled robes. You cannot help but notice the huge, garishly-painted building to
1784349802.062 RX the south. An immense, painted sign glimmers and magically flashes the words
1784349802.062 RX "Lucky Strike Casino". Its large golden doors are closed, and a sign says "New
1784349802.062 RX Grand Reopening!" and under that a nicer sign says "Open by order of Silvermere
1784349802.062 RX Council" 
1784349802.062 RX Also here: Templar.
1784349802.062 RX Obvious exits: south, east, west
1784349802.062 RX [HP=34/MA=66]:w
1784349804.129 RX Temple Street
1784349804.131 RX     This is a cobblestoned street. It is dimly lit by guttering lanterns hung
1784349804.131 RX from tall posts, and continues to the east and west. Off to the west, you can
1784349804.131 RX see the shining shape of the Temple. Even from afar it seems to radiate peace
1784349804.131 RX and hope. To the north, a fresh stone wall has been built, blocking access to
1784349804.131 RX what once lay beyond, and Temple Street continues to the east and west. 
1784349804.131 RX Obvious exits: east, west
1784349804.131 RX [HP=34/MA=66]:w
1784349805.139 RX Intersection of Temple St. & Stone St.
1784349805.141 RX     The magnificent Temple of Silvermere stands tall and proud to your west. It
1784349805.141 RX white silver-streaked marble walls are a testament to its magnificent
1784349805.141 RX construction, as does the fact that it has remained seemingly undamaged for the
1784349805.141 RX past hundred years. This is where weary folk go to have their wounds healed,
1784349805.141 RX and where holy folk receive their divine training. The Temple's large wrought
1784349805.141 RX doors are open to the public at all hours. Stone street crosses to the north
1784349805.141 RX and south here. 
1784349805.141 RX Obvious exits: north, south, east, west
1784349805.141 RX [HP=34/MA=66]:w
1784349805.188 RX You hear movement to the east.
1784349805.188 PART [HP=34/MA=66]:
1784349806.721 RX Temple Foyer
1784349806.724 RX     The hall's lofty roof is supported by graceful soaring archways, and the
1784349806.724 RX walls are crafted of white marble run through with silver streaks. Bright lamps
1784349806.724 RX line the walls, illuminating every dark corner here. Racks and shelves line the
1784349806.724 RX walls, for people to leave dirty cloaks or clothing. To the east are the
1784349806.724 RX Temple's ornate doors, propped open even in these uncertain times, and to the
1784349806.724 RX west, a wide passageway leads towards the inner parts of the Temple. 
1784349806.724 RX Obvious exits: east, west
1784349806.724 RX [HP=34/MA=66]:w
1784349807.732 RX Temple Hall
1784349807.736 RX     The hall's lofty roof is supported by graceful soaring archways, and the
1784349807.736 RX walls are crafted of white marble run through with silver streaks. Bright lamps
1784349807.736 RX line the walls, illuminating every dark corner here. A wide passageway to the
1784349807.736 RX east leads to the Temple's foyer, and from there out onto the street. To the
1784349807.736 RX south, you can see the Priest spell shop, and to the north, the Temple's
1784349807.736 RX Healer. The large hall continues to the west, at the end of which is the
1784349807.736 RX chapel. 
1784349807.736 RX Obvious exits: north, south, east, west
1784349807.736 RX [HP=34/MA=66]:n
1784349809.413 TX look
1784349810.560 RX Temple Healer
1784349810.563 RX     The hall's lofty roof is supported by graceful soaring archways, and the
1784349810.563 RX walls are crafted of white marble run through with silver streaks. There is a
1784349810.563 RX priest waiting here to heal the wounded. She smiles kindly at you as you enter.
1784349810.563 RX A small bowl of silver nobles stands on the table she sits behind, and you can
1784349810.563 RX see it is nearly full. A stone stairwell descends into the catacombs of the
1784349810.563 RX temple at the rear of this room, and you can exit into the main hall to the
1784349810.563 RX south. 
1784349810.563 RX You notice small sign here.
1784349810.563 RX Also here: wounded messenger, healer.
1784349810.563 RX Obvious exits: south, down
1784349810.563 RX [HP=34/MA=66]:buy greater healing
1784349810.570 RX You say "buy greater"
1784349810.570 PART [HP=34/MA=66]:
1784349812.030 RX buy greater healing
1784349812.038 RX You say "buy greater"
1784349812.038 PART [HP=34/MA=66]:
1784349813.077 RX look
1784349813.077 RX Temple Healer
1784349813.077 RX     The hall's lofty roof is supported by graceful soaring archways, and the
1784349813.077 RX walls are crafted of white marble run through with silver streaks. There is a
1784349813.077 RX priest waiting here to heal the wounded. She smiles kindly at you as you enter.
1784349813.077 RX A small bowl of silver nobles stands on the table she sits behind, and you can
1784349813.077 RX see it is nearly full. A stone stairwell descends into the catacombs of the
1784349813.077 RX temple at the rear of this room, and you can exit into the main hall to the
1784349813.077 RX south. 
1784349813.077 RX You notice small sign here.
1784349813.077 RX Also here: wounded messenger, healer.
1784349813.077 RX Obvious exits: south, down
1784349813.077 PART [HP=34/MA=66]:
1784349823.433 TX buy greater healing
1784349823.443 RX buy greater healing
1784349823.446 RX The healer casts greater healing on you!
1784349823.451 PART [HP=56/MA=66]:[HP=56/MA=66]:[HP=56/MA=66]:
1784349826.434 TX buy greater healing
1784349826.443 RX buy greater healing
1784349829.725 RX buy greater healing
1784349829.727 RX The healer casts greater healing on you!
1784349829.732 PART [HP=56/MA=66]:[HP=56/MA=66]:[HP=56/MA=66]:
1784349837.458 PART [HP=56/MA=66]:
1784349840.179 TX s
1784349840.183 RX s
1784349840.669 RX Temple Hall
1784349840.672 RX     The hall's lofty roof is supported by graceful soaring archways, and the
1784349840.672 RX walls are crafted of white marble run through with silver streaks. Bright lamps
1784349840.672 RX line the walls, illuminating every dark corner here. A wide passageway to the
1784349840.672 RX east leads to the Temple's foyer, and from there out onto the street. To the
1784349840.672 RX south, you can see the Priest spell shop, and to the north, the Temple's
1784349840.672 RX Healer. The large hall continues to the west, at the end of which is the
1784349840.672 RX chapel. 
1784349840.672 RX Obvious exits: north, south, east, west
1784349841.575 TX e
1784349841.578 RX [HP=56/MA=66]:e
1784349842.975 TX e
1784349843.518 RX Temple Foyer
1784349843.520 RX     The hall's lofty roof is supported by graceful soaring archways, and the
1784349843.520 RX walls are crafted of white marble run through with silver streaks. Bright lamps
1784349843.520 RX line the walls, illuminating every dark corner here. Racks and shelves line the
1784349843.520 RX walls, for people to leave dirty cloaks or clothing. To the east are the
1784349843.520 RX Temple's ornate doors, propped open even in these uncertain times, and to the
1784349843.520 RX west, a wide passageway leads towards the inner parts of the Temple. 
1784349843.520 RX Obvious exits: east, west
1784349843.520 RX [HP=56/MA=66]:e
1784349844.376 TX n
1784349844.532 RX Intersection of Temple St. & Stone St.
1784349844.532 RX     The magnificent Temple of Silvermere stands tall and proud to your west. It
1784349844.532 RX white silver-streaked marble walls are a testament to its magnificent
1784349844.532 RX construction, as does the fact that it has remained seemingly undamaged for the
1784349844.532 RX past hundred years. This is where weary folk go to have their wounds healed,
1784349844.532 RX and where holy folk receive their divine training. The Temple's large wrought
1784349844.532 RX doors are open to the public at all hours. Stone street crosses to the north
1784349844.532 RX and south here. 
1784349844.532 RX Obvious exits: north, south, east, west
1784349844.532 RX [HP=56/MA=66]:n
1784349845.775 TX n
1784349846.090 RX Stone Street
1784349846.096 RX     This is a cobblestoned street. It is dimly lit by guttering lanterns hung
1784349846.096 RX from tall posts. It slightly grungy and shabby here, and you do not see many
1784349846.096 RX people around here. Sometimes you hear a noise coming from the shadows, but as
1784349846.096 RX you quickly turn your head, you see nothing. The street continues to the north,
1784349846.096 RX and off to the south, you can see an intersection. 
1784349846.096 RX Obvious exits: north, south
1784349846.096 RX [HP=56/MA=66]:n
1784349847.176 TX n
1784349848.558 RX Stone Street
1784349848.561 RX     This is a cobblestoned street. It is dimly lit by guttering lanterns hung
1784349848.561 RX from tall posts. It slightly grungy and shabby here, and you do not see many
1784349848.561 RX people around here. Sometimes you hear a noise coming from the shadows, but as
1784349848.561 RX you quickly turn your head, you see nothing. The street continues to the north
1784349848.561 RX and south. 
1784349848.561 RX Obvious exits: north, south
1784349848.561 RX [HP=56/MA=66]:n
1784349848.576 TX n
1784349848.578 RX n
1784349849.580 RX Stone Street
1784349849.580 RX     This is a cobblestoned street. It is dimly lit by guttering lanterns hung
1784349849.580 RX from tall posts. It slightly grungy and shabby here, and you do not see many
1784349849.580 RX people around here. Sometimes you hear a noise coming from the shadows, but as
1784349849.580 RX you quickly turn your head, you see nothing. The street continues to the north
1784349849.580 RX and south. A thin alleyway is to the west. 
1784349849.582 RX Obvious exits: north, south, west
1784349849.582 RX [HP=56/MA=66]:n
1784349849.976 TX n
1784349849.978 RX n
1784349851.376 TX n
1784349851.565 RX Stone Street
1784349851.565 RX     This is a cobblestoned street. It is dimly lit by guttering lanterns hung
1784349851.565 RX from tall posts. It slightly grungy and shabby here, and you do not see many
1784349851.565 RX people around here. Sometimes you hear a noise coming from the shadows, but as
1784349851.565 RX you quickly turn your head, you see nothing. The street continues to the north
1784349851.565 RX and south. 
1784349851.565 RX Obvious exits: north, south
1784349851.565 RX [HP=56/MA=66]:n
1784349851.568 RX n
1784349852.582 RX Stone Street
1784349852.587 RX     This is a cobblestoned street. It is dimly lit by guttering lanterns hung
1784349852.587 RX from tall posts. It slightly grungy and shabby here, and you do not see many
1784349852.587 RX people around here. Sometimes you hear a noise coming from the shadows, but as
1784349852.587 RX you quickly turn your head, you see nothing. The street continues to the north
1784349852.587 RX and south. 
1784349852.587 RX Obvious exits: north, south
1784349852.587 RX [HP=56/MA=66]:n
1784349852.776 TX e
1784349852.778 RX e
1784349854.006 RX Intersection of Stone St. and Crown St.
1784349854.006 RX     This is a cobblestoned street. It is dimly lit by guttering lanterns hung
1784349854.006 RX from tall posts. It is relatively clean, and is quiet and fairly unpopulated.
1784349854.006 RX The buildings here are plain-looking and unornamented, but are well-made. Stone
1784349854.006 RX street's end is here, and continues to the south, with Crown street crossing it
1784349854.006 RX to the east and west. 
1784349854.009 RX You notice large sign here.
1784349854.009 RX Also here: guardsman.
1784349854.009 RX Obvious exits: south, east, west
1784349854.009 RX [HP=56/MA=66]:e
1784349854.176 TX e
1784349854.179 RX e
1784349855.576 TX e
1784349855.579 RX e
1784349856.765 RX Crown Street
1784349856.765 RX     This is a cobblestoned street. It is dimly lit by guttering lanterns hung
1784349856.765 RX from tall posts. It is relatively clean, and is quiet and fairly unpopulated.
1784349856.765 RX The buildings here are plain-looking and unornamented, but are well-made. The
1784349856.765 RX street continues to the east and west. 
1784349856.765 RX Obvious exits: closed door north, east, west
1784349856.765 RX [HP=56/MA=66]:e
1784349856.976 TX e
1784349857.786 RX Crown Street
1784349857.789 RX     This is a cobblestoned street. It is dimly lit by guttering lanterns hung
1784349857.789 RX from tall posts. It is relatively clean, and is quiet and fairly unpopulated.
1784349857.789 RX The buildings here are plain-looking and unornamented, but are well-made. The
1784349857.789 RX street continues to the east and west, and you can see the entrance to a dark,
1784349857.789 RX thin alleyway to the south. 
1784349857.789 RX Obvious exits: south, east, west
1784349857.789 RX [HP=56/MA=66]:e
1784349858.376 TX e
1784349859.733 RX Crown Street
1784349859.733 RX     This is a cobblestoned street. It is dimly lit by guttering lanterns hung
1784349859.733 RX from tall posts. It is relatively clean, and is quiet and fairly unpopulated.
1784349859.733 RX The buildings here are plain-looking and unornamented, but are well-made. The
1784349859.733 RX street continues to the east and west. 
1784349859.733 RX Obvious exits: east, west
1784349859.733 RX [HP=56/MA=66]:e
1784349859.776 TX n
1784349860.758 RX Crown Street
1784349860.758 RX     This is a cobblestoned street. It is dimly lit by guttering lanterns hung
1784349860.758 RX from tall posts. It is relatively clean, and is quiet and fairly unpopulated.
1784349860.758 RX The buildings here are plain-looking and unornamented, but are well-made. The
1784349860.758 RX street continues to the east and west. 
1784349860.761 RX Obvious exits: closed door north, east, west
1784349860.761 RX [HP=56/MA=66]:e
1784349861.176 TX n
1784349862.131 RX Intersection of Guild St. & Crown St.
1784349862.131 RX     This is a cobblestoned street. It is dimly lit by guttering lanterns hung
1784349862.131 RX from tall posts, and continues to the north and south. The street is fairly
1784349862.131 RX clean here, and looks well-kept. Buildings loom over you at the corners of the
1784349862.131 RX crossing streets. Crown street crosses to the east and west here. 
1784349862.134 RX Obvious exits: north, south, east, west
1784349862.134 RX [HP=56/MA=66]:n
1784349862.577 TX n
1784349863.977 TX n
1784349864.795 RX Guild Street
1784349864.798 RX     This is a cobblestoned street. It is dimly lit by guttering lanterns hung
1784349864.798 RX from tall posts. It is quiet here, and a pleasant breeze flows over you from
1784349864.798 RX the north. Buildings stand to your east and west, and Guild street continues to
1784349864.798 RX the north and south. 
1784349864.798 RX Obvious exits: north, south
1784349864.798 RX [HP=56/MA=66]:n
1784349865.377 TX w
1784349865.807 RX Guild Street
1784349865.810 RX     This is a cobblestoned street. It is dimly lit by guttering lanterns hung
1784349865.810 RX from tall posts, and continues to the north and south. River street follows the
1784349865.810 RX city wall off to the north. It is very quiet here, but further north along the
1784349865.810 RX street you can hear the raucous sounds of a working man's pub. 
1784349865.810 RX Obvious exits: north, south
1784349865.810 RX [HP=56/MA=66]:n
1784349866.777 TX w
1784349867.136 RX Children rush past you hopping around in youthful glee.
1784349867.141 RX Guild Street, Northern End
1784349867.141 RX     This is a cobblestoned street. It is dimly lit by guttering lanterns hung
1784349867.141 RX from tall posts, and continues to the north and south. Directly to the east you
1784349867.141 RX can see a pub, and judgeing from its appearance it caters to the working class.
1784349867.141 RX Its door stands open, and you can hear loud bellows of laughter coming from
1784349867.141 RX within. The scent of ale is strong here. Off to the north, you can see the
1784349867.141 RX broad face of the city wall. 
1784349867.141 RX You notice pewter tankard here.
1784349867.141 RX Also here: short drunken brawler.
1784349867.141 RX Obvious exits: north, south, east
1784349867.141 RX [HP=56/MA=66]:n
1784349868.160 RX Intersection of Guild St. & River St.
1784349868.160 RX     This is a cobblestoned street. It is dimly lit by guttering lanterns hung
1784349868.160 RX from tall posts. The city wall is to the north, towering over twenty feet above
1784349868.160 RX you. River street is fairly quiet, but is well-used as it intersects many main
1784349868.160 RX streets. It continues to the east and west. The broad expanse of Guild street
1784349868.160 RX goes off to the south here, heading towards, and ending in, the town square.
1784349868.160 RX You can make out the entrance to a low wooden building off to the south. 
1784349868.160 RX Also here: small guardsman.
1784349868.160 RX Obvious exits: south, east, west
1784349868.160 RX [HP=56/MA=66]:w
1784349868.177 TX w
1784349869.577 TX w
1784349870.981 TX w
1784349872.380 TX n
1784349873.780 TX n
1784349875.180 TX n
1784349876.581 TX look
1784349876.664 RX River Street
1784349876.664 RX     This is a cobblestoned street. It is dimly lit by guttering lanterns hung
1784349876.664 RX from tall posts. The city wall is to the north, towering over twenty feet above
1784349876.664 RX you. River street is fairly quiet, but is well-used as it intersects many main
1784349876.664 RX streets. It continues to the east and west. You can see a junction off to the
1784349876.664 RX east. 
1784349876.664 RX Obvious exits: east, west
1784349876.664 RX [HP=56/MA=66]:w
1784349878.100 RX small guardsman moves into the room from the east.
1784349878.100 PART [HP=56/MA=66]:
1784349880.653 RX Intersection of River St. & Mystic Alley
1784349880.653 RX     This is a cobblestoned street. It is dimly lit by guttering lanterns hung
1784349880.653 RX from tall posts. The city wall is to the north, towering over twenty feet above
1784349880.653 RX you. River street is fairly quiet, but is well-used as it intersects many main
1784349880.653 RX streets. It continues to the east and west. An ornate metal sign is attached to
1784349880.653 RX one of the lamp-posts, reading "Magic Shoppe" in a thin, spidery script. 
1784349880.653 RX Obvious exits: south, east, west
1784349880.653 RX [HP=56/MA=66]:w
1784349881.685 RX River Street
1784349881.688 RX     This is a cobblestoned street. It is dimly lit by guttering lanterns hung
1784349881.688 RX from tall posts. The city wall is to the north, towering over twenty feet above
1784349881.688 RX you. River street is fairly quiet, but is well-used as it intersects many main
1784349881.688 RX streets. It continues to the east and west. 
1784349881.688 RX Obvious exits: east, west
1784349881.688 RX [HP=56/MA=66]:w
1784349884.781 RX River Street
1784349884.793 RX     This is a cobblestoned street. It is dimly lit by guttering lanterns hung
1784349884.793 RX from tall posts. To the north is the city wall, and to the south there is a
1784349884.793 RX tall, rickety house, whose door is set with a tarnished brass knocker. There
1784349884.793 RX seems to be no-one home, as there are no light lit. River street continues to
1784349884.793 RX the east and west. 
1784349884.793 RX Obvious exits: east, west
1784349884.793 RX [HP=56/MA=66]:w
1784349885.843 RX River Street
1784349885.843 RX     This is a cobblestoned street. It is dimly lit by guttering lanterns hung
1784349885.843 RX from tall posts. To the north you can see the entrance to the Wharf district,
1784349885.843 RX which leads to the city's docks. To the south is a small alleyway. River street
1784349885.843 RX continues to the east and west. 
1784349885.843 RX Obvious exits: north, south, east, west
1784349885.843 RX [HP=56/MA=66]:n
1784349888.690 RX Docks
1784349888.694 RX     This is a cobblestoned street. It is dimly lit by guttering lanterns hung
1784349888.694 RX from tall posts. To the west you can see Wharf street, and to the east there is
1784349888.694 RX a small, run-down shack. From the look of it, it looks to be a caretaker's
1784349888.694 RX house of some sort. River street runs parallel to Wharf street to the south.
1784349888.694 RX Off to the north, a rickety boat launch juts out into the fast-flowing waters
1784349888.694 RX of the Silver river. 
1784349888.694 RX Obvious exits: north, south, east, west
1784349888.694 RX [HP=56/MA=66]:n
1784349891.178 RX Pier
1784349891.178 RX     This is a small, haphazardly constructed wooden pier, supported by rotting
1784349891.178 RX pillars over the swift waters of the river. Tied to the far end are a
1784349891.178 RX half-dozen skiffs of varying size. A seedy-looking man sits on the edge of the
1784349891.178 RX launch, his feet dangling dangerously close to the water's surface. 
1784349891.197 TX e
1784349891.208 RX Also here: boatman.
1784349891.213 RX Obvious exits: north, south
1784349891.213 RX [HP=56/MA=66]:n
1784349892.225 RX Pier, Boat Launch
1784349892.228 RX     This is a small, haphazardly constructed wooden pier, supported by rotting
1784349892.228 RX pillars over the swift waters of the river. Tied to the end are a half-dozen
1784349892.228 RX skiffs of varying size. To the north, the Silver river's glittering length runs
1784349892.228 RX perilously fast. 
1784349892.228 RX Obvious exits: north, south
1784349892.228 RX [HP=56/MA=66]:look
1784349892.228 RX Pier, Boat Launch
1784349892.228 RX     This is a small, haphazardly constructed wooden pier, supported by rotting
1784349892.228 RX pillars over the swift waters of the river. Tied to the end are a half-dozen
1784349892.228 RX skiffs of varying size. To the north, the Silver river's glittering length runs
1784349892.228 RX perilously fast. 
1784349892.228 RX Obvious exits: north, south
1784349892.797 TX n
1784349892.228 PART [HP=56/MA=66]:
1784349893.599 RX e
1784349893.602 RX There is no exit in that direction!
1784349894.397 TX n
1784349894.619 RX [HP=56/MA=66]:n
1784349895.997 TX n
1784349896.368 RX The Silver River, Silvermere Docks
1784349896.371 RX     The rapid currents of the river make it perilous to travel, even in a
1784349896.371 RX suitable vessel, as it is filled with strange water-dwellers. The shimmering
1784349896.371 RX silvery surface of the water gives the river its namesake. To the north, you
1784349896.371 RX can see the gravelly beach of a large island poking out of the middle of the
1784349896.371 RX river, and to the south, the seldom-used port of Silvermere. The river flows
1784349896.371 RX quickly downstream to the west, and upstream to the east. 
1784349896.371 RX Obvious exits: north, south, east, west
1784349896.371 RX [HP=56/MA=66]:n
1784349896.416 RX n
1784349897.384 RX The river bashes you up against some rocks!
1784349897.391 RX Island, Beach Landing
1784349897.391 RX     This is a gravelly beach bordering a small, sheltered lagoon. Off across
1784349897.391 RX the raging river, you can see the port-side of the city of Silvermere. The
1784349897.391 RX beach continues off to the east and west, curving around the sheer rock face
1784349897.391 RX which towers above you. 
1784349897.395 RX Obvious exits: south, east, west
1784349897.395 RX [HP=43/MA=66]:n
1784349897.395 RX There is no exit in that direction!
1784349897.598 TX look
1784349897.629 RX [HP=43/MA=66]:look
1784349897.629 RX Island, Beach Landing
1784349897.636 RX     This is a gravelly beach bordering a small, sheltered lagoon. Off across
1784349897.636 RX the raging river, you can see the port-side of the city of Silvermere. The
1784349897.636 RX beach continues off to the east and west, curving around the sheer rock face
1784349897.636 RX which towers above you. 
1784349897.636 RX Obvious exits: south, east, west
1784349897.636 PART [HP=43/MA=66]:
1784349916.983 TX c armr
1784349916.995 RX c armr
1784349916.995 RX You cast magic armour on yourself. A glimmering shield surrounds you!
1784349916.995 RX [HP=43/MA=60]:You feel armoured!
1784349917.002 PART [HP=43/MA=60]:
1784349919.383 TX c mshi
1784349919.385 RX c mshi
1784349919.388 RX You have already cast a spell this round!
1784349919.388 PART [HP=43/MA=60]:
1784349921.783 TX c shok
1784349921.788 RX c shok
1784349921.792 RX You have already cast a spell this round!
1784349921.792 PART [HP=43/MA=60]:
1784349923.806 RX You hear movement to the south.
1784349924.183 TX c blur
1784349924.186 RX [HP=43/MA=60]:c blur
1784349924.189 RX You cast blur on Zinvar!
1784349924.189 RX [HP=43/MA=56]:You are blurred!
1784349924.192 PART [HP=43/MA=56]:
1784349926.583 TX st
1784349926.586 RX st
1784349926.589 RX Name: Zinvar Duskmere                  Lives/CP:      6/190  
1784349926.589 RX Race: Human       Exp: 115000          Perception:     40
1784349926.589 RX Class: Mage       Level: 10            Stealth:         0
1784349926.589 RX Hits:    43/56    Armour Class:   5/0  Thievery:        0
1784349926.589 RX Mana:    56/66    Spellcasting: 61     Traps:           0
1784349926.589 RX                                        Picklocks:       0
1784349926.589 RX Strength:  40     Agility: 40          Tracking:        0
1784349926.589 RX Intellect: 40     Health:  40          Martial Arts:   20
1784349926.589 RX Willpower: 40     Charm:   40          MagicRes:       40
1784349926.589 RX You feel armoured!
1784349926.589 RX You are blurred!
1784349926.589 PART [HP=43/MA=56]:
1784349937.509 PART [HP=44/MA=59]:
1784349948.904 TX c mshi
1784349948.922 RX c mshi
1784349948.928 RX You cast mageshield, surrounding yourself in a shimmering field!
1784349948.928 RX [HP=44/MA=49]:You feel protected!
1784349948.941 PART [HP=44/MA=49]:
1784349955.404 TX c shok
1784349956.204 RX c shok
1784349956.210 RX You cast shockshield, and a crackling field surround you!
1784349956.210 RX [HP=44/MA=37]:You are surrounded by a shield of lightning!
1784349956.219 PART [HP=44/MA=37]:
1784349976.249 TX e
1784349976.269 RX e
1784349977.336 RX [HP=45/MA=40]:Gravelly Beach
1784349977.339 RX     This is a gravelly beach, curving around the sheer rock face to the north.
1784349977.339 RX Bits of shell and bone litter the beach, and if there is any plant life, you
1784349977.339 RX certainly cannot find it. In fact, there is a noticeable lack of life signs
1784349977.339 RX throughout this whole area, and you get the feeling that even the animals that
1784349977.339 RX may have inhabited this island have abandoned it. The beach continues to the
1784349977.339 RX northeast, and a small lagoon is to the west. 
1784349977.339 RX Obvious exits: west, northeast
1784349977.649 TX ne
1784349977.653 RX [HP=45/MA=40]:ne
1784349978.349 RX Gravelly Beach
1784349978.351 RX     This is a gravelly beach, curving around the sheer rock face to the north.
1784349978.351 RX Bits of shell and bone litter the beach, and if there is any plant life, you
1784349978.351 RX certainly cannot find it. In fact, there is a noticeable lack of life signs
1784349978.351 RX throughout this whole area, and you get the feeling that even the animals that
1784349978.351 RX may have inhabited this island have abandoned it. The beach continues to the
1784349978.351 RX northeast and southwest. 
1784349978.351 RX Obvious exits: northeast, southwest
1784349979.049 TX ne
1784349979.052 RX [HP=45/MA=40]:ne
1784349980.014 RX Beach's End
1784349980.017 RX     This is a gravelly beach, curving around the sheer rock face to the north.
1784349980.017 RX Bits of shell and bone litter the beach, and if there is any plant life, you
1784349980.017 RX certainly cannot find it. In fact, there is a noticeable lack of life signs
1784349980.017 RX throughout this whole area, and you get the feeling that even the animals that
1784349980.017 RX may have inhabited this island have abandoned it. The rock face cuts off the
1784349980.017 RX beach here, but you spy a small path leading through a large crack. 
1784349980.017 RX Obvious exits: southwest
1784349980.449 TX go crack
1784349980.477 RX [HP=45/MA=40]:go crack
1784349980.481 RX You walk into the wide crack, and follow a path through the rock.
1784349980.481 RX Stony Crack
1784349980.481 RX     This is a black stone crack in the cliff face, about three feet wide and at
1784349980.481 RX least twenty feet tall. The floor is littered with rubble and broken stone. 
1784349980.481 RX Obvious exits: north, south
1784349980.481 RX The room is dimly lit
1784349980.481 PART [HP=45/MA=40]:[HP=45/MA=40]:
1784349981.849 TX n
1784349981.889 RX n
1784349982.935 RX Grassy Cove
1784349982.935 RX     This small hollow in the rock is carpeted with a soft, wavy-bladed blue
1784349982.935 RX grass. The sheer walls of the cliff rise up imperiously about you, and you
1784349982.935 RX realize that you are walking in an open-roofed fissure splitting some immense
1784349982.935 RX stone. The fissure winds its way off to the north, and to the south a large
1784349982.935 RX crack can be seen in the rock face. A small hole, partially concealed by the
1784349982.935 RX shape of the rock, is bored into the base of the wall to the east. 
1784349982.935 RX Obvious exits: north
1784349983.249 TX n
1784349983.252 RX [HP=45/MA=40]:n
1784349983.965 RX Grassy Cove
1784349983.968 RX     This small hollow in the rock is carpeted with a soft, wavy-bladed blue
1784349983.968 RX grass. The sheer walls of the cliff rise up imperiously about you, and you
1784349983.968 RX realize that you are walking in an open-roofed fissure splitting some immense
1784349983.968 RX stone. The fissure winds its way off to the south and northwest. 
1784349983.968 RX Obvious exits: south, northwest
1784349984.649 TX nw
1784349984.657 RX [HP=45/MA=40]:nw
1784349986.049 TX n
1784349986.991 RX Grassy Cove, Cave Entrance
1784349986.994 RX     This small hollow in the rock is carpeted with a soft, wavy-bladed blue
1784349986.994 RX grass. The sheer walls of the cliff rise up imperiously about you, and you
1784349986.994 RX realize that you are walking in an open-roofed fissure splitting some immense
1784349986.994 RX stone. To the north, a massive cave mouth yawns forebodingly at you, its black
1784349986.994 RX depths barely illuminated from the light above. The path through the grass
1784349986.994 RX leading inside appears to have not been used in some while. The fissure
1784349986.994 RX continues to the southeast. 
1784349986.994 RX Obvious exits: north, southeast
1784349986.994 RX [HP=45/MA=40]:n
1784349987.449 TX look
1784349987.453 RX look
1784349988.953 RX Limestone Tunnel, Cave Mouth
1784349988.959 RX     This smooth-walled tunnel is cut directly into the stone here, its even
1784349988.959 RX surface obviously the work of something other than nature's gentle hand. The
1784349988.959 RX tunnel is perfectly round, with the bottom quarter of the tube cut off to make
1784349988.959 RX a flat and level floor. To the north, it slopes down into the darkness at a
1784349988.959 RX steep angle, and you can exit into the sunlight through a large opening to the
1784349988.959 RX south. 
1784349988.959 RX You notice 3956 gold crowns, 7 silver nobles, 2 copper farthings here.
1784349988.959 RX Obvious exits: north, south
1784349988.959 RX The room is dimly lit
1784349988.959 RX [HP=45/MA=40]:look
1784349988.959 RX Limestone Tunnel, Cave Mouth
1784349988.959 RX     This smooth-walled tunnel is cut directly into the stone here, its even
1784349988.959 RX surface obviously the work of something other than nature's gentle hand. The
1784349988.959 RX tunnel is perfectly round, with the bottom quarter of the tube cut off to make
1784349988.959 RX a flat and level floor. To the north, it slopes down into the darkness at a
1784349988.959 RX steep angle, and you can exit into the sunlight through a large opening to the
1784349988.959 RX south. 
1784349988.959 RX You notice 3956 gold crowns, 7 silver nobles, 2 copper farthings here.
1784349988.959 RX Obvious exits: north, south
1784349988.959 RX The room is dimly lit
1784349988.959 PART [HP=45/MA=40]:
1784350000.200 TX get gold
1784350000.319 RX get gold
1784350000.319 RX You picked up 3483 gold crowns
1784350000.323 PART [HP=45/MA=40]:
1784350001.710 TX get silver
1784350001.750 RX get silver
1784350001.771 RX You don't see any silver nobles
1784350001.771 PART [HP=45/MA=40]:
1784350003.206 TX i
1784350003.447 RX i
1784350003.450 RX You are carrying 5748 gold crowns, 6 silver nobles, 8 copper farthings
1784350003.450 RX You have no keys.
1784350003.450 RX Wealth: 574868 copper farthings
1784350003.450 RX Encumbrance: 1920/1920 - Heavy [100%]
1784350003.450 PART [HP=45/MA=40]:
1784350019.199 TX 
1784350019.202 RX 
1784350019.231 RX Limestone Tunnel, Cave Mouth
1784350019.236 RX You notice 473 gold crowns, 7 silver nobles, 2 copper farthings here.
1784350019.236 RX Obvious exits: north, south
1784350019.236 RX The room is dimly lit
1784350019.236 PART [HP=45/MA=40]:
1784350020.839 PART [HP=46/MA=43]:
1784350023.202 TX 
1784350024.490 RX 
1784350024.490 RX Limestone Tunnel, Cave Mouth
1784350024.490 RX You notice 473 gold crowns, 7 silver nobles, 2 copper farthings here.
1784350024.490 RX Obvious exits: north, south
1784350024.490 RX The room is dimly lit
1784350024.490 PART [HP=46/MA=43]:
1784350027.206 TX 
1784350028.264 RX 
1784350028.268 RX Limestone Tunnel, Cave Mouth
1784350028.268 RX You notice 473 gold crowns, 7 silver nobles, 2 copper farthings here.
1784350028.268 RX Obvious exits: north, south
1784350028.268 RX The room is dimly lit
1784350028.268 PART [HP=46/MA=43]:
1784350031.227 TX 
1784350031.793 RX 
1784350031.793 RX Limestone Tunnel, Cave Mouth
1784350031.793 RX You notice 473 gold crowns, 7 silver nobles, 2 copper farthings here.
1784350031.793 RX Obvious exits: north, south
1784350031.793 RX The room is dimly lit
1784350031.793 PART [HP=46/MA=43]:
1784350035.222 TX 
1784350035.237 RX 
1784350035.241 RX Limestone Tunnel, Cave Mouth
1784350035.241 RX You notice 473 gold crowns, 7 silver nobles, 2 copper farthings here.
1784350035.241 RX Obvious exits: north, south
1784350035.241 RX The room is dimly lit
1784350035.241 PART [HP=46/MA=43]:
1784350039.228 TX 
1784350039.397 RX 
1784350039.400 RX Limestone Tunnel, Cave Mouth
1784350039.400 RX You notice 473 gold crowns, 7 silver nobles, 2 copper farthings here.
1784350039.400 RX Obvious exits: north, south
1784350039.400 RX The room is dimly lit
1784350039.400 PART [HP=46/MA=43]:
1784350043.231 TX 
1784350043.255 RX 
1784350043.261 RX Limestone Tunnel, Cave Mouth
1784350043.261 RX You notice 473 gold crowns, 7 silver nobles, 2 copper farthings here.
1784350043.261 RX Obvious exits: north, south
1784350043.261 RX The room is dimly lit
1784350043.261 PART [HP=46/MA=43]:
1784350047.243 TX 
1784350047.249 RX 
1784350047.249 RX Limestone Tunnel, Cave Mouth
1784350047.249 RX You notice 473 gold crowns, 7 silver nobles, 2 copper farthings here.
1784350047.249 RX Obvious exits: north, south
1784350047.249 RX The room is dimly lit
1784350047.249 PART [HP=46/MA=43]:
1784350051.249 TX 
1784350051.253 RX 
1784350051.253 RX Limestone Tunnel, Cave Mouth
1784350051.253 RX You notice 473 gold crowns, 7 silver nobles, 2 copper farthings here.
1784350051.253 RX Obvious exits: north, south
1784350051.253 RX The room is dimly lit
1784350051.253 PART [HP=46/MA=43]:
1784350055.251 TX 
1784350055.436 RX 
1784350055.439 RX Limestone Tunnel, Cave Mouth
1784350055.439 RX You notice 473 gold crowns, 7 silver nobles, 2 copper farthings here.
1784350055.439 RX Obvious exits: north, south
1784350055.439 RX The room is dimly lit
1784350055.439 PART [HP=46/MA=43]:
1784350059.256 TX 
1784350059.259 RX 
1784350059.277 RX Limestone Tunnel, Cave Mouth
1784350059.281 RX You notice 473 gold crowns, 7 silver nobles, 2 copper farthings here.
1784350059.281 RX Obvious exits: north, south
1784350059.281 RX The room is dimly lit
1784350059.281 PART [HP=46/MA=43]:
1784350063.259 TX 
1784350063.264 RX 
1784350063.292 RX Limestone Tunnel, Cave Mouth
1784350063.295 RX You notice 473 gold crowns, 7 silver nobles, 2 copper farthings here.
1784350063.295 RX Obvious exits: north, south
1784350063.295 RX The room is dimly lit
1784350063.295 PART [HP=46/MA=43]:
1784350067.264 TX 
1784350067.265 RX [HP=47/MA=46]:
1784350067.287 RX Limestone Tunnel, Cave Mouth
1784350067.290 RX You notice 473 gold crowns, 7 silver nobles, 2 copper farthings here.
1784350067.290 RX Obvious exits: north, south
1784350067.290 RX The room is dimly lit
1784350067.290 PART [HP=47/MA=46]:
1784350071.268 TX 
1784350071.274 RX 
1784350071.277 RX Limestone Tunnel, Cave Mouth
1784350071.277 RX You notice 473 gold crowns, 7 silver nobles, 2 copper farthings here.
1784350071.277 RX Obvious exits: north, south
1784350071.277 RX The room is dimly lit
1784350071.277 PART [HP=47/MA=46]:
1784350075.272 TX 
1784350075.277 RX 
1784350075.317 RX Limestone Tunnel, Cave Mouth
1784350075.321 RX You notice 473 gold crowns, 7 silver nobles, 2 copper farthings here.
1784350075.321 RX Obvious exits: north, south
1784350075.321 RX The room is dimly lit
1784350075.321 PART [HP=47/MA=46]:
1784350079.276 TX 
1784350079.303 RX 
1784350079.340 RX Limestone Tunnel, Cave Mouth
1784350079.344 RX You notice 473 gold crowns, 7 silver nobles, 2 copper farthings here.
1784350079.344 RX Obvious exits: north, south
1784350079.344 RX The room is dimly lit
1784350079.344 PART [HP=47/MA=46]:
1784350083.280 TX 
1784350083.446 RX 
1784350083.468 RX Limestone Tunnel, Cave Mouth
1784350083.471 RX You notice 473 gold crowns, 7 silver nobles, 2 copper farthings here.
1784350083.471 RX Obvious exits: north, south
1784350083.471 RX The room is dimly lit
1784350083.471 PART [HP=47/MA=46]:
1784350087.283 TX 
1784350087.287 RX 
1784350087.317 RX Limestone Tunnel, Cave Mouth
1784350087.320 RX You notice 473 gold crowns, 7 silver nobles, 2 copper farthings here.
1784350087.320 RX Obvious exits: north, south
1784350087.320 RX The room is dimly lit
1784350087.320 PART [HP=47/MA=46]:
1784350091.287 TX 
1784350091.291 RX 
1784350091.332 RX Limestone Tunnel, Cave Mouth
1784350091.336 RX You notice 473 gold crowns, 7 silver nobles, 2 copper farthings here.
1784350091.336 RX Obvious exits: north, south
1784350091.336 RX The room is dimly lit
1784350091.336 PART [HP=47/MA=46]:
1784350095.291 TX 
1784350095.296 RX 
1784350095.296 RX Limestone Tunnel, Cave Mouth
1784350095.296 RX You notice 473 gold crowns, 7 silver nobles, 2 copper farthings here.
1784350095.296 RX Obvious exits: north, south
1784350095.296 RX The room is dimly lit
1784350095.296 PART [HP=47/MA=46]:
1784350101.734 RX You hear movement to the north.
1784350101.737 PART [HP=47/MA=46]:[HP=48/MA=49]:
1784350107.852 TX 
1784350107.868 RX 
1784350107.872 RX Limestone Tunnel, Cave Mouth
1784350107.872 RX You notice 473 gold crowns, 7 silver nobles, 2 copper farthings here.
1784350107.872 RX Obvious exits: north, south
1784350107.872 RX The room is dimly lit
1784350107.872 PART [HP=48/MA=49]:
1784350111.867 TX 
1784350111.896 RX 
1784350111.920 RX Limestone Tunnel, Cave Mouth
1784350111.920 RX You notice 473 gold crowns, 7 silver nobles, 2 copper farthings here.
1784350111.920 RX Obvious exits: north, south
1784350111.920 RX The room is dimly lit
1784350111.920 PART [HP=48/MA=49]:
1784350115.772 RX The effects of shockshield wear off!
1784350115.874 TX 
1784350115.883 RX [HP=48/MA=49]:
1784350115.883 RX Limestone Tunnel, Cave Mouth
1784350115.883 RX You notice 473 gold crowns, 7 silver nobles, 2 copper farthings here.
1784350115.883 RX Obvious exits: north, south
1784350115.883 RX The room is dimly lit
1784350115.883 PART [HP=48/MA=49]:
1784350119.881 TX 
1784350119.916 RX 
1784350119.948 RX Limestone Tunnel, Cave Mouth
1784350119.951 RX You notice 473 gold crowns, 7 silver nobles, 2 copper farthings here.
1784350119.951 RX Obvious exits: north, south
1784350119.951 RX The room is dimly lit
1784350119.951 PART [HP=48/MA=49]:
1784350123.888 TX 
1784350123.901 RX 
1784350123.922 RX Limestone Tunnel, Cave Mouth
1784350123.925 RX You notice 473 gold crowns, 7 silver nobles, 2 copper farthings here.
1784350123.925 RX Obvious exits: north, south
1784350123.925 RX The room is dimly lit
1784350123.925 PART [HP=48/MA=49]:
1784350127.897 TX 
1784350128.070 RX 
1784350128.070 RX Limestone Tunnel, Cave Mouth
1784350128.070 RX You notice 473 gold crowns, 7 silver nobles, 2 copper farthings here.
1784350128.070 RX Obvious exits: north, south
1784350128.070 RX The room is dimly lit
1784350128.070 PART [HP=48/MA=49]:
1784350131.899 TX 
1784350131.905 RX 
1784350131.909 RX Limestone Tunnel, Cave Mouth
1784350131.909 RX You notice 473 gold crowns, 7 silver nobles, 2 copper farthings here.
1784350131.909 RX Obvious exits: north, south
1784350131.909 RX The room is dimly lit
1784350131.909 PART [HP=48/MA=49]:
1784350135.902 TX 
1784350135.924 RX 
1784350135.928 RX Limestone Tunnel, Cave Mouth
1784350135.928 RX You notice 473 gold crowns, 7 silver nobles, 2 copper farthings here.
1784350135.928 RX Obvious exits: north, south
1784350135.928 RX The room is dimly lit
1784350135.928 PART [HP=48/MA=49]:
1784350137.908 PART [HP=49/MA=52]:
1784350139.906 TX 
1784350139.910 RX 
1784350139.937 RX Limestone Tunnel, Cave Mouth
1784350139.940 RX You notice 473 gold crowns, 7 silver nobles, 2 copper farthings here.
1784350139.940 RX Obvious exits: north, south
1784350139.940 RX The room is dimly lit
1784350139.940 PART [HP=49/MA=52]:
1784350143.913 TX 
1784350143.921 RX 
1784350143.925 RX Limestone Tunnel, Cave Mouth
1784350143.925 RX You notice 473 gold crowns, 7 silver nobles, 2 copper farthings here.
1784350143.925 RX Obvious exits: north, south
1784350143.925 RX The room is dimly lit
1784350143.925 PART [HP=49/MA=52]:
1784350147.920 TX 
1784350147.945 RX 
1784350147.980 RX Limestone Tunnel, Cave Mouth
1784350147.984 RX You notice 473 gold crowns, 7 silver nobles, 2 copper farthings here.
1784350147.984 RX Obvious exits: north, south
1784350147.984 RX The room is dimly lit
1784350147.984 PART [HP=49/MA=52]:
1784350151.922 TX 
1784350151.926 RX 
1784350151.954 RX Limestone Tunnel, Cave Mouth
1784350151.958 RX You notice 473 gold crowns, 7 silver nobles, 2 copper farthings here.
1784350151.958 RX Obvious exits: north, south
1784350151.958 RX The room is dimly lit
1784350151.958 PART [HP=49/MA=52]:
1784350155.926 TX 
1784350155.931 RX 
1784350155.953 RX Limestone Tunnel, Cave Mouth
1784350155.957 RX You notice 473 gold crowns, 7 silver nobles, 2 copper farthings here.
1784350155.957 RX Obvious exits: north, south
1784350155.957 RX The room is dimly lit
1784350155.957 PART [HP=49/MA=52]:
1784350159.931 TX 
1784350159.956 RX 
1784350159.960 RX Limestone Tunnel, Cave Mouth
1784350159.960 RX You notice 473 gold crowns, 7 silver nobles, 2 copper farthings here.
1784350159.960 RX Obvious exits: north, south
1784350159.960 RX The room is dimly lit
1784350159.960 PART [HP=49/MA=52]:
1784350163.935 TX 
1784350163.939 RX 
1784350163.939 RX Limestone Tunnel, Cave Mouth
1784350163.939 RX You notice 473 gold crowns, 7 silver nobles, 2 copper farthings here.
1784350163.939 RX Obvious exits: north, south
1784350163.939 RX The room is dimly lit
1784350163.939 PART [HP=49/MA=52]:
1784350167.939 TX 
1784350167.943 RX 
1784350167.943 RX Limestone Tunnel, Cave Mouth
1784350167.943 RX You notice 473 gold crowns, 7 silver nobles, 2 copper farthings here.
1784350167.943 RX Obvious exits: north, south
1784350167.943 RX The room is dimly lit
1784350167.943 PART [HP=49/MA=52]:
1784350171.943 TX 
1784350171.947 RX 
1784350171.947 RX Limestone Tunnel, Cave Mouth
1784350171.947 RX You notice 473 gold crowns, 7 silver nobles, 2 copper farthings here.
1784350171.947 RX Obvious exits: north, south
1784350171.947 RX The room is dimly lit
1784350171.947 PART [HP=49/MA=52]:
1784350174.504 PART [HP=50/MA=55]:
1784350175.947 TX 
1784350175.950 RX 
1784350175.977 RX Limestone Tunnel, Cave Mouth
1784350175.982 RX You notice 473 gold crowns, 7 silver nobles, 2 copper farthings here.
1784350175.982 RX Obvious exits: north, south
1784350175.982 RX The room is dimly lit
1784350175.982 PART [HP=50/MA=55]:
1784350179.951 TX 
1784350179.954 RX 
1784350179.954 RX Limestone Tunnel, Cave Mouth
1784350179.954 RX You notice 473 gold crowns, 7 silver nobles, 2 copper farthings here.
1784350179.954 RX Obvious exits: north, south
1784350179.954 RX The room is dimly lit
1784350179.954 PART [HP=50/MA=55]:
1784350181.448 RX Your mageshield shimmers and fades.
1784350181.448 PART [HP=50/MA=55]:
1784350183.954 TX 
1784350183.972 RX 
1784350183.975 RX Limestone Tunnel, Cave Mouth
1784350183.975 RX You notice 473 gold crowns, 7 silver nobles, 2 copper farthings here.
1784350183.975 RX Obvious exits: north, south
1784350183.975 RX The room is dimly lit
1784350183.975 PART [HP=50/MA=55]:
1784350187.959 TX 
1784350187.972 RX 
1784350187.993 RX Limestone Tunnel, Cave Mouth
1784350187.997 RX You notice 473 gold crowns, 7 silver nobles, 2 copper farthings here.
1784350187.997 RX Obvious exits: north, south
1784350187.997 RX The room is dimly lit
1784350187.997 PART [HP=50/MA=55]:
1784350191.962 TX 
1784350191.966 RX 
1784350191.966 RX Limestone Tunnel, Cave Mouth
1784350191.966 RX You notice 473 gold crowns, 7 silver nobles, 2 copper farthings here.
1784350191.966 RX Obvious exits: north, south
1784350191.966 RX The room is dimly lit
1784350191.966 PART [HP=50/MA=55]:
1784350195.967 TX 
1784350196.843 RX The effects of blur wear off.
1784350196.847 RX [HP=50/MA=55]:
1784350196.847 RX Limestone Tunnel, Cave Mouth
1784350196.847 RX You notice 473 gold crowns, 7 silver nobles, 2 copper farthings here.
1784350196.847 RX Obvious exits: north, south
1784350196.847 RX The room is dimly lit
1784350196.847 PART [HP=50/MA=55]:
1784350199.971 TX 
1784350200.255 RX 
1784350200.258 RX Limestone Tunnel, Cave Mouth
1784350200.258 RX You notice 473 gold crowns, 7 silver nobles, 2 copper farthings here.
1784350200.258 RX Obvious exits: north, south
1784350200.258 RX The room is dimly lit
1784350200.258 PART [HP=50/MA=55]:
1784350203.975 TX 
1784350203.979 RX 
1784350203.979 RX Limestone Tunnel, Cave Mouth
1784350203.979 RX You notice 473 gold crowns, 7 silver nobles, 2 copper farthings here.
1784350203.979 RX Obvious exits: north, south
1784350203.979 RX The room is dimly lit
1784350203.979 PART [HP=50/MA=55]:
1784350207.979 TX 
1784350207.984 RX 
1784350207.984 RX Limestone Tunnel, Cave Mouth
1784350207.984 RX You notice 473 gold crowns, 7 silver nobles, 2 copper farthings here.
1784350207.984 RX Obvious exits: north, south
1784350207.984 RX The room is dimly lit
1784350207.984 PART [HP=50/MA=55]:
1784350211.982 TX 
1784350211.999 RX 
1784350212.021 RX Limestone Tunnel, Cave Mouth
1784350212.024 RX You notice 473 gold crowns, 7 silver nobles, 2 copper farthings here.
1784350212.024 RX Obvious exits: north, south
1784350212.024 RX The room is dimly lit
1784350212.024 PART [HP=50/MA=55]:
1784350214.017 PART [HP=51/MA=58]:
1784350215.986 TX 
1784350215.991 RX 
1784350215.991 RX Limestone Tunnel, Cave Mouth
1784350215.991 RX You notice 473 gold crowns, 7 silver nobles, 2 copper farthings here.
1784350215.991 RX Obvious exits: north, south
1784350215.991 RX The room is dimly lit
1784350215.991 PART [HP=51/MA=58]:
1784350219.990 TX 
1784350219.994 RX 
1784350219.994 RX Limestone Tunnel, Cave Mouth
1784350219.994 RX You notice 473 gold crowns, 7 silver nobles, 2 copper farthings here.
1784350219.994 RX Obvious exits: north, south
1784350219.994 RX The room is dimly lit
1784350219.994 PART [HP=51/MA=58]:
1784350223.996 TX 
1784350224.016 RX 
1784350224.019 RX Limestone Tunnel, Cave Mouth
1784350224.019 RX You notice 473 gold crowns, 7 silver nobles, 2 copper farthings here.
1784350224.019 RX Obvious exits: north, south
1784350224.019 RX The room is dimly lit
1784350224.019 PART [HP=51/MA=58]:
1784350247.003 TX 
1784350247.009 RX 
1784350247.009 RX Limestone Tunnel, Cave Mouth
1784350247.009 RX You notice 473 gold crowns, 7 silver nobles, 2 copper farthings here.
1784350247.009 RX Obvious exits: north, south
1784350247.009 RX The room is dimly lit
1784350247.009 PART [HP=51/MA=58]:
1784350251.007 TX 
1784350251.011 RX 
1784350251.011 RX Limestone Tunnel, Cave Mouth
1784350251.011 RX You notice 473 gold crowns, 7 silver nobles, 2 copper farthings here.
1784350251.011 RX Obvious exits: north, south
1784350251.011 RX The room is dimly lit
1784350251.011 PART [HP=51/MA=58]:
1784350255.011 TX 
1784350255.011 RX [HP=52/MA=61]:
1784350255.016 RX Limestone Tunnel, Cave Mouth
1784350255.016 RX You notice 473 gold crowns, 7 silver nobles, 2 copper farthings here.
1784350255.016 RX Obvious exits: north, south
1784350255.016 RX The room is dimly lit
1784350255.016 PART [HP=52/MA=61]:
1784350259.015 TX 
1784350259.019 RX 
1784350259.048 RX Limestone Tunnel, Cave Mouth
1784350259.052 RX You notice 473 gold crowns, 7 silver nobles, 2 copper farthings here.
1784350259.052 RX Obvious exits: north, south
1784350259.052 RX The room is dimly lit
1784350259.052 PART [HP=52/MA=61]:
1784350263.020 TX 
1784350263.026 RX 
1784350263.026 RX Limestone Tunnel, Cave Mouth
1784350263.026 RX You notice 473 gold crowns, 7 silver nobles, 2 copper farthings here.
1784350263.026 RX Obvious exits: north, south
1784350263.026 RX The room is dimly lit
1784350263.026 PART [HP=52/MA=61]:
1784350267.024 TX 
1784350267.028 RX 
1784350267.028 RX Limestone Tunnel, Cave Mouth
1784350267.028 RX You notice 473 gold crowns, 7 silver nobles, 2 copper farthings here.
1784350267.028 RX Obvious exits: north, south
1784350267.028 RX The room is dimly lit
1784350267.028 PART [HP=52/MA=61]:
1784350271.028 TX 
1784350271.032 RX 
1784350271.032 RX Limestone Tunnel, Cave Mouth
1784350271.032 RX You notice 473 gold crowns, 7 silver nobles, 2 copper farthings here.
1784350271.032 RX Obvious exits: north, south
1784350271.032 RX The room is dimly lit
1784350271.032 PART [HP=52/MA=61]:
1784350275.032 TX 
1784350275.601 RX 
1784350275.604 RX Limestone Tunnel, Cave Mouth
1784350275.604 RX You notice 473 gold crowns, 7 silver nobles, 2 copper farthings here.
1784350275.604 RX Obvious exits: north, south
1784350275.604 RX The room is dimly lit
1784350275.604 PART [HP=52/MA=61]:
1784350279.036 TX 
1784350279.076 RX 
1784350279.080 RX Limestone Tunnel, Cave Mouth
1784350279.080 RX You notice 473 gold crowns, 7 silver nobles, 2 copper farthings here.
1784350279.080 RX Obvious exits: north, south
1784350279.080 RX The room is dimly lit
1784350279.080 PART [HP=52/MA=61]:
1784350280.098 RX The effects of magic armour wear off!
1784350280.098 PART [HP=52/MA=61]:
1784350283.040 TX 
1784350283.043 RX 
1784350283.043 RX Limestone Tunnel, Cave Mouth
1784350283.043 RX You notice 473 gold crowns, 7 silver nobles, 2 copper farthings here.
1784350283.043 RX Obvious exits: north, south
1784350283.043 RX The room is dimly lit
1784350283.043 PART [HP=52/MA=61]:
1784350287.043 TX 
1784350287.047 RX 
1784350287.051 RX Limestone Tunnel, Cave Mouth
1784350287.051 RX You notice 473 gold crowns, 7 silver nobles, 2 copper farthings here.
1784350287.051 RX Obvious exits: north, south
1784350287.051 RX The room is dimly lit
1784350287.051 PART [HP=52/MA=61]:
1784350291.052 TX 
1784350292.039 RX 
1784350292.043 RX Limestone Tunnel, Cave Mouth
1784350292.043 RX You notice 473 gold crowns, 7 silver nobles, 2 copper farthings here.
1784350292.043 RX Obvious exits: north, south
1784350292.043 RX The room is dimly lit
1784350292.043 PART [HP=52/MA=61]:
1784350295.055 TX 
1784350295.059 RX 
1784350295.085 RX Limestone Tunnel, Cave Mouth
1784350295.089 RX You notice 473 gold crowns, 7 silver nobles, 2 copper farthings here.
1784350295.089 RX Obvious exits: north, south
1784350295.089 RX The room is dimly lit
1784350295.089 PART [HP=52/MA=61]:
1784350299.058 TX 
1784350299.063 RX 
1784350299.063 RX Limestone Tunnel, Cave Mouth
1784350299.063 RX You notice 473 gold crowns, 7 silver nobles, 2 copper farthings here.
1784350299.063 RX Obvious exits: north, south
1784350299.063 RX The room is dimly lit
1784350299.063 PART [HP=52/MA=61]:
1784350303.062 TX 
1784350303.068 RX 
1784350303.072 RX Limestone Tunnel, Cave Mouth
1784350303.072 RX You notice 473 gold crowns, 7 silver nobles, 2 copper farthings here.
1784350303.072 RX Obvious exits: north, south
1784350303.072 RX The room is dimly lit
1784350303.072 PART [HP=52/MA=61]:
1784350304.795 PART [HP=53/MA=64]:
1784350307.066 TX 
1784350307.383 RX 
1784350307.401 RX Limestone Tunnel, Cave Mouth
1784350307.405 RX You notice 473 gold crowns, 7 silver nobles, 2 copper farthings here.
1784350307.405 RX Obvious exits: north, south
1784350307.405 RX The room is dimly lit
1784350307.405 PART [HP=53/MA=64]:
1784350311.070 TX 
1784350311.078 RX 
1784350311.082 RX Limestone Tunnel, Cave Mouth
1784350311.082 RX You notice 473 gold crowns, 7 silver nobles, 2 copper farthings here.
1784350311.082 RX Obvious exits: north, south
1784350311.082 RX The room is dimly lit
1784350311.082 PART [HP=53/MA=64]:
1784350315.074 TX 
1784350315.641 RX 
1784350315.661 RX Limestone Tunnel, Cave Mouth
1784350315.665 RX You notice 473 gold crowns, 7 silver nobles, 2 copper farthings here.
1784350315.665 RX Obvious exits: north, south
1784350315.665 RX The room is dimly lit
1784350315.665 PART [HP=53/MA=64]:
1784350319.078 TX 
1784350319.083 RX 
1784350319.106 RX Limestone Tunnel, Cave Mouth
1784350319.110 RX You notice 473 gold crowns, 7 silver nobles, 2 copper farthings here.
1784350319.110 RX Obvious exits: north, south
1784350319.110 RX The room is dimly lit
1784350319.110 PART [HP=53/MA=64]:
1784350323.082 TX 
1784350323.086 RX 
1784350323.086 RX Limestone Tunnel, Cave Mouth
1784350323.086 RX You notice 473 gold crowns, 7 silver nobles, 2 copper farthings here.
1784350323.086 RX Obvious exits: north, south
1784350323.086 RX The room is dimly lit
1784350323.086 PART [HP=53/MA=64]:
1784350327.086 TX 
1784350327.099 RX 
1784350327.120 RX Limestone Tunnel, Cave Mouth
1784350327.125 RX You notice 473 gold crowns, 7 silver nobles, 2 copper farthings here.
1784350327.125 RX Obvious exits: north, south
1784350327.125 RX The room is dimly lit
1784350327.125 PART [HP=53/MA=64]:
1784350331.101 TX 
1784350331.144 RX 
1784350331.144 RX Limestone Tunnel, Cave Mouth
1784350331.144 RX You notice 473 gold crowns, 7 silver nobles, 2 copper farthings here.
1784350331.144 RX Obvious exits: north, south
1784350331.144 RX The room is dimly lit
1784350331.144 PART [HP=53/MA=64]:
1784350344.999 TX 
1784350345.001 RX [HP=54/MA=66]:
1784350345.001 RX Limestone Tunnel, Cave Mouth
1784350345.001 RX You notice 473 gold crowns, 7 silver nobles, 2 copper farthings here.
1784350345.001 RX Obvious exits: north, south
1784350345.001 RX The room is dimly lit
1784350345.001 PART [HP=54/MA=66]:
1784350349.004 TX 
1784350349.947 RX 
1784350349.951 RX Limestone Tunnel, Cave Mouth
1784350349.951 RX You notice 473 gold crowns, 7 silver nobles, 2 copper farthings here.
1784350349.951 RX Obvious exits: north, south
1784350349.951 RX The room is dimly lit
1784350349.951 PART [HP=54/MA=66]:
1784350353.007 TX 
1784350353.182 RX 
1784350353.186 RX Limestone Tunnel, Cave Mouth
1784350353.186 RX You notice 473 gold crowns, 7 silver nobles, 2 copper farthings here.
1784350353.186 RX Obvious exits: north, south
1784350353.186 RX The room is dimly lit
1784350353.186 PART [HP=54/MA=66]:
1784350357.011 TX 
1784350357.015 RX 
1784350357.015 RX Limestone Tunnel, Cave Mouth
1784350357.015 RX You notice 473 gold crowns, 7 silver nobles, 2 copper farthings here.
1784350357.015 RX Obvious exits: north, south
1784350357.015 RX The room is dimly lit
1784350357.015 PART [HP=54/MA=66]:
1784350361.015 TX 
1784350361.020 RX 
1784350361.020 RX Limestone Tunnel, Cave Mouth
1784350361.020 RX You notice 473 gold crowns, 7 silver nobles, 2 copper farthings here.
1784350361.020 RX Obvious exits: north, south
1784350361.020 RX The room is dimly lit
1784350361.020 PART [HP=54/MA=66]:
1784350365.019 TX 
1784350365.348 RX 
1784350365.348 RX Limestone Tunnel, Cave Mouth
1784350365.348 RX You notice 473 gold crowns, 7 silver nobles, 2 copper farthings here.
1784350365.348 RX Obvious exits: north, south
1784350365.348 RX The room is dimly lit
1784350365.348 PART [HP=54/MA=66]:
1784350369.023 TX 
1784350369.030 RX 
1784350369.052 RX Limestone Tunnel, Cave Mouth
1784350369.056 RX You notice 473 gold crowns, 7 silver nobles, 2 copper farthings here.
1784350369.056 RX Obvious exits: north, south
1784350369.056 RX The room is dimly lit
1784350369.056 PART [HP=54/MA=66]:
1784350373.027 TX 
1784350373.585 RX A gelatinous cube oozes in from the south!
1784350373.608 RX [HP=54/MA=66]:The gelatinous cube oozes over you for 18 damage!
1784350373.612 RX [HP=36/MA=66]:
1784350373.612 RX Limestone Tunnel, Cave Mouth
1784350373.612 RX You notice 473 gold crowns, 7 silver nobles, 2 copper farthings here.
1784350373.612 RX Also here: gelatinous cube.
1784350373.612 RX Obvious exits: north, south
1784350373.612 RX The room is dimly lit
1784350373.612 PART [HP=36/MA=66]:
1784350377.033 TX 
1784350377.874 RX 
1784350377.879 RX Limestone Tunnel, Cave Mouth
1784350377.879 RX You notice 473 gold crowns, 7 silver nobles, 2 copper farthings here.
1784350377.879 RX Also here: gelatinous cube.
1784350377.879 RX Obvious exits: north, south
1784350377.879 RX The room is dimly lit
1784350377.879 PART [HP=36/MA=66]:
1784350381.036 TX 
1784350381.292 RX 
1784350381.292 RX Limestone Tunnel, Cave Mouth
1784350381.292 RX You notice 473 gold crowns, 7 silver nobles, 2 copper farthings here.
1784350381.292 RX Also here: gelatinous cube.
1784350381.292 RX Obvious exits: north, south
1784350381.292 RX The room is dimly lit
1784350382.294 RX [HP=36/MA=66]:The gelatinous cube oozes over you for 16 damage!
1784350382.294 PART [HP=20/MA=66]:
1784350391.363 RX The gelatinous cube oozes over you for 19 damage!
1784350391.368 PART [HP=1/MA=66]:[HP=2/MA=66]:
1784350397.547 TX s
1784350398.174 RX s
1784350399.545 TX se
1784350401.395 RX Grassy Cove, Cave Entrance
1784350401.399 RX     This small hollow in the rock is carpeted with a soft, wavy-bladed blue
1784350401.399 RX grass. The sheer walls of the cliff rise up imperiously about you, and you
1784350401.399 RX realize that you are walking in an open-roofed fissure splitting some immense
1784350401.399 RX stone. To the north, a massive cave mouth yawns forebodingly at you, its black
1784350401.399 RX depths barely illuminated from the light above. The path through the grass
1784350401.399 RX leading inside appears to have not been used in some while. The fissure
1784350401.399 RX continues to the southeast. 
1784350401.399 RX Obvious exits: north, southeast
1784350401.399 RX [HP=2/MA=66]:se
1784350404.114 RX Grassy Cove
1784350404.117 RX     This small hollow in the rock is carpeted with a soft, wavy-bladed blue
1784350404.117 RX grass. The sheer walls of the cliff rise up imperiously about you, and you
1784350404.117 RX realize that you are walking in an open-roofed fissure splitting some immense
1784350404.117 RX stone. The fissure winds its way off to the south and northwest. 
1784350404.117 RX Obvious exits: south, northwest
1784350404.117 PART [HP=2/MA=66]:
1784350413.198 TX s
1784350413.236 RX s
1784350414.701 TX go crack
1784350414.836 RX Grassy Cove
1784350414.836 RX     This small hollow in the rock is carpeted with a soft, wavy-bladed blue
1784350414.836 RX grass. The sheer walls of the cliff rise up imperiously about you, and you
1784350414.836 RX realize that you are walking in an open-roofed fissure splitting some immense
1784350414.836 RX stone. The fissure winds its way off to the north, and to the south a large
1784350414.836 RX crack can be seen in the rock face. A small hole, partially concealed by the
1784350414.836 RX shape of the rock, is bored into the base of the wall to the east. 
1784350414.836 RX Obvious exits: north
1784350415.087 RX [HP=2/MA=66]:go crack
1784350415.102 RX You walk into the wide crack, and follow a path through the rock.
1784350415.102 RX Stony Crack
1784350415.102 RX     This is a black stone crack in the cliff face, about three feet wide and at
1784350415.102 RX least twenty feet tall. The floor is littered with rubble and broken stone. 
1784350415.102 RX Obvious exits: north, south
1784350415.102 RX The room is dimly lit
1784350415.102 PART [HP=2/MA=66]:[HP=2/MA=66]:
1784350416.205 TX s
1784350416.232 RX s
1784350418.250 RX Beach's End
1784350418.254 RX     This is a gravelly beach, curving around the sheer rock face to the north.
1784350418.254 RX Bits of shell and bone litter the beach, and if there is any plant life, you
1784350418.254 RX certainly cannot find it. In fact, there is a noticeable lack of life signs
1784350418.254 RX throughout this whole area, and you get the feeling that even the animals that
1784350418.254 RX may have inhabited this island have abandoned it. The rock face cuts off the
1784350418.254 RX beach here, but you spy a small path leading through a large crack. 
1784350418.254 RX Obvious exits: southwest
1784350418.254 PART [HP=2/MA=66]:
1784350427.889 TX look
1784350428.089 RX look
1784350428.089 RX Beach's End
1784350428.089 RX     This is a gravelly beach, curving around the sheer rock face to the north.
1784350428.089 RX Bits of shell and bone litter the beach, and if there is any plant life, you
1784350428.089 RX certainly cannot find it. In fact, there is a noticeable lack of life signs
1784350428.089 RX throughout this whole area, and you get the feeling that even the animals that
1784350428.089 RX may have inhabited this island have abandoned it. The rock face cuts off the
1784350428.089 RX beach here, but you spy a small path leading through a large crack. 
1784350428.089 RX Obvious exits: southwest
1784350428.089 PART [HP=2/MA=66]:
1784350438.518 PART [HP=3/MA=66]:
1784350468.531 TX x
1784350468.535 RX x
1784350468.535 RX You will exit after a period of silent meditation.
1784350470.529 PART .......
1784350471.888 PART ...
1784350472.907 PART ...
1784350474.911 PART ...
1784350475.944 RX 
1784350475.944 RX Your character has been saved. If you have any comments or suggestions, please
1784350475.944 RX leave them in E-mail to Sysop. Thanks.
1784350475.944 RX 
1784350475.944 PART [MAJORMUD]: 
1784350481.039 !! driver quit
1784350589.171 !! driver connected raw=/home/daniel/bbs/re/oracle/oracle_mcast_zinvar.raw
1784350589.216 RX ╔══════════════════════════════════════════════════════════╗
1784350589.216 RX ║█████████████████▄███████▄███████▄████████████████████████║
1784350589.216 RX ║██████████████▀▀██████▀▀██████▀▀▀▀███▀▀▀▀█████████████████║
1784350589.216 RX ║██████████████████▀███████▀███████████████████████████████║
1784350589.216 RX ║███▀███▀██████▀▀██████▀▀███▀▀▀▀██████▀▀▀████▀███▀█████████║
1784350589.216 RX ║████▀▀▀███████████▀███████▀██████████████████▀▀▀████▀████▀║
1784350589.216 RX ║▀▀▀█████▀▀▀▀▀▀▀▀▀▀█▀▀▀▀▀▀▀█▀▀▀▀▀▀▀▀▀▀▀▀▀▀▀▀▀█████▀▀▀█▀▀▀▀▀║
1784350589.216 RX ║██████████████╘═╡ The MajorBBS Emulator ╞═╛███████████████║
1784350589.216 RX ║████████████████│ By: MBBSEmu Community │█████████████████║
1784350589.216 RX ║                │https://www.mbbsemu.com│                 ║
1784350589.216 RX ╚══════════════════════════════════════════════════════════╝
1784350589.218 RX  
1784350589.218 RX Enter Username or enter "NEW" to create a new Account
1784350590.186 PART Username:  ²
1784350592.162 TX Vexil
1784350592.166 RX Vexil
1784350592.167 PART Password: 
1784350594.363 TX test123
1784350594.364 RX *******
1784350594.440 RX 
1784350594.440 RX Fantasy awaits you in MajorMUD v1.11p-WG!
1784350594.440 RX 
1784350594.441 RX 
1784350594.441 RX Please select one of the following:
1784350594.441 RX 
1784350594.441 RX    A ... MajorMUD
1784350594.441 RX 
1784350594.441 RX Main Menu
1784350594.442 PART Make your selection (X to exit): 
1784350596.562 TX A
1784350596.735 RX A
1784350596.741 RX 
1784350596.741 RX  M A J O R  M U D v1.11p-WG (Dec 30 2005 14:20:05)
1784350596.741 RX {Realm Of Legends}
1784350596.741 RX *ANSI RECOMMENDED*
1784350596.741 RX 
1784350596.741 RX [E] . Enter the Realm
1784350596.741 RX [H] . Help
1784350596.741 RX [A] . About the Game
1784350596.741 RX [C] . Game Counts
1784350596.741 RX [T] . Topten Adventurers
1784350596.741 RX [G] . Topten Gangs
1784350596.741 RX [W] . Who's in the Realm
1784350596.741 RX [R] . Release Notes
1784350596.741 RX [I] . Information
1784350596.741 RX [X] . Exit Game
1784350596.741 RX 
1784350596.741 PART [MAJORMUD]: 
1784350598.763 TX E
1784350599.249 RX E
1784350599.255 RX 
1784350599.255 RX MajorMUD - ROL
1784350599.255 RX 
1784350599.255 RX =-=-=-=-=-=-=-=-=-=-=-=-=-=-=-=-=-=-=-=-=-=-=-=-=-=-=-=-=-=-=-=-=-=-=-=-=-=-=
1784350599.255 RX 
1784350599.257 RX Beach's End
1784350599.257 RX     This is a gravelly beach, curving around the sheer rock face to the north.
1784350599.257 RX Bits of shell and bone litter the beach, and if there is any plant life, you
1784350599.257 RX certainly cannot find it. In fact, there is a noticeable lack of life signs
1784350599.257 RX throughout this whole area, and you get the feeling that even the animals that
1784350599.257 RX may have inhabited this island have abandoned it. The rock face cuts off the
1784350599.257 RX beach here, but you spy a small path leading through a large crack. 
1784350599.258 RX Obvious exits: southwest
1784350599.258 PART [HP=56/MA=66]:
1784350609.821 TX c armr
1784350610.158 RX c armr
1784350610.162 RX You attempt to cast magic armour, but fail.
1784350610.165 PART [HP=56/MA=66]:[HP=56/MA=63]:
1784350616.321 TX c mshi
1784350616.323 RX c mshi
1784350616.325 RX You attempt to cast mageshield, but fail.
1784350616.329 PART [HP=56/MA=63]:[HP=56/MA=58]:
1784350622.821 TX c shok
1784350622.823 RX c shok
1784350622.825 RX You attempt to cast shockshield, but fail.
1784350622.830 PART [HP=56/MA=58]:[HP=56/MA=52]:
1784350629.321 TX c blur
1784350629.323 RX [HP=56/MA=55]:c blur
1784350629.325 RX You cast blur on Zinvar!
1784350629.325 RX [HP=56/MA=51]:You are blurred!
1784350629.329 PART [HP=56/MA=51]:
1784350648.220 TX c armr
1784350648.222 RX c armr
1784350648.224 RX You attempt to cast magic armour, but fail.
1784350648.228 PART [HP=56/MA=51]:[HP=56/MA=48]:
1784350654.720 TX c mshi
1784350654.722 RX c mshi
1784350654.724 RX You attempt to cast mageshield, but fail.
1784350654.728 PART [HP=56/MA=48]:[HP=56/MA=43]:
1784350661.220 TX c shok
1784350661.222 RX c shok
1784350661.228 RX You cast shockshield, and a crackling field surround you!
1784350661.228 RX [HP=56/MA=31]:You are surrounded by a shield of lightning!
1784350661.233 PART [HP=56/MA=31]:
1784350669.792 PART [HP=56/MA=34]:
1784350676.159 TX c mshi
1784350676.162 RX c mshi
1784350676.167 RX You attempt to cast mageshield, but fail.
1784350676.172 PART [HP=56/MA=34]:[HP=56/MA=29]:
1784350682.659 TX st
1784350682.758 RX st
1784350682.760 RX Name: Zinvar Duskmere                  Lives/CP:      6/190  
1784350682.760 RX Race: Human       Exp: 115000          Perception:     40
1784350682.760 RX Class: Mage       Level: 10            Stealth:         0
1784350682.760 RX Hits:    56/56    Armour Class:   0/0  Thievery:        0
1784350682.760 RX Mana:    29/66    Spellcasting: 61     Traps:           0
1784350682.760 RX                                        Picklocks:       0
1784350682.760 RX Strength:  40     Agility: 40          Tracking:        0
1784350682.760 RX Intellect: 40     Health:  40          Martial Arts:   20
1784350682.760 RX Willpower: 40     Charm:   40          MagicRes:       40
1784350682.760 RX You are blurred!
1784350682.760 RX You are surrounded by a shield of lightning!
1784350682.760 PART [HP=56/MA=29]:
1784350701.642 TX c armr
1784350701.645 RX c armr
1784350701.648 RX You cast magic armour on yourself. A glimmering shield surrounds you!
1784350701.648 RX [HP=56/MA=23]:You feel armoured!
1784350701.652 PART [HP=56/MA=23]:
1784350708.201 PART [HP=56/MA=26]:
1784350727.466 TX sw
1784350727.468 RX sw
1784350728.966 TX ne
1784350729.551 RX Gravelly Beach
1784350729.551 RX     This is a gravelly beach, curving around the sheer rock face to the north.
1784350729.551 RX Bits of shell and bone litter the beach, and if there is any plant life, you
1784350729.551 RX certainly cannot find it. In fact, there is a noticeable lack of life signs
1784350729.551 RX throughout this whole area, and you get the feeling that even the animals that
1784350729.551 RX may have inhabited this island have abandoned it. The beach continues to the
1784350729.551 RX northeast and southwest. 
1784350729.551 RX Obvious exits: northeast, southwest
1784350729.552 RX [HP=56/MA=26]:ne
1784350730.467 TX go crack
1784350730.479 RX go crack
1784350731.899 RX Beach's End
1784350731.900 RX     This is a gravelly beach, curving around the sheer rock face to the north.
1784350731.900 RX Bits of shell and bone litter the beach, and if there is any plant life, you
1784350731.900 RX certainly cannot find it. In fact, there is a noticeable lack of life signs
1784350731.900 RX throughout this whole area, and you get the feeling that even the animals that
1784350731.900 RX may have inhabited this island have abandoned it. The rock face cuts off the
1784350731.900 RX beach here, but you spy a small path leading through a large crack. 
1784350731.900 RX Obvious exits: southwest
1784350731.900 RX [HP=56/MA=26]:go crack
1784350731.900 RX You walk into the wide crack, and follow a path through the rock.
1784350731.901 RX Stony Crack
1784350731.901 RX     This is a black stone crack in the cliff face, about three feet wide and at
1784350731.901 RX least twenty feet tall. The floor is littered with rubble and broken stone. 
1784350731.901 RX Obvious exits: north, south
1784350731.901 RX The room is dimly lit
1784350731.966 TX n
1784350731.968 RX [HP=56/MA=26]:[HP=56/MA=26]:n
1784350733.467 TX n
1784350734.492 RX Grassy Cove
1784350734.493 RX     This small hollow in the rock is carpeted with a soft, wavy-bladed blue
1784350734.493 RX grass. The sheer walls of the cliff rise up imperiously about you, and you
1784350734.493 RX realize that you are walking in an open-roofed fissure splitting some immense
1784350734.493 RX stone. The fissure winds its way off to the north, and to the south a large
1784350734.493 RX crack can be seen in the rock face. A small hole, partially concealed by the
1784350734.493 RX shape of the rock, is bored into the base of the wall to the east. 
1784350734.493 RX Obvious exits: north
1784350734.493 RX [HP=56/MA=26]:n
1784350734.967 TX nw
1784350734.968 RX nw
1784350736.467 TX n
1784350736.468 RX n
1784350737.661 RX Grassy Cove
1784350737.662 RX     This small hollow in the rock is carpeted with a soft, wavy-bladed blue
1784350737.662 RX grass. The sheer walls of the cliff rise up imperiously about you, and you
1784350737.662 RX realize that you are walking in an open-roofed fissure splitting some immense
1784350737.662 RX stone. The fissure winds its way off to the south and northwest. 
1784350737.662 RX Obvious exits: south, northwest
1784350737.662 RX [HP=56/MA=26]:nw
1784350737.967 TX look
1784350739.739 RX Grassy Cove, Cave Entrance
1784350739.739 RX     This small hollow in the rock is carpeted with a soft, wavy-bladed blue
1784350739.739 RX grass. The sheer walls of the cliff rise up imperiously about you, and you
1784350739.739 RX realize that you are walking in an open-roofed fissure splitting some immense
1784350739.739 RX stone. To the north, a massive cave mouth yawns forebodingly at you, its black
1784350739.739 RX depths barely illuminated from the light above. The path through the grass
1784350739.739 RX leading inside appears to have not been used in some while. The fissure
1784350739.739 RX continues to the southeast. 
1784350739.739 RX Obvious exits: north, southeast
1784350739.739 RX [HP=56/MA=26]:n
1784350741.819 RX Limestone Tunnel, Cave Mouth
1784350741.819 RX     This smooth-walled tunnel is cut directly into the stone here, its even
1784350741.819 RX surface obviously the work of something other than nature's gentle hand. The
1784350741.819 RX tunnel is perfectly round, with the bottom quarter of the tube cut off to make
1784350741.819 RX a flat and level floor. To the north, it slopes down into the darkness at a
1784350741.819 RX steep angle, and you can exit into the sunlight through a large opening to the
1784350741.819 RX south. 
1784350741.819 RX You notice 473 gold crowns, 7 silver nobles, 2 copper farthings here.
1784350741.819 RX Obvious exits: north, south
1784350741.819 RX The room is dimly lit
1784350741.819 RX [HP=56/MA=26]:look
1784350741.820 RX Limestone Tunnel, Cave Mouth
1784350741.820 RX     This smooth-walled tunnel is cut directly into the stone here, its even
1784350741.820 RX surface obviously the work of something other than nature's gentle hand. The
1784350741.820 RX tunnel is perfectly round, with the bottom quarter of the tube cut off to make
1784350741.820 RX a flat and level floor. To the north, it slopes down into the darkness at a
1784350741.820 RX steep angle, and you can exit into the sunlight through a large opening to the
1784350741.820 RX south. 
1784350741.820 RX You notice 473 gold crowns, 7 silver nobles, 2 copper farthings here.
1784350741.820 RX Obvious exits: north, south
1784350741.820 RX The room is dimly lit
1784350741.820 PART [HP=56/MA=26]:
1784350746.651 PART [HP=56/MA=29]:
1784350748.046 TX look
1784350748.048 RX look
1784350748.048 RX Limestone Tunnel, Cave Mouth
1784350748.049 RX     This smooth-walled tunnel is cut directly into the stone here, its even
1784350748.049 RX surface obviously the work of something other than nature's gentle hand. The
1784350748.049 RX tunnel is perfectly round, with the bottom quarter of the tube cut off to make
1784350748.049 RX a flat and level floor. To the north, it slopes down into the darkness at a
1784350748.049 RX steep angle, and you can exit into the sunlight through a large opening to the
1784350748.049 RX south. 
1784350748.049 RX You notice 473 gold crowns, 7 silver nobles, 2 copper farthings here.
1784350748.049 RX Obvious exits: north, south
1784350748.049 RX The room is dimly lit
1784350748.049 PART [HP=56/MA=29]:
1784350759.425 TX 
1784350759.425 RX 
1784350759.428 RX Limestone Tunnel, Cave Mouth
1784350759.428 RX You notice 473 gold crowns, 7 silver nobles, 2 copper farthings here.
1784350759.428 RX Obvious exits: north, south
1784350759.428 RX The room is dimly lit
1784350759.428 PART [HP=56/MA=29]:
1784350765.725 TX 
1784350766.306 RX 
1784350766.307 RX Limestone Tunnel, Cave Mouth
1784350766.308 RX You notice 473 gold crowns, 7 silver nobles, 2 copper farthings here.
1784350766.308 RX Obvious exits: north, south
1784350766.308 RX The room is dimly lit
1784350766.308 PART [HP=56/MA=29]:
1784350772.026 TX 
1784350772.027 RX 
1784350772.028 RX Limestone Tunnel, Cave Mouth
1784350772.028 RX You notice 473 gold crowns, 7 silver nobles, 2 copper farthings here.
1784350772.028 RX Obvious exits: north, south
1784350772.028 RX The room is dimly lit
1784350772.028 PART [HP=56/MA=29]:
1784350778.328 TX 
1784350778.329 RX 
1784350778.330 RX Limestone Tunnel, Cave Mouth
1784350778.330 RX You notice 473 gold crowns, 7 silver nobles, 2 copper farthings here.
1784350778.330 RX Obvious exits: north, south
1784350778.330 RX The room is dimly lit
1784350778.330 PART [HP=56/MA=29]:
1784350784.629 TX 
1784350784.630 RX 
1784350784.631 RX Limestone Tunnel, Cave Mouth
1784350784.631 RX You notice 473 gold crowns, 7 silver nobles, 2 copper farthings here.
1784350784.631 RX Obvious exits: north, south
1784350784.631 RX The room is dimly lit
1784350784.631 PART [HP=56/MA=29]:
1784350786.248 PART [HP=56/MA=32]:
1784350790.931 TX 
1784350791.310 RX 
1784350791.311 RX Limestone Tunnel, Cave Mouth
1784350791.311 RX You notice 473 gold crowns, 7 silver nobles, 2 copper farthings here.
1784350791.311 RX Obvious exits: north, south
1784350791.311 RX The room is dimly lit
1784350791.311 PART [HP=56/MA=32]:
1784350797.232 TX 
1784350797.233 RX 
1784350797.233 RX Limestone Tunnel, Cave Mouth
1784350797.234 RX You notice 473 gold crowns, 7 silver nobles, 2 copper farthings here.
1784350797.234 RX Obvious exits: north, south
1784350797.234 RX The room is dimly lit
1784350797.234 PART [HP=56/MA=32]:
1784350803.535 TX 
1784350803.536 RX 
1784350803.537 RX Limestone Tunnel, Cave Mouth
1784350803.537 RX You notice 473 gold crowns, 7 silver nobles, 2 copper farthings here.
1784350803.537 RX Obvious exits: north, south
1784350803.537 RX The room is dimly lit
1784350803.537 PART [HP=56/MA=32]:
1784350809.837 TX 
1784350809.837 RX 
1784350809.838 RX Limestone Tunnel, Cave Mouth
1784350809.838 RX You notice 473 gold crowns, 7 silver nobles, 2 copper farthings here.
1784350809.838 RX Obvious exits: north, south
1784350809.838 RX The room is dimly lit
1784350809.838 PART [HP=56/MA=32]:
1784350816.138 TX 
1784350816.139 RX 
1784350816.139 RX Limestone Tunnel, Cave Mouth
1784350816.139 RX You notice 473 gold crowns, 7 silver nobles, 2 copper farthings here.
1784350816.140 RX Obvious exits: north, south
1784350816.140 RX The room is dimly lit
1784350816.140 PART [HP=56/MA=32]:
1784350818.085 RX The effects of shockshield wear off!
1784350818.085 PART [HP=56/MA=32]:
1784350822.439 TX 
1784350822.440 RX 
1784350822.441 RX Limestone Tunnel, Cave Mouth
1784350822.441 RX You notice 473 gold crowns, 7 silver nobles, 2 copper farthings here.
1784350822.441 RX Obvious exits: north, south
1784350822.441 RX The room is dimly lit
1784350822.441 PART [HP=56/MA=32]:
1784350825.496 PART [HP=56/MA=35]:
1784350828.745 TX 
1784350828.745 RX 
1784350828.746 RX Limestone Tunnel, Cave Mouth
1784350828.746 RX You notice 473 gold crowns, 7 silver nobles, 2 copper farthings here.
1784350828.746 RX Obvious exits: north, south
1784350828.746 RX The room is dimly lit
1784350828.746 PART [HP=56/MA=35]:
1784350835.046 TX 
1784350835.047 RX 
1784350835.047 RX Limestone Tunnel, Cave Mouth
1784350835.047 RX You notice 473 gold crowns, 7 silver nobles, 2 copper farthings here.
1784350835.047 RX Obvious exits: north, south
1784350835.047 RX The room is dimly lit
1784350835.047 PART [HP=56/MA=35]:
1784350841.347 TX 
1784350841.480 RX 
1784350841.480 RX Limestone Tunnel, Cave Mouth
1784350841.480 RX You notice 473 gold crowns, 7 silver nobles, 2 copper farthings here.
1784350841.480 RX Obvious exits: north, south
1784350841.480 RX The room is dimly lit
1784350841.480 PART [HP=56/MA=35]:
1784350847.648 TX 
1784350847.649 RX 
1784350847.650 RX Limestone Tunnel, Cave Mouth
1784350847.651 RX You notice 473 gold crowns, 7 silver nobles, 2 copper farthings here.
1784350847.651 RX Obvious exits: north, south
1784350847.651 RX The room is dimly lit
1784350847.651 PART [HP=56/MA=35]:
1784350853.949 TX 
1784350853.964 RX 
1784350853.965 RX Limestone Tunnel, Cave Mouth
1784350853.965 RX You notice 473 gold crowns, 7 silver nobles, 2 copper farthings here.
1784350853.966 RX Obvious exits: north, south
1784350853.966 RX The room is dimly lit
1784350853.966 PART [HP=56/MA=35]:
1784350860.258 TX 
1784350860.456 RX 
1784350860.457 RX Limestone Tunnel, Cave Mouth
1784350860.457 RX You notice 473 gold crowns, 7 silver nobles, 2 copper farthings here.
1784350860.457 RX Obvious exits: north, south
1784350860.457 RX The room is dimly lit
1784350860.457 PART [HP=56/MA=35]:
1784350865.440 PART [HP=56/MA=38]:
1784350866.561 TX 
1784350866.562 RX 
1784350866.563 RX Limestone Tunnel, Cave Mouth
1784350866.563 RX You notice 473 gold crowns, 7 silver nobles, 2 copper farthings here.
1784350866.563 RX Obvious exits: north, south
1784350866.563 RX The room is dimly lit
1784350866.563 PART [HP=56/MA=38]:
1784350872.864 TX 
1784350872.969 RX 
1784350872.989 RX Limestone Tunnel, Cave Mouth
1784350872.989 RX You notice 473 gold crowns, 7 silver nobles, 2 copper farthings here.
1784350872.990 RX Obvious exits: north, south
1784350872.990 RX The room is dimly lit
1784350872.990 PART [HP=56/MA=38]:
1784350874.017 RX You hear movement to the north.
1784350874.017 PART [HP=56/MA=38]:
1784350879.166 TX 
1784350879.166 RX 
1784350879.166 RX Limestone Tunnel, Cave Mouth
1784350879.166 RX You notice 473 gold crowns, 7 silver nobles, 2 copper farthings here.
1784350879.167 RX Obvious exits: north, south
1784350879.167 RX The room is dimly lit
1784350879.167 PART [HP=56/MA=38]:
1784350885.467 TX 
1784350885.471 RX 
1784350885.471 RX Limestone Tunnel, Cave Mouth
1784350885.471 RX You notice 473 gold crowns, 7 silver nobles, 2 copper farthings here.
1784350885.471 RX Obvious exits: north, south
1784350885.471 RX The room is dimly lit
1784350885.471 PART [HP=56/MA=38]:
1784350891.771 TX 
1784350891.771 RX 
1784350891.771 RX Limestone Tunnel, Cave Mouth
1784350891.771 RX You notice 473 gold crowns, 7 silver nobles, 2 copper farthings here.
1784350891.772 RX Obvious exits: north, south
1784350891.772 RX The room is dimly lit
1784350891.772 PART [HP=56/MA=38]:
1784350898.072 TX 
1784350898.073 RX 
1784350898.073 RX Limestone Tunnel, Cave Mouth
1784350898.073 RX You notice 473 gold crowns, 7 silver nobles, 2 copper farthings here.
1784350898.073 RX Obvious exits: north, south
1784350898.073 RX The room is dimly lit
1784350898.073 PART [HP=56/MA=38]:
1784350904.373 TX 
1784350904.376 RX 
1784350904.376 RX Limestone Tunnel, Cave Mouth
1784350904.376 RX You notice 473 gold crowns, 7 silver nobles, 2 copper farthings here.
1784350904.376 RX Obvious exits: north, south
1784350904.376 RX The room is dimly lit
1784350905.179 RX [HP=56/MA=38]:The effects of blur wear off.
1784350905.221 PART [HP=56/MA=38]:[HP=56/MA=41]:
1784350910.674 TX 
1784350910.675 RX 
1784350910.676 RX Limestone Tunnel, Cave Mouth
1784350910.676 RX You notice 473 gold crowns, 7 silver nobles, 2 copper farthings here.
1784350910.676 RX Obvious exits: north, south
1784350910.676 RX The room is dimly lit
1784350910.676 PART [HP=56/MA=41]:
1784350916.976 TX 
1784350916.977 RX 
1784350917.003 RX Limestone Tunnel, Cave Mouth
1784350917.004 RX You notice 473 gold crowns, 7 silver nobles, 2 copper farthings here.
1784350917.004 RX Obvious exits: north, south
1784350917.004 RX The room is dimly lit
1784350917.004 PART [HP=56/MA=41]:
1784350923.277 TX 
1784350923.278 RX 
1784350923.303 RX Limestone Tunnel, Cave Mouth
1784350923.303 RX You notice 473 gold crowns, 7 silver nobles, 2 copper farthings here.
1784350923.303 RX Obvious exits: north, south
1784350923.303 RX The room is dimly lit
1784350923.303 PART [HP=56/MA=41]:
1784350929.579 TX 
1784350929.582 RX 
1784350929.582 RX Limestone Tunnel, Cave Mouth
1784350929.582 RX You notice 473 gold crowns, 7 silver nobles, 2 copper farthings here.
1784350929.582 RX Obvious exits: north, south
1784350929.582 RX The room is dimly lit
1784350929.582 PART [HP=56/MA=41]:
1784350935.881 TX 
1784350935.881 RX 
1784350935.881 RX Limestone Tunnel, Cave Mouth
1784350935.881 RX You notice 473 gold crowns, 7 silver nobles, 2 copper farthings here.
1784350935.881 RX Obvious exits: north, south
1784350935.881 RX The room is dimly lit
1784350935.882 PART [HP=56/MA=41]:
1784350942.182 TX 
1784350942.183 RX 
1784350942.205 RX Limestone Tunnel, Cave Mouth
1784350942.205 RX You notice 473 gold crowns, 7 silver nobles, 2 copper farthings here.
1784350942.205 RX Obvious exits: north, south
1784350942.205 RX The room is dimly lit
1784350942.708 PART [HP=56/MA=41]:[HP=56/MA=44]:
1784350948.483 TX 
1784350948.484 RX 
1784350948.484 RX Limestone Tunnel, Cave Mouth
1784350948.484 RX You notice 473 gold crowns, 7 silver nobles, 2 copper farthings here.
1784350948.484 RX Obvious exits: north, south
1784350948.484 RX The room is dimly lit
1784350948.484 PART [HP=56/MA=44]:
1784350954.790 TX 
1784350954.797 RX 
1784350954.797 RX Limestone Tunnel, Cave Mouth
1784350954.797 RX You notice 473 gold crowns, 7 silver nobles, 2 copper farthings here.
1784350954.797 RX Obvious exits: north, south
1784350954.797 RX The room is dimly lit
1784350954.797 PART [HP=56/MA=44]:
1784350961.088 TX 
1784350961.137 RX 
1784350961.137 RX Limestone Tunnel, Cave Mouth
1784350961.137 RX You notice 473 gold crowns, 7 silver nobles, 2 copper farthings here.
1784350961.137 RX Obvious exits: north, south
1784350961.137 RX The room is dimly lit
1784350961.137 PART [HP=56/MA=44]:
1784350967.392 TX 
1784350967.395 RX 
1784350967.395 RX Limestone Tunnel, Cave Mouth
1784350967.395 RX You notice 473 gold crowns, 7 silver nobles, 2 copper farthings here.
1784350967.395 RX Obvious exits: north, south
1784350967.395 RX The room is dimly lit
1784350967.395 PART [HP=56/MA=44]:
1784350973.700 TX 
1784350973.710 RX 
1784350973.710 RX Limestone Tunnel, Cave Mouth
1784350973.710 RX You notice 473 gold crowns, 7 silver nobles, 2 copper farthings here.
1784350973.710 RX Obvious exits: north, south
1784350973.710 RX The room is dimly lit
1784350973.710 PART [HP=56/MA=44]:
1784350980.000 TX 
1784350980.093 RX 
1784350980.094 RX Limestone Tunnel, Cave Mouth
1784350980.094 RX You notice 473 gold crowns, 7 silver nobles, 2 copper farthings here.
1784350980.094 RX Obvious exits: north, south
1784350980.094 RX The room is dimly lit
1784350980.094 PART [HP=56/MA=44]:
1784350982.686 RX A minotaur stomps in from the north.
1784350982.692 RX [HP=56/MA=44]:The minotaur cleaves you for 19 damage!
1784350982.801 TX s
1784350982.803 RX [HP=37/MA=44]:[HP=38/MA=47]:s
1784350984.402 TX se
1784350985.091 RX Grassy Cove, Cave Entrance
1784350985.092 RX     This small hollow in the rock is carpeted with a soft, wavy-bladed blue
1784350985.092 RX grass. The sheer walls of the cliff rise up imperiously about you, and you
1784350985.092 RX realize that you are walking in an open-roofed fissure splitting some immense
1784350985.092 RX stone. To the north, a massive cave mouth yawns forebodingly at you, its black
1784350985.092 RX depths barely illuminated from the light above. The path through the grass
1784350985.092 RX leading inside appears to have not been used in some while. The fissure
1784350985.092 RX continues to the southeast. 
1784350985.092 RX Obvious exits: north, southeast
1784350985.092 RX [HP=38/MA=47]:se
1784350986.002 TX s
1784350986.003 RX s
1784350987.602 TX go crack
1784350987.799 RX Grassy Cove
1784350987.799 RX     This small hollow in the rock is carpeted with a soft, wavy-bladed blue
1784350987.799 RX grass. The sheer walls of the cliff rise up imperiously about you, and you
1784350987.799 RX realize that you are walking in an open-roofed fissure splitting some immense
1784350987.799 RX stone. The fissure winds its way off to the south and northwest. 
1784350987.799 RX Obvious exits: south, northwest
1784350987.799 RX [HP=38/MA=47]:s
1784350987.806 RX go crack
1784350989.405 TX s
1784350989.410 RX s
1784350992.183 RX Grassy Cove
1784350992.184 RX     This small hollow in the rock is carpeted with a soft, wavy-bladed blue
1784350992.184 RX grass. The sheer walls of the cliff rise up imperiously about you, and you
1784350992.184 RX realize that you are walking in an open-roofed fissure splitting some immense
1784350992.184 RX stone. The fissure winds its way off to the north, and to the south a large
1784350992.184 RX crack can be seen in the rock face. A small hole, partially concealed by the
1784350992.184 RX shape of the rock, is bored into the base of the wall to the east. 
1784350992.184 RX Obvious exits: north
1784350992.184 RX [HP=38/MA=47]:go crack
1784350992.186 RX You say "go"
1784350992.186 PART [HP=38/MA=47]:
1784350993.892 RX s
1784350993.893 RX There is no exit in that direction!
1784350993.893 PART [HP=38/MA=47]:
1784351007.929 TX go crack
1784351007.940 RX go crack
1784351007.940 RX You walk into the wide crack, and follow a path through the rock.
1784351007.940 RX Stony Crack
1784351007.940 RX     This is a black stone crack in the cliff face, about three feet wide and at
1784351007.940 RX least twenty feet tall. The floor is littered with rubble and broken stone. 
1784351007.940 RX Obvious exits: north, south
1784351007.940 RX The room is dimly lit
1784351007.940 PART [HP=38/MA=47]:[HP=38/MA=47]:
1784351009.729 TX s
1784351009.731 RX s
1784351011.530 TX look
1784351011.847 RX Beach's End
1784351011.848 RX     This is a gravelly beach, curving around the sheer rock face to the north.
1784351011.848 RX Bits of shell and bone litter the beach, and if there is any plant life, you
1784351011.848 RX certainly cannot find it. In fact, there is a noticeable lack of life signs
1784351011.848 RX throughout this whole area, and you get the feeling that even the animals that
1784351011.848 RX may have inhabited this island have abandoned it. The rock face cuts off the
1784351011.848 RX beach here, but you spy a small path leading through a large crack. 
1784351011.848 RX Obvious exits: southwest
1784351011.848 RX [HP=38/MA=47]:look
1784351011.848 RX Beach's End
1784351011.848 RX     This is a gravelly beach, curving around the sheer rock face to the north.
1784351011.848 RX Bits of shell and bone litter the beach, and if there is any plant life, you
1784351011.848 RX certainly cannot find it. In fact, there is a noticeable lack of life signs
1784351011.848 RX throughout this whole area, and you get the feeling that even the animals that
1784351011.848 RX may have inhabited this island have abandoned it. The rock face cuts off the
1784351011.848 RX beach here, but you spy a small path leading through a large crack. 
1784351011.848 RX Obvious exits: southwest
1784351011.848 PART [HP=38/MA=47]:
1784351028.736 PART [HP=39/MA=50]:
1784351032.203 TX x
1784351032.204 RX x
1784351032.205 RX You will exit after a period of silent meditation.
1784351033.170 PART ....
1784351035.243 PART ...
1784351036.255 PART ...
1784351038.467 PART ...
1784351039.492 PART ...
1784351041.661 RX 
1784351041.661 RX Your character has been saved. If you have any comments or suggestions, please
1784351041.661 RX leave them in E-mail to Sysop. Thanks.
1784351041.661 RX 
1784351041.661 PART [MAJORMUD]: 
1784351044.708 !! driver quit
1784351122.526 !! driver connected raw=/home/daniel/bbs/re/oracle/oracle_mcast_zinvar.raw
1784351122.563 RX ╔══════════════════════════════════════════════════════════╗
1784351122.563 RX ║█████████████████▄███████▄███████▄████████████████████████║
1784351122.563 RX ║██████████████▀▀██████▀▀██████▀▀▀▀███▀▀▀▀█████████████████║
1784351122.563 RX ║██████████████████▀███████▀███████████████████████████████║
1784351122.563 RX ║███▀███▀██████▀▀██████▀▀███▀▀▀▀██████▀▀▀████▀███▀█████████║
1784351122.563 RX ║████▀▀▀███████████▀███████▀██████████████████▀▀▀████▀████▀║
1784351122.563 RX ║▀▀▀█████▀▀▀▀▀▀▀▀▀▀█▀▀▀▀▀▀▀█▀▀▀▀▀▀▀▀▀▀▀▀▀▀▀▀▀█████▀▀▀█▀▀▀▀▀║
1784351122.563 RX ║██████████████╘═╡ The MajorBBS Emulator ╞═╛███████████████║
1784351122.563 RX ║████████████████│ By: MBBSEmu Community │█████████████████║
1784351122.563 RX ║                │https://www.mbbsemu.com│                 ║
1784351122.563 RX ╚══════════════════════════════════════════════════════════╝
1784351122.563 RX  
1784351122.563 RX Enter Username or enter "NEW" to create a new Account
1784351123.040 PART Username:  ²
1784351125.517 TX Vexil
1784351125.520 RX Vexil
1784351125.521 PART Password: 
1784351127.717 TX test123
1784351127.722 RX *******
1784351127.813 RX 
1784351127.813 RX Fantasy awaits you in MajorMUD v1.11p-WG!
1784351127.813 RX 
1784351127.813 RX 
1784351127.813 RX Please select one of the following:
1784351127.813 RX 
1784351127.814 RX    A ... MajorMUD
1784351127.815 RX 
1784351127.815 RX Main Menu
1784351127.815 PART Make your selection (X to exit): 
1784351129.917 TX A
1784351129.918 RX A
1784351129.924 RX 
1784351129.924 RX  M A J O R  M U D v1.11p-WG (Dec 30 2005 14:20:05)
1784351129.924 RX {Realm Of Legends}
1784351129.924 RX *ANSI RECOMMENDED*
1784351129.924 RX 
1784351129.924 RX [E] . Enter the Realm
1784351129.924 RX [H] . Help
1784351129.924 RX [A] . About the Game
1784351129.924 RX [C] . Game Counts
1784351129.924 RX [T] . Topten Adventurers
1784351129.924 RX [G] . Topten Gangs
1784351129.924 RX [W] . Who's in the Realm
1784351129.924 RX [R] . Release Notes
1784351129.924 RX [I] . Information
1784351129.924 RX [X] . Exit Game
1784351129.924 RX 
1784351129.924 PART [MAJORMUD]: 
1784351132.117 TX E
1784351132.295 RX E
1784351132.301 RX 
1784351132.301 RX MajorMUD - ROL
1784351132.301 RX 
1784351132.301 RX =-=-=-=-=-=-=-=-=-=-=-=-=-=-=-=-=-=-=-=-=-=-=-=-=-=-=-=-=-=-=-=-=-=-=-=-=-=-=
1784351132.301 RX 
1784351132.303 RX Beach's End
1784351132.304 RX     This is a gravelly beach, curving around the sheer rock face to the north.
1784351132.304 RX Bits of shell and bone litter the beach, and if there is any plant life, you
1784351132.304 RX certainly cannot find it. In fact, there is a noticeable lack of life signs
1784351132.304 RX throughout this whole area, and you get the feeling that even the animals that
1784351132.304 RX may have inhabited this island have abandoned it. The rock face cuts off the
1784351132.304 RX beach here, but you spy a small path leading through a large crack. 
1784351132.304 RX Obvious exits: southwest
1784351132.304 PART [HP=56/MA=50]:
1784351144.929 TX sw
1784351144.932 RX sw
1784351146.329 TX sw
1784351146.953 RX Gravelly Beach
1784351146.953 RX     This is a gravelly beach, curving around the sheer rock face to the north.
1784351146.953 RX Bits of shell and bone litter the beach, and if there is any plant life, you
1784351146.953 RX certainly cannot find it. In fact, there is a noticeable lack of life signs
1784351146.953 RX throughout this whole area, and you get the feeling that even the animals that
1784351146.953 RX may have inhabited this island have abandoned it. The beach continues to the
1784351146.953 RX northeast and southwest. 
1784351146.953 RX Obvious exits: northeast, southwest
1784351146.953 RX [HP=56/MA=50]:sw
1784351147.730 TX w
1784351147.730 RX w
1784351149.130 TX s
1784351149.130 RX s
1784351149.492 RX Gravelly Beach
1784351149.492 RX     This is a gravelly beach, curving around the sheer rock face to the north.
1784351149.492 RX Bits of shell and bone litter the beach, and if there is any plant life, you
1784351149.492 RX certainly cannot find it. In fact, there is a noticeable lack of life signs
1784351149.492 RX throughout this whole area, and you get the feeling that even the animals that
1784351149.492 RX may have inhabited this island have abandoned it. The beach continues to the
1784351149.492 RX northeast, and a small lagoon is to the west. 
1784351149.492 RX Obvious exits: west, northeast
1784351149.492 RX [HP=56/MA=50]:w
1784351150.530 TX s
1784351151.930 TX s
1784351152.353 RX Island, Beach Landing
1784351152.353 RX     This is a gravelly beach bordering a small, sheltered lagoon. Off across
1784351152.353 RX the raging river, you can see the port-side of the city of Silvermere. The
1784351152.353 RX beach continues off to the east and west, curving around the sheer rock face
1784351152.353 RX which towers above you. 
1784351152.353 RX Obvious exits: south, east, west
1784351152.353 RX [HP=56/MA=50]:s
1784351153.330 TX s
1784351153.769 RX The effects of magic armour wear off!
1784351154.737 TX w
1784351154.786 RX [HP=56/MA=50]:The Silver River, Silvermere Docks
1784351154.791 RX     The rapid currents of the river make it perilous to travel, even in a
1784351154.791 RX suitable vessel, as it is filled with strange water-dwellers. The shimmering
1784351154.791 RX silvery surface of the water gives the river its namesake. To the north, you
1784351154.791 RX can see the gravelly beach of a large island poking out of the middle of the
1784351154.791 RX river, and to the south, the seldom-used port of Silvermere. The river flows
1784351154.791 RX quickly downstream to the west, and upstream to the east. 
1784351154.791 RX Obvious exits: north, south, east, west
1784351154.791 RX [HP=56/MA=50]:s
1784351156.130 TX s
1784351157.462 RX The river bashes you up against some rocks!
1784351157.467 RX Pier, Boat Launch
1784351157.468 RX     This is a small, haphazardly constructed wooden pier, supported by rotting
1784351157.468 RX pillars over the swift waters of the river. Tied to the end are a half-dozen
1784351157.468 RX skiffs of varying size. To the north, the Silver river's glittering length runs
1784351157.468 RX perilously fast. 
1784351157.468 RX Obvious exits: north, south
1784351157.468 RX [HP=39/MA=50]:s
1784351157.530 TX s
1784351158.930 TX s
1784351160.039 RX You hear movement to the south.
1784351160.040 RX [HP=39/MA=50]:Pier
1784351160.041 RX     This is a small, haphazardly constructed wooden pier, supported by rotting
1784351160.041 RX pillars over the swift waters of the river. Tied to the far end are a
1784351160.041 RX half-dozen skiffs of varying size. A seedy-looking man sits on the edge of the
1784351160.041 RX launch, his feet dangling dangerously close to the water's surface. 
1784351160.041 RX Also here: boatman.
1784351160.041 RX Obvious exits: north, south
1784351160.041 RX [HP=39/MA=50]:s
1784351160.330 TX s
1784351161.561 PART [HP=40/MA=53]:
1784351164.353 RX Docks
1784351164.354 RX     This is a cobblestoned street. It is dimly lit by guttering lanterns hung
1784351164.354 RX from tall posts. To the west you can see Wharf street, and to the east there is
1784351164.354 RX a small, run-down shack. From the look of it, it looks to be a caretaker's
1784351164.354 RX house of some sort. River street runs parallel to Wharf street to the south.
1784351164.354 RX Off to the north, a rickety boat launch juts out into the fast-flowing waters
1784351164.354 RX of the Silver river. 
1784351164.354 RX Obvious exits: north, south, east, west
1784351164.354 RX [HP=40/MA=53]:w
1784351166.773 RX Docks
1784351166.773 RX     This is a cobblestoned street. It is dimly lit by guttering lanterns hung
1784351166.773 RX from tall posts. There are large open crates piled here, all empty. The boat
1784351166.773 RX berths are empty also, echoing the effect of the recent decrease in traffic to
1784351166.773 RX and from Silvermere. 
1784351166.773 RX Obvious exits: north, south, east, west
1784351166.773 RX [HP=40/MA=53]:s
1784351169.305 RX River Street
1784351169.305 RX     This is a cobblestoned street. It is dimly lit by guttering lanterns hung
1784351169.305 RX from tall posts. To the north you can see the entrance to the Wharf district,
1784351169.305 RX which leads to the city's docks. River street continues to the east and west
1784351169.305 RX here. To the south is the side of a massive warehouse. 
1784351169.305 RX Obvious exits: north, east, west
1784351169.305 RX [HP=40/MA=53]:s
1784351169.306 RX There is no exit in that direction!
1784351169.306 PART [HP=40/MA=53]:
1784351170.316 RX s
1784351170.316 RX There is no exit in that direction!
1784351170.316 PART [HP=40/MA=53]:
1784351171.944 RX s
1784351171.945 RX There is no exit in that direction!
1784351171.945 PART [HP=40/MA=53]:
1784351174.425 TX look
1784351174.520 RX look
1784351174.520 RX River Street
1784351174.520 RX     This is a cobblestoned street. It is dimly lit by guttering lanterns hung
1784351174.520 RX from tall posts. To the north you can see the entrance to the Wharf district,
1784351174.520 RX which leads to the city's docks. River street continues to the east and west
1784351174.520 RX here. To the south is the side of a massive warehouse. 
1784351174.520 RX Obvious exits: north, east, west
1784351174.520 PART [HP=40/MA=53]:
1784351193.250 TX w
1784351193.608 RX w
1784351194.550 TX w
1784351195.850 TX w
1784351196.279 RX River Street
1784351196.279 RX     This is a cobblestoned street. It is dimly lit by guttering lanterns hung
1784351196.279 RX from tall posts. To the north you can see the entrance to the Wharf district,
1784351196.279 RX which leads to the city's docks. River street continues to the east and west
1784351196.279 RX here. To the south is the side of a massive warehouse. 
1784351196.279 RX Obvious exits: north, east, west
1784351196.279 RX [HP=40/MA=53]:w
1784351196.280 RX w
1784351197.150 TX s
1784351197.152 RX s
1784351198.450 TX w
1784351199.634 RX River Street
1784351199.635 RX     This is a cobblestoned street. It is dimly lit by guttering lanterns hung
1784351199.635 RX from tall posts. To the north you can see the entrance to the Wharf district,
1784351199.635 RX which leads to the city's docks. River street continues to the east and west
1784351199.635 RX here. 
1784351199.635 RX Obvious exits: north, east, west
1784351199.635 RX [HP=40/MA=53]:w
1784351199.751 TX s
1784351201.051 TX s
1784351202.351 TX s
1784351202.351 RX [HP=41/MA=56]:River Street
1784351202.351 RX     This is a cobblestoned street. It is dimly lit by guttering lanterns hung
1784351202.351 RX from tall posts. The city wall is to the north, towering over twenty feet above
1784351202.351 RX you. River street is fairly quiet, but is well-used as it intersects many main
1784351202.351 RX streets. The reinforced door to the city's north-western guard tower is to the
1784351202.351 RX west, closed and locked. The street continues to the east and south. 
1784351202.351 RX Obvious exits: south, east
1784351202.351 RX [HP=41/MA=56]:s
1784351203.653 TX s
1784351204.742 RX Intersection of River St. & Westwall St.
1784351204.743 RX     This is a cobblestoned street. It is dimly lit by guttering lanterns hung
1784351204.743 RX from tall posts. River street and Westwall street bend around the side of the
1784351204.743 RX guard tower to the northwest here, meeting in the middle. River street
1784351204.743 RX continues off to the north, with Westwall street going to the west. The sides
1784351204.743 RX of massive warehouses loom over you to the east and south. 
1784351204.743 RX Also here: fierce guardsman.
1784351204.743 RX Obvious exits: north, west
1784351204.743 RX [HP=41/MA=56]:w
1784351204.954 TX s
1784351206.254 TX s
1784351207.269 RX Westwall Street
1784351207.269 RX     This is a cobblestoned street. It is dimly lit by guttering lanterns hung
1784351207.269 RX from tall posts. The city wall is to the west, towering over twenty feet above
1784351207.269 RX you. Westwall street is fairly quiet as it is not extensively travelled. It is
1784351207.269 RX littered with debris, and the buildings here have a decidedly shabby
1784351207.269 RX appearance. The city's north-western guard tower is to the north, and Westwall
1784351207.269 RX street continues to the east and south. 
1784351207.269 RX Obvious exits: south, east
1784351207.269 RX [HP=41/MA=56]:s
1784351207.554 TX s
1784351208.854 TX s
1784351210.156 TX s
1784351211.186 RX Westwall Street
1784351211.186 RX     This is a cobblestoned street. It is dimly lit by guttering lanterns hung
1784351211.186 RX from tall posts. The city wall is to the west, towering over twenty feet above
1784351211.186 RX you. Westwall street is fairly quiet as it is not extensively travelled. It is
1784351211.186 RX littered with debris, and the buildings here have a decidedly shabby
1784351211.186 RX appearance. The street continues to the north and south. 
1784351211.186 RX Obvious exits: north, south
1784351211.186 RX [HP=41/MA=56]:s
1784351211.455 TX s
1784351213.455 RX Westwall Street
1784351213.455 RX     This is a cobblestoned street. It is dimly lit by guttering lanterns hung
1784351213.455 RX from tall posts. The city wall is to the west, towering over twenty feet above
1784351213.455 RX you. Westwall street is fairly quiet as it is not extensively travelled. It is
1784351213.455 RX littered with debris, and the buildings here have a decidedly shabby
1784351213.455 RX appearance. The street continues to the north and south. 
1784351213.456 RX Obvious exits: north, south
1784351213.456 RX [HP=41/MA=56]:s
1784351215.967 RX Intersection of Westwall St. & Crown St.
1784351215.967 RX     This is a cobblestoned street. It is dimly lit by guttering lanterns hung
1784351215.967 RX from tall posts. The city wall is to the west, towering over twenty feet above
1784351215.967 RX you. Westwall street is fairly quiet as it is not extensively travelled. It is
1784351215.967 RX littered with debris, and the buildings here have a decidedly shabby
1784351215.967 RX appearance. Wetswall street continues to the north and south, with Crown street
1784351215.967 RX angling off to the east. 
1784351215.967 RX Obvious exits: north, south, east
1784351215.967 RX [HP=41/MA=56]:s
1784351218.909 RX Westwall Street
1784351218.909 RX     This is a cobblestoned street. It is dimly lit by guttering lanterns hung
1784351218.909 RX from tall posts. The city wall is to the west, towering over twenty feet above
1784351218.909 RX you. Westwall street is fairly quiet as it is not extensively travelled. It is
1784351218.909 RX littered with debris, and the buildings here have a decidedly shabby
1784351218.909 RX appearance. The street continues to the north and south. 
1784351218.909 RX Obvious exits: north, south
1784351218.909 RX [HP=41/MA=56]:s
1784351221.106 TX s
1784351221.415 RX Westwall Street
1784351221.415 RX     This is a cobblestoned street. It is dimly lit by guttering lanterns hung
1784351221.415 RX from tall posts. The city wall is to the west, towering over twenty feet above
1784351221.415 RX you. Westwall street is fairly quiet as it is not extensively travelled. It is
1784351221.415 RX littered with debris, and the buildings here have a decidedly shabby
1784351221.415 RX appearance. The street continues to the north and south. 
1784351221.415 RX Obvious exits: north, south
1784351221.415 RX [HP=41/MA=56]:s
1784351222.406 TX s
1784351223.706 TX s
1784351223.952 RX Westwall Street
1784351223.953 RX     This is a cobblestoned street. It is dimly lit by guttering lanterns hung
1784351223.953 RX from tall posts. The city wall is to the west, towering over twenty feet above
1784351223.953 RX you. Westwall street is fairly quiet as it is not extensively travelled. It is
1784351223.953 RX littered with debris, and the buildings here have a decidedly shabby
1784351223.953 RX appearance. The street continues to the north and south. There is a thin, dark
1784351223.953 RX alley to the east. 
1784351223.953 RX Also here: happy guardsman.
1784351223.953 RX Obvious exits: north, south, east
1784351223.953 RX [HP=41/MA=56]:s
1784351225.006 TX s
1784351226.306 TX s
1784351227.063 RX Westwall Street
1784351227.063 RX     This is a cobblestoned street. It is dimly lit by guttering lanterns hung
1784351227.063 RX from tall posts. The city wall is to the west, towering over twenty feet above
1784351227.063 RX you. Westwall street is fairly quiet as it is not extensively travelled. It is
1784351227.063 RX littered with debris, and the buildings here have a decidedly shabby
1784351227.063 RX appearance. The street continues to the north and south. 
1784351227.063 RX Obvious exits: north, south
1784351227.063 RX [HP=41/MA=56]:s
1784351227.607 TX s
1784351228.907 TX s
1784351230.207 TX s
1784351230.209 RX Why don't you slow down for a few seconds?
1784351231.106 RX Westwall Street
1784351231.106 RX     This is a cobblestoned street. It is dimly lit by guttering lanterns hung
1784351231.106 RX from tall posts. The city wall is to the west, towering over twenty feet above
1784351231.106 RX you. Westwall street is fairly quiet as it is not extensively travelled. It is
1784351231.106 RX littered with debris, and the buildings here have a decidedly shabby
1784351231.106 RX appearance. The street continues to the north and south. 
1784351231.106 RX Obvious exits: north, south
1784351231.106 RX [HP=41/MA=56]:s
1784351231.507 TX s
1784351231.509 RX Why don't you slow down for a few seconds?
1784351232.807 TX e
1784351232.808 RX Why don't you slow down for a few seconds?
1784351233.570 RX Westwall Street
1784351233.571 RX     This is a cobblestoned street. It is dimly lit by guttering lanterns hung
1784351233.571 RX from tall posts. The city wall is to the west, towering over twenty feet above
1784351233.571 RX you. Westwall street is fairly quiet as it is not extensively travelled. It is
1784351233.571 RX littered with debris, and the buildings here have a decidedly shabby
1784351233.571 RX appearance. The street continues to the north and south. 
1784351233.571 RX Obvious exits: north, south
1784351233.571 RX [HP=41/MA=56]:s
1784351234.107 TX s
1784351234.108 RX Why don't you slow down for a few seconds?
1784351235.420 TX e
1784351235.443 RX Why don't you slow down for a few seconds?
1784351235.933 RX Westwall Street
1784351235.933 RX     This is a cobblestoned street. It is dimly lit by guttering lanterns hung
1784351235.933 RX from tall posts. The city wall is to the west, towering over twenty feet above
1784351235.933 RX you. Westwall street is fairly quiet as it is not extensively travelled. It is
1784351235.933 RX littered with debris, and the buildings here have a decidedly shabby
1784351235.933 RX appearance. The street continues to the north and south. 
1784351235.933 RX Obvious exits: north, south
1784351235.933 RX [HP=41/MA=56]:s
1784351236.710 TX e
1784351236.711 RX Why don't you slow down for a few seconds?
1784351238.010 TX look
1784351238.423 RX Westwall Street
1784351238.423 RX     This is a cobblestoned street. It is dimly lit by guttering lanterns hung
1784351238.423 RX from tall posts. The city wall is to the west, towering over twenty feet above
1784351238.423 RX you. Westwall street is fairly quiet as it is not extensively travelled. It is
1784351238.423 RX littered with debris, and the buildings here have a decidedly shabby
1784351238.423 RX appearance. The street continues to the north and south. 
1784351238.423 RX Obvious exits: north, south
1784351238.423 RX [HP=41/MA=56]:s
1784351238.423 RX Why don't you slow down for a few seconds?
1784351241.280 RX [HP=42/MA=59]:Westwall Street
1784351241.280 RX     This is a cobblestoned street. It is dimly lit by guttering lanterns hung
1784351241.280 RX from tall posts. The city wall is to the west, towering over twenty feet above
1784351241.280 RX you. Westwall street is fairly quiet as it is not extensively travelled. It is
1784351241.280 RX littered with debris, and the buildings here have a decidedly shabby
1784351241.280 RX appearance. The street continues to the north and south. There is a thin, dark
1784351241.280 RX alley to the east. 
1784351241.280 RX Obvious exits: north, south, east
1784351241.280 RX [HP=42/MA=59]:s
1784351243.715 RX Westwall Street
1784351243.716 RX     This is a cobblestoned street. It is dimly lit by guttering lanterns hung
1784351243.716 RX from tall posts. The city wall is to the west, towering over twenty feet above
1784351243.716 RX you. Westwall street is fairly quiet as it is not extensively travelled. It is
1784351243.716 RX littered with debris, and the buildings here have a decidedly shabby
1784351243.716 RX appearance. The street continues to the north and south. 
1784351243.716 RX Obvious exits: north, south
1784351243.716 RX [HP=42/MA=59]:s
1784351246.171 RX Intersection of Oak St. & Westwall St.
1784351246.172 RX     This is a cobblestoned street. It is dimly lit by guttering lanterns hung
1784351246.172 RX from tall posts. The city wall is to the west, towering over twenty feet above
1784351246.172 RX you. Westwall street is fairly quiet as it is not extensively travelled. It is
1784351246.172 RX littered with debris, and the buildings here have a decidedly shabby
1784351246.172 RX appearance. The street continues to the north and south. Oak street arrows off
1784351246.172 RX to the east, towards the centre of the city's only park. 
1784351246.172 RX Obvious exits: north, south, east
1784351246.172 RX [HP=42/MA=59]:s
1784351249.275 TX s
1784351249.572 RX Why don't you slow down for a few seconds?
1784351250.578 RX Westwall Street
1784351250.579 RX     This is a cobblestoned street. It is dimly lit by guttering lanterns hung
1784351250.579 RX from tall posts. The city wall is to the west, towering over twenty feet above
1784351250.579 RX you. Westwall street is fairly quiet as it is not extensively travelled. It is
1784351250.579 RX littered with debris, and the buildings here have a decidedly shabby
1784351250.579 RX appearance. The street continues to the north and south. 
1784351250.579 RX Obvious exits: north, south
1784351250.579 RX [HP=42/MA=59]:s
1784351251.275 TX s
1784351251.276 RX Why don't you slow down for a few seconds?
1784351253.275 TX s
1784351253.277 RX Why don't you slow down for a few seconds?
1784351253.360 RX Westwall Street
1784351253.360 RX     This is a cobblestoned street. It is dimly lit by guttering lanterns hung
1784351253.360 RX from tall posts, and continues to the north and south. The city wall is to the
1784351253.360 RX west here, and to the east is a solidly built house. You can hear the sounds of
1784351253.360 RX dogs barking from somewhere in the distance. 
1784351253.361 RX Obvious exits: north, south
1784351253.361 RX [HP=42/MA=59]:s
1784351255.275 TX s
1784351255.277 RX Why don't you slow down for a few seconds?
1784351256.035 RX Westwall Street
1784351256.036 RX     This is a cobblestoned street. It is dimly lit by guttering lanterns hung
1784351256.036 RX from tall posts. The city wall is to the west, towering over twenty feet above
1784351256.036 RX you. Westwall street is fairly quiet as it is not extensively travelled. It is
1784351256.036 RX littered with debris, and the buildings here have a decidedly shabby
1784351256.036 RX appearance. The city's south-western guard tower is to the south, and Westwall
1784351256.036 RX street continues to the east and north. 
1784351256.036 RX Obvious exits: north, east
1784351256.036 RX [HP=42/MA=59]:s
1784351256.036 RX There is no exit in that direction!
1784351256.036 PART [HP=42/MA=59]:
1784351257.275 TX s
1784351258.149 RX s
1784351258.150 RX There is no exit in that direction!
1784351258.150 RX [HP=42/MA=59]:Why don't you slow down for a few seconds?
1784351259.166 RX e
1784351259.276 TX s
1784351259.280 RX Why don't you slow down for a few seconds?
1784351261.276 TX look
1784351261.278 RX Why don't you slow down for a few seconds?
1784351261.948 RX Intersection of Noble St. & Westwall St.
1784351261.949 RX     This is a cobblestoned street. It is dimly lit by guttering lanterns hung
1784351261.949 RX from tall posts. Noble street and Westwall street bend around the side of the
1784351261.949 RX guard tower to the southwest here, meeting in the middle. Noble street
1784351261.949 RX continues off to the east, with Westwall street going to the north. The sides
1784351261.949 RX of clustered housing is to the north and east. Off to the south, you can see
1784351261.949 RX the entrance to the slums. 
1784351261.949 RX Also here: guardsman, fat guardsman.
1784351261.949 RX Obvious exits: south, west
1784351261.949 RX [HP=42/MA=59]:s
1784351264.701 RX Noble Street
1784351264.702 RX     This is a cobblestoned street. It is dimly lit by guttering lanterns hung
1784351264.702 RX from tall posts. The city wall is to the south, towering over twenty feet above
1784351264.702 RX you. A single large gate breaks the solid expanse of the wall. This is the
1784351264.702 RX well-known entrance to the slums, where few dare travel as it has been
1784351264.702 RX overridden with thugs and creatures of all types for some time. Even the city
1784351264.702 RX guard does not pass through these gates often, their main duty being to guard
1784351264.702 RX the inner city. 
1784351264.702 RX Obvious exits: north, east
1784351264.702 RX [HP=42/MA=59]:e
1784351267.292 RX Noble Street
1784351267.294 RX     This is a cobblestoned street. It is dimly lit by guttering lanterns hung
1784351267.294 RX from tall posts. The city wall is to the south, towering over twenty feet above
1784351267.294 RX you. It is quiet and deserted here, due to the proximity of the slums. Debris
1784351267.294 RX and garbage is piled up against the walls, and here and there you can see a
1784351267.294 RX stray animal cowering in the shadows. The street continues to the east and
1784351267.294 RX west. 
1784351267.294 RX Obvious exits: east, west
1784351267.294 RX [HP=42/MA=59]:e
1784351271.382 RX Noble Street, Slum Gates
1784351271.384 RX     This is a cobblestoned street. It is dimly lit by guttering lanterns hung
1784351271.384 RX from tall posts. Debris and garbage is thick here, as the slum gates lie to
1784351271.384 RX your south. Just inside these gates you can see the fortified position of a
1784351271.384 RX makeshift guard post. The street continues to the east and west. 
1784351271.384 RX Also here: filthy beggar, nasty mangy dog.
1784351271.384 RX Obvious exits: south, east, west
1784351271.384 RX [HP=42/MA=59]:look
1784351271.384 RX Noble Street, Slum Gates
1784351271.384 RX     This is a cobblestoned street. It is dimly lit by guttering lanterns hung
1784351271.384 RX from tall posts. Debris and garbage is thick here, as the slum gates lie to
1784351271.384 RX your south. Just inside these gates you can see the fortified position of a
1784351271.384 RX makeshift guard post. The street continues to the east and west. 
1784351271.385 RX Also here: filthy beggar, nasty mangy dog.
1784351271.385 RX Obvious exits: south, east, west
1784351271.385 PART [HP=42/MA=59]:
1784351272.395 RX s
1784351273.843 TX e
1784351274.504 RX Slum Entrance
1784351274.505 RX     The narrow path is barricaded heavily by a makeshift construction of heavy
1784351274.505 RX wooden beams. Guards flank the only opening in this wall, keeping a watchful
1784351274.505 RX eye on all who approach. It is well-known that the slums have recently been
1784351274.505 RX overrun by gangs and thugs, and that the need to keep these destructive
1784351274.505 RX elements away from the city proper is great. You can exit through the barricade
1784351274.505 RX to the south, or onto a street to the north. 
1784351274.505 RX Also here: guardsman, big guardsman.
1784351274.505 RX Obvious exits: north, south
1784351274.505 RX [HP=42/MA=59]:s
1784351275.843 TX e
1784351276.636 RX A guardsman shouts out the time of day.
1784351276.638 RX Slum Street
1784351276.639 RX     This is a dirty, unkept street. Debris and refuse is shoved into piles up
1784351276.639 RX against the sides on tall, rickety buildings here, and a gutter in the middle
1784351276.639 RX of the sloped street guides a stream of filthy water. The stone tiles are
1784351276.639 RX cracked in many places, showing rocky bits of ground. There is a barricade off
1784351276.639 RX to the north, and you can continue down the street to the south. 
1784351276.639 RX Obvious exits: north, south
1784351276.639 RX [HP=42/MA=59]:s
1784351277.843 TX s
1784351278.769 RX Slum Street
1784351278.770 RX     This is a dirty, unkept street. Debris and refuse is shoved into piles up
1784351278.770 RX against the sides on tall, rickety buildings here, and a gutter in the middle
1784351278.770 RX of the sloped street guides a stream of filthy water. The stone tiles are
1784351278.770 RX cracked in many places, showing rocky bits of ground. 
1784351278.770 RX Obvious exits: north, south
1784351278.770 RX [HP=42/MA=59]:s
1784351279.843 TX s
1784351279.839 PART [HP=43/MA=62]:
1784351281.843 TX s
1784351282.038 RX Slum Street
1784351282.038 RX     This is a dirty, unkept street. Debris and refuse is shoved into piles up
1784351282.038 RX against the sides on tall, rickety buildings here, and a gutter in the middle
1784351282.038 RX of the sloped street guides a stream of filthy water. There is a small,
1784351282.038 RX ramshackle shop to the west here. 
1784351282.038 RX Obvious exits: north, south, west
1784351282.038 RX [HP=43/MA=62]:s
1784351283.843 TX s
1784351284.865 RX Slum Street, Crossroads
1784351284.865 RX     This is a dirty, unkept street. Debris and refuse is shoved into piles up
1784351284.865 RX against the sides on tall, rickety buildings here, and a gutter in the middle
1784351284.865 RX of the sloped street guides a stream of filthy water. The stone tiles are
1784351284.865 RX cracked in ma1784351476.194 !! driver connected raw=/home/daniel/bbs/re/oracle/oracle_mcast_zinvar.raw
1784351476.197 RX ╔══════════════════════════════════════════════════════════╗
1784351476.197 RX ║█████████████████▄███████▄███████▄████████████████████████║
1784351476.197 RX ║██████████████▀▀██████▀▀██████▀▀▀▀███▀▀▀▀█████████████████║
1784351476.197 RX ║██████████████████▀███████▀███████████████████████████████║
1784351476.197 RX ║███▀███▀██████▀▀██████▀▀███▀▀▀▀██████▀▀▀████▀███▀█████████║
1784351476.197 RX ║████▀▀▀███████████▀███████▀██████████████████▀▀▀████▀████▀║
1784351476.197 RX ║▀▀▀█████▀▀▀▀▀▀▀▀▀▀█▀▀▀▀▀▀▀█▀▀▀▀▀▀▀▀▀▀▀▀▀▀▀▀▀█████▀▀▀█▀▀▀▀▀║
1784351476.197 RX ║██████████████╘═╡ The MajorBBS Emulator ╞═╛███████████████║
1784351476.197 RX ║████████████████│ By: MBBSEmu Community │█████████████████║
1784351476.197 RX ║                │https://www.mbbsemu.com│                 ║
1784351476.197 RX ╚══════════════════════════════════════════════════════════╝
1784351476.197 RX  
1784351476.197 RX Enter Username or enter "NEW" to create a new Account
1784351476.696 PART Username:  ²
1784351479.176 TX Vexil
1784351479.177 RX Vexil
1784351479.177 PART Password: 
1784351481.376 TX test123
1784351481.377 RX *******
1784351481.377 RX 
1784351481.377 RX Fantasy awaits you in MajorMUD v1.11p-WG!
1784351481.377 RX 
1784351481.378 RX 
1784351481.378 RX Please select one of the following:
1784351481.378 RX 
1784351481.378 RX    A ... MajorMUD
1784351481.378 RX 
1784351481.378 RX Main Menu
1784351481.378 PART Make your selection (X to exit): 
1784351483.577 TX A
1784351483.577 RX A
1784351483.578 RX 
1784351483.578 RX  M A J O R  M U D v1.11p-WG (Dec 30 2005 14:20:05)
1784351483.578 RX {Realm Of Legends}
1784351483.578 RX *ANSI RECOMMENDED*
1784351483.578 RX 
1784351483.578 RX [E] . Enter the Realm
1784351483.578 RX [H] . Help
1784351483.578 RX [A] . About the Game
1784351483.578 RX [C] . Game Counts
1784351483.578 RX [T] . Topten Adventurers
1784351483.578 RX [G] . Topten Gangs
1784351483.578 RX [W] . Who's in the Realm
1784351483.578 RX [R] . Release Notes
1784351483.578 RX [I] . Information
1784351483.578 RX [X] . Exit Game
1784351483.578 RX 
1784351483.578 PART [MAJORMUD]: 
1784351485.777 TX E
1784351485.777 RX E
1784351485.778 RX 
1784351485.778 RX Last time you were on, you disconnected while playing.
1784351485.778 RX The gods have punished you appropriately.
1784351485.784 RX 
1784351485.784 RX MajorMUD - ROL
1784351485.784 RX 
1784351485.784 RX =-=-=-=-=-=-=-=-=-=-=-=-=-=-=-=-=-=-=-=-=-=-=-=-=-=-=-=-=-=-=-=-=-=-=-=-=-=-=
1784351485.784 RX 
1784351485.785 RX Slum Street, Crossroads
1784351485.785 RX     This is a dirty, unkept street. Debris and refuse is shoved into piles up
1784351485.785 RX against the sides on tall, rickety buildings here, and a gutter in the middle
1784351485.785 RX of the sloped street guides a stream of filthy water. The stone tiles are
1784351485.785 RX cracked in many places, showing rocky bits of ground. 
1784351485.785 RX Also here: thin orc rogue.
1784351485.786 RX Obvious exits: north, south, east, west
1784351485.786 PART [HP=43/MA=62]:
1784351487.953 PART [HP=43/MA=62]:
1784351488.988 RX The thin orc rogue impales you for 6 damage!
1784351488.988 PART [HP=37/MA=62]:
1784351495.675 RX The thin orc rogue slashes you for 3 damage!
1784351495.675 PART [HP=34/MA=62]:
1784351499.537 TX c lbol rogue
1784351499.541 RX c lbol rogue
1784351499.546 RX *Combat Engaged*
1784351499.546 PART [HP=34/MA=62]:
1784351501.869 RX You attempt to cast lightning bolt, but fail.
1784351501.871 RX [HP=34/MA=60]:The thin orc rogue impales you for 9 damage!
1784351501.871 PART [HP=25/MA=60]:
1784351505.340 TX c lbol rogue
1784351505.349 RX c lbol rogue
1784351505.367 RX *Combat Off*
1784351505.367 RX [HP=25/MA=60]:*Combat Engaged*
1784351505.367 PART [HP=25/MA=60]:
1784351508.800 RX You fire a lightning bolt at thin orc rogue for 34 damage!
1784351508.801 RX [HP=25/MA=55]:2 silver drop to the ground.
1784351508.801 RX 10 copper drop to the ground.
1784351508.801 RX The orc rogue collapses with a grunt.
1784351508.824 RX [HP=25/MA=55]:You have progressed too far without training to acquire anymore experience!
1784351508.824 RX [HP=25/MA=55]:*Combat Off*
1784351508.824 PART [HP=25/MA=55]:
1784351522.593 PART [HP=26/MA=58]:
1784351552.979 TX x
1784351552.980 RX x
1784351552.981 RX You will exit after a period of silent meditation.
1784351553.088 PART ....
1784351554.943 PART ...
1784351555.947 PART ...
1784351557.625 PART ...
1784351558.648 PART ...
1784351560.277 RX 
1784351560.277 RX Your character has been saved. If you have any comments or suggestions, please
1784351560.277 RX leave them in E-mail to Sysop. Thanks.
1784351560.277 RX 
1784351560.277 PART [MAJORMUD]: 
1784351565.486 !! driver quit
1784351643.406 !! driver connected raw=/home/daniel/bbs/re/oracle/oracle_mcast_zinvar.raw
1784351643.441 RX ╔══════════════════════════════════════════════════════════╗
1784351643.441 RX ║█████████████████▄███████▄███████▄████████████████████████║
1784351643.441 RX ║██████████████▀▀██████▀▀██████▀▀▀▀███▀▀▀▀█████████████████║
1784351643.441 RX ║██████████████████▀███████▀███████████████████████████████║
1784351643.441 RX ║███▀███▀██████▀▀██████▀▀███▀▀▀▀██████▀▀▀████▀███▀█████████║
1784351643.441 RX ║████▀▀▀███████████▀███████▀██████████████████▀▀▀████▀████▀║
1784351643.441 RX ║▀▀▀█████▀▀▀▀▀▀▀▀▀▀█▀▀▀▀▀▀▀█▀▀▀▀▀▀▀▀▀▀▀▀▀▀▀▀▀█████▀▀▀█▀▀▀▀▀║
1784351643.441 RX ║██████████████╘═╡ The MajorBBS Emulator ╞═╛███████████████║
1784351643.441 RX ║████████████████│ By: MBBSEmu Community │█████████████████║
1784351643.441 RX ║                │https://www.mbbsemu.com│                 ║
1784351643.441 RX ╚══════════════════════════════════════════════════════════╝
1784351643.441 RX  
1784351643.441 RX Enter Username or enter "NEW" to create a new Account
1784351644.420 PART Username:  ²
1784351646.406 TX Vexil
1784351647.123 RX Vexil
1784351647.125 PART Password: 
1784351648.603 TX test123
1784351648.604 RX *******
1784351648.674 RX 
1784351648.674 RX Fantasy awaits you in MajorMUD v1.11p-WG!
1784351648.674 RX 
1784351648.676 RX 
1784351648.676 RX Please select one of the following:
1784351648.676 RX 
1784351648.676 RX    A ... MajorMUD
1784351648.676 RX 
1784351648.676 RX Main Menu
1784351648.676 PART Make your selection (X to exit): 
1784351650.803 TX A
1784351650.804 RX A
1784351650.810 RX 
1784351650.810 RX  M A J O R  M U D v1.11p-WG (Dec 30 2005 14:20:05)
1784351650.810 RX {Realm Of Legends}
1784351650.810 RX *ANSI RECOMMENDED*
1784351650.810 RX 
1784351650.810 RX [E] . Enter the Realm
1784351650.810 RX [H] . Help
1784351650.810 RX [A] . About the Game
1784351650.810 RX [C] . Game Counts
1784351650.810 RX [T] . Topten Adventurers
1784351650.810 RX [G] . Topten Gangs
1784351650.810 RX [W] . Who's in the Realm
1784351650.810 RX [R] . Release Notes
1784351650.810 RX [I] . Information
1784351650.810 RX [X] . Exit Game
1784351650.810 RX 
1784351650.810 PART [MAJORMUD]: 
1784351653.003 TX E
1784351653.004 RX E
1784351653.011 RX 
1784351653.011 RX MajorMUD - ROL
1784351653.011 RX 
1784351653.011 RX =-=-=-=-=-=-=-=-=-=-=-=-=-=-=-=-=-=-=-=-=-=-=-=-=-=-=-=-=-=-=-=-=-=-=-=-=-=-=
1784351653.011 RX 
1784351653.013 RX Slum Street, Crossroads
1784351653.017 RX     This is a dirty, unkept street. Debris and refuse is shoved into piles up
1784351653.017 RX against the sides on tall, rickety buildings here, and a gutter in the middle
1784351653.017 RX of the sloped street guides a stream of filthy water. The stone tiles are
1784351653.017 RX cracked in many places, showing rocky bits of ground. 
1784351653.017 RX You notice 2 silver nobles, 10 copper farthings here.
1784351653.017 RX Obvious exits: north, south, east, west
1784351653.017 PART [HP=56/MA=58]:
1784351655.736 RX A fierce thug creeps into the room from the west.
1784351655.740 RX [HP=56/MA=58]:The fierce thug smashes you for 2 damage!
1784351655.740 PART [HP=54/MA=58]:
1784351661.790 RX The fierce thug smashes you for 9 damage!
1784351661.790 PART [HP=45/MA=58]:
1784351666.084 TX s
1784351666.088 RX s
1784351667.883 TX s
1784351668.374 RX The fierce thug smashes you for 9 damage!
1784351668.378 RX [HP=36/MA=58]:Slum Street
1784351668.378 RX     This is a dirty, unkept street. Debris and refuse is shoved into piles up
1784351668.378 RX against the sides on tall, rickety buildings here, and a gutter in the middle
1784351668.378 RX of the sloped street guides a stream of filthy water. The stone tiles are
1784351668.378 RX cracked in many places, showing rocky bits of ground. 
1784351668.379 RX Obvious exits: north, south
1784351668.379 RX [HP=36/MA=58]:s
1784351669.683 TX s
1784351669.684 RX s
1784351671.302 RX Slum Street, Intersection
1784351671.303 RX     This is a dirty, unkept street. Debris and refuse is shoved into piles up
1784351671.303 RX against the sides on tall, rickety buildings here, and a gutter in the middle
1784351671.303 RX of the sloped street guides a stream of filthy water. The stone tiles are
1784351671.303 RX cracked in many places, showing rocky bits of ground. 
1784351671.303 RX Obvious exits: north, south, east
1784351671.303 RX [HP=36/MA=58]:s
1784351671.483 TX s
1784351671.485 RX s
1784351673.283 TX e
1784351673.284 RX e
1784351674.746 RX Slum Street
1784351674.746 RX     This is a dirty, unkept street. Debris and refuse is shoved into piles up
1784351674.746 RX against the sides on tall, rickety buildings here, and a gutter in the middle
1784351674.746 RX of the sloped street guides a stream of filthy water. The stone tiles are
1784351674.746 RX cracked in many places, showing rocky bits of ground. 
1784351674.746 RX Obvious exits: north, south
1784351674.746 RX [HP=36/MA=58]:s
1784351675.084 TX e
1784351676.887 TX e
1784351678.687 TX e
1784351678.717 RX Slum Street, Intersection
1784351678.718 RX     This is a dirty, unkept street. Debris and refuse is shoved into piles up
1784351678.718 RX against the sides on tall, rickety buildings here, and a gutter in the middle
1784351678.718 RX of the sloped street guides a stream of filthy water. The stone tiles are
1784351678.718 RX cracked in many places, showing rocky bits of ground. 
1784351678.718 RX Obvious exits: north, south, east
1784351678.718 RX [HP=36/MA=58]:e
1784351680.487 TX e
1784351681.553 RX Slum Street
1784351681.553 RX     This is a dirty, unkept street. Debris and refuse is shoved into piles up
1784351681.553 RX against the sides on tall, rickety buildings here, and a gutter in the middle
1784351681.553 RX of the sloped street guides a stream of filthy water. The stone tiles are
1784351681.553 RX cracked in many places, showing rocky bits of ground. 
1784351681.553 RX Obvious exits: east, west
1784351681.554 RX [HP=36/MA=58]:e
1784351682.287 TX s
1784351684.087 TX s
1784351684.497 RX [HP=37/MA=61]:Slum Street
1784351684.497 RX     This is a dirty, unkept street. Debris and refuse is shoved into piles up
1784351684.497 RX against the sides on tall, rickety buildings here, and a gutter in the middle
1784351684.497 RX of the sloped street guides a stream of filthy water. The stone tiles are
1784351684.497 RX cracked in many places, showing rocky bits of ground. There is an alley to the
1784351684.497 RX north. 
1784351684.497 RX Obvious exits: north, east, west
1784351684.497 RX [HP=37/MA=61]:e
1784351685.887 TX s
1784351687.687 TX look
1784351687.725 RX You hear movement to the east.
1784351687.726 RX [HP=37/MA=61]:Slum Street, Intersection
1784351687.730 RX     This is a dirty, unkept street. Debris and refuse is shoved into piles up
1784351687.730 RX against the sides on tall, rickety buildings here, and a gutter in the middle
1784351687.730 RX of the sloped street guides a stream of filthy water. The stone tiles are
1784351687.730 RX cracked in many places, showing rocky bits of ground. 
1784351687.730 RX Also here: angry dark cultist.
1784351687.730 RX Obvious exits: south, east, west
1784351687.730 RX [HP=37/MA=61]:e
1784351690.188 RX The angry dark cultist all-out slashes you for 12 damage!
1784351690.189 RX [HP=25/MA=61]:The angry dark cultist slashes you for 8 damage!
1784351690.211 RX [HP=17/MA=61]:Slum Street, Intersection
1784351690.211 RX     This is a dirty, unkept street. Debris and refuse is shoved into piles up
1784351690.211 RX against the sides on tall, rickety buildings here, and a gutter in the middle
1784351690.211 RX of the sloped street guides a stream of filthy water. The stone tiles are
1784351690.211 RX cracked in many places, showing rocky bits of ground. 
1784351690.211 RX Obvious exits: north, east, west
1784351690.211 RX [HP=17/MA=61]:e
1784351692.817 RX Slum Street, Bend
1784351692.817 RX     This is a dirty, unkept street. Debris and refuse is shoved into piles up
1784351692.817 RX against the sides on tall, rickety buildings here, and a gutter in the middle
1784351692.817 RX of the sloped street guides a stream of filthy water. The stone tiles are
1784351692.817 RX cracked in many places, showing rocky bits of ground. 
1784351692.817 RX Obvious exits: south, west
1784351692.817 RX [HP=17/MA=61]:s
1784351695.615 RX Slum Street
1784351695.615 RX     This is a dirty, unkept street. Debris and refuse is shoved into piles up
1784351695.615 RX against the sides on tall, rickety buildings here, and a gutter in the middle
1784351695.615 RX of the sloped street guides a stream of filthy water. The stone tiles are
1784351695.615 RX cracked in many places, showing rocky bits of ground. There is an alley to the
1784351695.615 RX east. 
1784351695.615 RX Obvious exits: north, south, east
1784351695.615 RX [HP=17/MA=61]:s
1784351700.109 RX Slum Street
1784351700.109 RX     This is a dirty, unkept street. Debris and refuse is shoved into piles up
1784351700.109 RX against the sides on tall, rickety buildings here, and a gutter in the middle
1784351700.109 RX of the sloped street guides a stream of filthy water. The stone tiles are
1784351700.109 RX cracked in many places, showing rocky bits of ground. There is an open manhole
1784351700.109 RX in the ground here. To the east, the side of a black, evil-looking house looms
1784351700.109 RX ominously. The windows are all shuttered, and you feel distinctly uncomfortable
1784351700.109 RX in its sight. 
1784351700.109 RX Obvious exits: north, south
1784351700.109 RX [HP=17/MA=61]:s
1784351701.962 TX look
1784351702.520 RX Slum Street
1784351702.520 RX     This is a dirty, unkept street. The stone tiles are cracked in many places,
1784351702.520 RX showing rocky bits of ground. To the east, the front of a black-painted wooden
1784351702.520 RX house looms, its three stories making it look like an ebony finger jutting up
1784351702.520 RX from the earth. Its heavy black door is reinforced with dark iron bands, and
1784351702.520 RX set above the handle is a depression in the shape of a five-pointed star. 
1784351702.523 RX You notice 2000 gold crowns here.
1784351702.523 RX Also here: thin dark cultist, dark cultist.
1784351702.523 RX Obvious exits: north, south, closed door east
1784351702.523 RX [HP=17/MA=61]:look
1784351702.524 RX Slum Street
1784351702.524 RX     This is a dirty, unkept street. The stone tiles are cracked in many places,
1784351702.524 RX showing rocky bits of ground. To the east, the front of a black-painted wooden
1784351702.524 RX house looms, its three stories making it look like an ebony finger jutting up
1784351702.524 RX from the earth. Its heavy black door is reinforced with dark iron bands, and
1784351702.524 RX set above the handle is a depression in the shape of a five-pointed star. 
1784351702.524 RX You notice 2000 gold crowns here.
1784351702.524 RX Also here: thin dark cultist, dark cultist.
1784351702.524 RX Obvious exits: north, south, closed door east
1784351702.525 PART [HP=17/MA=61]:
1784351703.532 RX The thin dark cultist slashes you for 5 damage!
1784351703.533 RX [HP=12/MA=61]:The thin dark cultist slashes you for 3 damage!
1784351703.542 RX [HP=9/MA=61]:The dark cultist slashes you for 9 damage!
1784351703.542 RX [HP=0/MA=61]:Zinvar drops to the ground!
1784351703.543 RX [HP=0/MA=61]:The dark cultist slashes you for 6 damage!
1784351703.543 RX [HP=-6/MA=61]:look
1784351703.544 RX Slum Street
1784351703.545 RX     This is a dirty, unkept street. The stone tiles are cracked in many places,
1784351703.545 RX showing rocky bits of ground. To the east, the front of a black-painted wooden
1784351703.545 RX house looms, its three stories making it look like an ebony finger jutting up
1784351703.545 RX from the earth. Its heavy black door is reinforced with dark iron bands, and
1784351703.545 RX set above the handle is a depression in the shape of a five-pointed star. 
1784351703.545 RX You notice 2000 gold crowns here.
1784351703.545 RX Also here: thin dark cultist, dark cultist.
1784351703.545 RX Obvious exits: north, south, closed door east
1784351703.545 PART [HP=-6/MA=61]:
1784351708.411 RX thin dark cultist just left to the south.
1784351708.411 PART [HP=-6/MA=61]:
1784351710.423 RX The dark cultist slashes you for 7 damage!
1784351710.424 RX [HP=-13/MA=61]:The dark cultist slashes you for 9 damage!
1784351710.424 PART [HP=-22/MA=61]:
1784351716.218 RX thin dark cultist moves into the room from the south.
1784351716.601 RX [HP=-22/MA=61]:The thin dark cultist all-out slashes you for 4 damage!
1784351716.603 RX [HP=-26/MA=61]:The thin dark cultist slashes you for 8 damage!
1784351716.605 RX [HP=-34/MA=61]:The dark cultist slashes you for 7 damage!
1784351716.606 RX [HP=-41/MA=61]:The dark cultist slashes you for 8 damage!
1784351716.606 PART [HP=-49/MA=61]:
1784351717.841 TX get gold
1784351718.256 RX get gold
1784351718.256 RX You may not do that while you are mortally wounded!
1784351718.256 PART [HP=-49/MA=61]:
1784351719.441 TX open door
1784351719.444 RX open door
1784351719.444 RX You may not do that while you are mortally wounded!
1784351719.444 PART [HP=-49/MA=61]:
1784351721.041 TX e
1784351721.254 RX e
1784351721.254 RX You may not do that while you are mortally wounded!
1784351721.254 PART [HP=-49/MA=61]:
1784351722.641 TX look
1784351722.643 RX look
1784351722.644 RX Slum Street
1784351722.644 RX     This is a dirty, unkept street. The stone tiles are cracked in many places,
1784351722.644 RX showing rocky bits of ground. To the east, the front of a black-painted wooden
1784351722.644 RX house looms, its three stories making it look like an ebony finger jutting up
1784351722.644 RX from the earth. Its heavy black door is reinforced with dark iron bands, and
1784351722.644 RX set above the handle is a depression in the shape of a five-pointed star. 
1784351722.644 RX You notice 2000 gold crowns here.
1784351722.644 RX Also here: thin dark cultist, dark cultist.
1784351722.644 RX Obvious exits: north, south, closed door east
1784351722.644 PART [HP=-49/MA=61]:
1784351724.616 RX The thin dark cultist slashes you for 9 damage!
1784351724.617 RX [HP=-58/MA=61]:The thin dark cultist slashes you for 3 damage!
1784351724.618 RX [HP=-61/MA=61]:The dark cultist slashes you for 3 damage!
1784351724.619 RX [HP=-64/MA=61]:The dark cultist slashes you for 7 damage!
1784351724.621 RX [HP=-71/MA=61]:[HP=-72/MA=64]:The fanatic screams "Death to those who oppose the Blood God!"
1784351724.621 PART [HP=-72/MA=64]:
1784351732.260 RX The thin dark cultist slashes you for 9 damage!
1784351732.261 RX [HP=-81/MA=64]:The thin dark cultist slashes you for 2 damage!
1784351732.263 RX [HP=-83/MA=64]:The dark cultist slashes you for 9 damage!
1784351732.264 RX [HP=-92/MA=64]:The dark cultist slashes you for 4 damage!
1784351732.264 PART [HP=-96/MA=64]:
1784351738.998 RX The thin dark cultist slashes you for 8 damage!
1784351739.000 RX [HP=-104/MA=64]:The thin dark cultist all-out slashes you for 3 damage!
1784351739.002 RX [HP=-107/MA=64]:The dark cultist slashes you for 2 damage!
1784351739.005 RX [HP=-109/MA=64]:The dark cultist all-out slashes you for 8 damage!
1784351739.005 PART [HP=-117/MA=64]:
1784351745.864 RX The thin dark cultist slashes you for 7 damage!
1784351745.865 RX [HP=-124/MA=64]:The thin dark cultist slashes you for 5 damage!
1784351745.866 RX [HP=-129/MA=64]:The dark cultist all-out slashes you for 9 damage!
1784351745.867 RX [HP=-138/MA=64]:The dark cultist slashes you for 9 damage!
1784351745.867 PART [HP=-147/MA=64]:
1784351752.919 RX The thin dark cultist slashes you for 8 damage!
1784351752.921 RX [HP=-155/MA=64]:The thin dark cultist slashes you for 2 damage!
1784351752.922 RX [HP=-157/MA=64]:The dark cultist slashes you for 7 damage!
1784351752.923 RX [HP=-164/MA=64]:The dark cultist slashes you for 7 damage!
1784351752.923 PART [HP=-171/MA=64]:
1784351758.857 RX The thin dark cultist slashes you for 7 damage!
1784351758.858 RX [HP=-178/MA=64]:The thin dark cultist slashes you for 10 damage!
1784351758.859 RX [HP=-188/MA=64]:The dark cultist slashes you for 5 damage!
1784351758.860 RX [HP=-193/MA=64]:The dark cultist slashes you for 7 damage!
1784351758.861 RX [HP=-200/MA=64]:You have been killed!
1784351758.863 RX But, due to a miracle, you have been saved.
1784351758.863 RX You have 5 lives left.
1784351758.863 PART [HP=56/MA=66]:
1784351787.883 TX i
1784351787.884 RX i
1784351787.884 RX You are carrying Nothing!
1784351787.884 RX You have no keys.
1784351787.885 RX Wealth: 0 copper farthings
1784351787.885 RX Encumbrance: 0/1920 - None [0%]
1784351787.885 PART [HP=56/MA=66]:
1784351812.846 TX x
1784351812.851 RX x
1784351812.852 RX You will exit after a period of silent meditation.
1784351813.818 PART ....
1784351815.055 PART ...
1784351816.067 PART ...
1784351817.254 PART ...
1784351818.278 PART ...
1784351819.736 RX 
1784351819.736 RX Your character has been saved. If you have any comments or suggestions, please
1784351819.736 RX leave them in E-mail to Sysop. Thanks.
1784351819.736 RX 
1784351819.736 PART [MAJORMUD]: 
1784351825.350 !! driver quit
1784351871.216 !! driver connected raw=/home/daniel/bbs/re/oracle/oracle_mcast_zinvar.raw
1784351871.259 RX ╔══════════════════════════════════════════════════════════╗
1784351871.259 RX ║█████████████████▄███████▄███████▄████████████████████████║
1784351871.259 RX ║██████████████▀▀██████▀▀██████▀▀▀▀███▀▀▀▀█████████████████║
1784351871.259 RX ║██████████████████▀███████▀███████████████████████████████║
1784351871.259 RX ║███▀███▀██████▀▀██████▀▀███▀▀▀▀██████▀▀▀████▀███▀█████████║
1784351871.259 RX ║████▀▀▀███████████▀███████▀██████████████████▀▀▀████▀████▀║
1784351871.259 RX ║▀▀▀█████▀▀▀▀▀▀▀▀▀▀█▀▀▀▀▀▀▀█▀▀▀▀▀▀▀▀▀▀▀▀▀▀▀▀▀█████▀▀▀█▀▀▀▀▀║
1784351871.259 RX ║██████████████╘═╡ The MajorBBS Emulator ╞═╛███████████████║
1784351871.259 RX ║████████████████│ By: MBBSEmu Community │█████████████████║
1784351871.259 RX ║                │https://www.mbbsemu.com│                 ║
1784351871.259 RX ╚══════════════════════════════════════════════════════════╝
1784351871.261 RX  
1784351871.261 RX Enter Username or enter "NEW" to create a new Account
1784351872.233 PART Username:  ²
1784351874.198 TX Vexil
1784351874.202 RX Vexil
1784351874.203 PART Password: 
1784351876.399 TX test123
1784351876.399 RX *******
1784351876.469 RX 
1784351876.469 RX Fantasy awaits you in MajorMUD v1.11p-WG!
1784351876.469 RX 
1784351876.470 RX 
1784351876.470 RX Please select one of the following:
1784351876.470 RX 
1784351876.470 RX    A ... MajorMUD
1784351876.471 RX 
1784351876.471 RX Main Menu
1784351876.471 PART Make your selection (X to exit): 
1784351878.599 TX A
1784351878.905 RX A
1784351878.911 RX 
1784351878.911 RX  M A J O R  M U D v1.11p-WG (Dec 30 2005 14:20:05)
1784351878.911 RX {Realm Of Legends}
1784351878.911 RX *ANSI RECOMMENDED*
1784351878.911 RX 
1784351878.911 RX [E] . Enter the Realm
1784351878.911 RX [H] . Help
1784351878.911 RX [A] . About the Game
1784351878.911 RX [C] . Game Counts
1784351878.911 RX [T] . Topten Adventurers
1784351878.911 RX [G] . Topten Gangs
1784351878.911 RX [W] . Who's in the Realm
1784351878.911 RX [R] . Release Notes
1784351878.911 RX [I] . Information
1784351878.911 RX [X] . Exit Game
1784351878.911 RX 
1784351878.911 PART [MAJORMUD]: 
1784351880.799 TX E
1784351880.799 RX E
1784351880.805 RX 
1784351880.805 RX MajorMUD - ROL
1784351880.805 RX 
1784351880.805 RX =-=-=-=-=-=-=-=-=-=-=-=-=-=-=-=-=-=-=-=-=-=-=-=-=-=-=-=-=-=-=-=-=-=-=-=-=-=-=
1784351880.805 RX 
1784351880.807 RX Temple, Halls of the Dead
1784351880.807 RX     This somber stone chamber is barely illuminated by the many torches lining
1784351880.807 RX its walls, and it seems to stretch on forever. Many marble slabs lay in neatly
1784351880.807 RX ordered rows about the room, some of them bearing sheet-shrouded forms upon
1784351880.807 RX them. White clad priests solemnly stride throughout the hall, making
1784351880.807 RX preparations for burial of the dead. The only sound is the faint shuffling of
1784351880.807 RX the priests, and the occasional closing of a door. A stone staircase set in the
1784351880.807 RX east wall leads up. 
1784351880.808 RX Obvious exits: up
1784351880.808 PART [HP=56/MA=66]:
1784351891.520 RX You hear movement above you!
1784351891.542 RX [HP=56/MA=66]:You hear movement above you!
1784351891.712 TX u
1784351892.061 RX [HP=56/MA=66]:u
1784351893.068 RX Temple Healer
1784351893.068 RX     The hall's lofty roof is supported by graceful soaring archways, and the
1784351893.068 RX walls are crafted of white marble run through with silver streaks. There is a
1784351893.068 RX priest waiting here to heal the wounded. She smiles kindly at you as you enter.
1784351893.068 RX A small bowl of silver nobles stands on the table she sits behind, and you can
1784351893.068 RX see it is nearly full. A stone stairwell descends into the catacombs of the
1784351893.068 RX temple at the rear of this room, and you can exit into the main hall to the
1784351893.068 RX south. 
1784351893.069 RX You notice small sign here.
1784351893.069 RX Also here: wounded messenger, healer.
1784351893.069 RX Obvious exits: south, down
1784351893.512 TX s
1784351893.513 RX [HP=56/MA=66]:s
1784351894.748 RX Temple Hall
1784351894.748 RX     The hall's lofty roof is supported by graceful soaring archways, and the
1784351894.748 RX walls are crafted of white marble run through with silver streaks. Bright lamps
1784351894.748 RX line the walls, illuminating every dark corner here. A wide passageway to the
1784351894.748 RX east leads to the Temple's foyer, and from there out onto the street. To the
1784351894.748 RX south, you can see the Priest spell shop, and to the north, the Temple's
1784351894.748 RX Healer. The large hall continues to the west, at the end of which is the
1784351894.748 RX chapel. 
1784351894.748 RX Obvious exits: north, south, east, west
1784351895.312 TX e
1784351895.313 RX [HP=56/MA=66]:e
1784351895.803 RX Temple Foyer
1784351895.803 RX     The hall's lofty roof is supported by graceful soaring archways, and the
1784351895.803 RX walls are crafted of white marble run through with silver streaks. Bright lamps
1784351895.803 RX line the walls, illuminating every dark corner here. Racks and shelves line the
1784351895.803 RX walls, for people to leave dirty cloaks or clothing. To the east are the
1784351895.803 RX Temple's ornate doors, propped open even in these uncertain times, and to the
1784351895.803 RX west, a wide passageway leads towards the inner parts of the Temple. 
1784351895.803 RX Obvious exits: east, west
1784351895.804 PART [HP=56/MA=66]:
1784351897.112 TX e
1784351897.294 RX e
1784351898.306 RX Intersection of Temple St. & Stone St.
1784351898.306 RX     The magnificent Temple of Silvermere stands tall and proud to your west. It
1784351898.306 RX white silver-streaked marble walls are a testament to its magnificent
1784351898.306 RX construction, as does the fact that it has remained seemingly undamaged for the
1784351898.306 RX past hundred years. This is where weary folk go to have their wounds healed,
1784351898.306 RX and where holy folk receive their divine training. The Temple's large wrought
1784351898.306 RX doors are open to the public at all hours. Stone street crosses to the north
1784351898.306 RX and south here. 
1784351898.307 RX Also here: fat guardsman.
1784351898.307 RX Obvious exits: north, south, east, west
1784351898.913 TX n
1784351898.913 RX [HP=56/MA=66]:n
1784351900.009 RX Stone Street
1784351900.009 RX     This is a cobblestoned street. It is dimly lit by guttering lanterns hung
1784351900.009 RX from tall posts. It slightly grungy and shabby here, and you do not see many
1784351900.009 RX people around here. Sometimes you hear a noise coming from the shadows, but as
1784351900.009 RX you quickly turn your head, you see nothing. The street continues to the north,
1784351900.009 RX and off to the south, you can see an intersection. 
1784351900.009 RX Obvious exits: north, south
1784351900.713 TX n
1784351900.714 RX [HP=56/MA=66]:n
1784351901.032 RX Stone Street
1784351901.032 RX     This is a cobblestoned street. It is dimly lit by guttering lanterns hung
1784351901.032 RX from tall posts. It slightly grungy and shabby here, and you do not see many
1784351901.032 RX people around here. Sometimes you hear a noise coming from the shadows, but as
1784351901.032 RX you quickly turn your head, you see nothing. The street continues to the north
1784351901.032 RX and south. 
1784351901.032 RX Obvious exits: north, south
1784351901.032 PART [HP=56/MA=66]:
1784351902.513 TX n
1784351902.866 RX n
1784351903.889 RX Stone Street
1784351903.889 RX     This is a cobblestoned street. It is dimly lit by guttering lanterns hung
1784351903.889 RX from tall posts. It slightly grungy and shabby here, and you do not see many
1784351903.889 RX people around here. Sometimes you hear a noise coming from the shadows, but as
1784351903.889 RX you quickly turn your head, you see nothing. The street continues to the north
1784351903.889 RX and south. A thin alleyway is to the west. 
1784351903.889 RX Obvious exits: north, south, west
1784351904.313 TX n
1784351904.314 RX [HP=56/MA=66]:n
1784351905.395 RX Stone Street
1784351905.396 RX     This is a cobblestoned street. It is dimly lit by guttering lanterns hung
1784351905.396 RX from tall posts. It slightly grungy and shabby here, and you do not see many
1784351905.396 RX people around here. Sometimes you hear a noise coming from the shadows, but as
1784351905.396 RX you quickly turn your head, you see nothing. The street continues to the north
1784351905.396 RX and south. 
1784351905.396 RX Obvious exits: north, south
1784351906.113 TX n
1784351906.114 RX [HP=56/MA=66]:n
1784351907.934 TX n
1784351908.128 RX Stone Street
1784351908.129 RX     This is a cobblestoned street. It is dimly lit by guttering lanterns hung
1784351908.129 RX from tall posts. It slightly grungy and shabby here, and you do not see many
1784351908.129 RX people around here. Sometimes you hear a noise coming from the shadows, but as
1784351908.129 RX you quickly turn your head, you see nothing. The street continues to the north
1784351908.129 RX and south. 
1784351908.129 RX Obvious exits: north, south
1784351908.129 RX [HP=56/MA=66]:n
1784351909.132 RX Intersection of Stone St. and Crown St.
1784351909.132 RX     This is a cobblestoned street. It is dimly lit by guttering lanterns hung
1784351909.132 RX from tall posts. It is relatively clean, and is quiet and fairly unpopulated.
1784351909.132 RX The buildings here are plain-looking and unornamented, but are well-made. Stone
1784351909.132 RX street's end is here, and continues to the south, with Crown street crossing it
1784351909.132 RX to the east and west. 
1784351909.132 RX You notice large sign here.
1784351909.133 RX Also here: big guardsman.
1784351909.133 RX Obvious exits: south, east, west
1784351909.717 TX e
1784351909.721 RX [HP=56/MA=66]:e
1784351910.822 RX Crown Street
1784351910.823 RX     This is a cobblestoned street. It is dimly lit by guttering lanterns hung
1784351910.823 RX from tall posts. It is relatively clean, and is quiet and fairly unpopulated.
1784351910.823 RX The buildings here are plain-looking and unornamented, but are well-made. The
1784351910.823 RX street continues to the east and west. 
1784351910.823 RX Obvious exits: closed door north, east, west
1784351911.517 TX e
1784351911.520 RX [HP=56/MA=66]:e
1784351911.840 RX Crown Street
1784351911.840 RX     This is a cobblestoned street. It is dimly lit by guttering lanterns hung
1784351911.840 RX from tall posts. It is relatively clean, and is quiet and fairly unpopulated.
1784351911.840 RX The buildings here are plain-looking and unornamented, but are well-made. The
1784351911.840 RX street continues to the east and west, and you can see the entrance to a dark,
1784351911.840 RX thin alleyway to the south. 
1784351911.840 RX Obvious exits: south, east, west
1784351911.840 PART [HP=56/MA=66]:
1784351913.317 TX e
1784351913.625 RX e
1784351914.638 RX Crown Street
1784351914.639 RX     This is a cobblestoned street. It is dimly lit by guttering lanterns hung
1784351914.639 RX from tall posts. It is relatively clean, and is quiet and fairly unpopulated.
1784351914.639 RX The buildings here are plain-looking and unornamented, but are well-made. The
1784351914.639 RX street continues to the east and west. 
1784351914.639 RX Obvious exits: east, west
1784351915.117 TX e
1784351915.119 RX [HP=56/MA=66]:e
1784351916.061 RX Crown Street
1784351916.061 RX     This is a cobblestoned street. It is dimly lit by guttering lanterns hung
1784351916.061 RX from tall posts. It is relatively clean, and is quiet and fairly unpopulated.
1784351916.061 RX The buildings here are plain-looking and unornamented, but are well-made. The
1784351916.061 RX street continues to the east and west. 
1784351916.061 RX Obvious exits: closed door north, east, west
1784351916.917 TX e
1784351916.918 RX [HP=56/MA=66]:e
1784351917.109 RX Intersection of Guild St. & Crown St.
1784351917.110 RX     This is a cobblestoned street. It is dimly lit by guttering lanterns hung
1784351917.110 RX from tall posts, and continues to the north and south. The street is fairly
1784351917.110 RX clean here, and looks well-kept. Buildings loom over you at the corners of the
1784351917.110 RX crossing streets. Crown street crosses to the east and west here. 
1784351917.110 RX Obvious exits: north, south, east, west
1784351917.110 PART [HP=56/MA=66]:
1784351918.718 TX n
1784351918.787 RX n
1784351919.769 RX Guild Street
1784351919.770 RX     This is a cobblestoned street. It is dimly lit by guttering lanterns hung
1784351919.770 RX from tall posts. It is quiet here, and a pleasant breeze flows over you from
1784351919.770 RX the north. Buildings stand to your east and west, and Guild street continues to
1784351919.770 RX the north and south. 
1784351919.770 RX Obvious exits: north, south
1784351920.520 TX n
1784351920.521 RX [HP=56/MA=66]:n
1784351921.344 RX Guild Street
1784351921.344 RX     This is a cobblestoned street. It is dimly lit by guttering lanterns hung
1784351921.344 RX from tall posts, and continues to the north and south. River street follows the
1784351921.344 RX city wall off to the north. It is very quiet here, but further north along the
1784351921.344 RX street you can hear the raucous sounds of a working man's pub. 
1784351921.344 RX Obvious exits: north, south
1784351921.344 PART [HP=56/MA=66]:
1784351932.677 TX n
1784351932.677 RX n
1784351933.190 RX Guild Street, Northern End
1784351933.191 RX     This is a cobblestoned street. It is dimly lit by guttering lanterns hung
1784351933.191 RX from tall posts, and continues to the north and south. Directly to the east you
1784351933.191 RX can see a pub, and judgeing from its appearance it caters to the working class.
1784351933.191 RX Its door stands open, and you can hear loud bellows of laughter coming from
1784351933.191 RX within. The scent of ale is strong here. Off to the north, you can see the
1784351933.191 RX broad face of the city wall. 
1784351933.191 RX You notice pewter tankard here.
1784351933.191 RX Also here: large drunken brawler.
1784351933.191 RX Obvious exits: north, south, east
1784351933.191 PART [HP=56/MA=66]:
1784351934.478 TX n
1784351934.604 RX n
1784351935.619 RX Intersection of Guild St. & River St.
1784351935.620 RX     This is a cobblestoned street. It is dimly lit by guttering lanterns hung
1784351935.620 RX from tall posts. The city wall is to the north, towering over twenty feet above
1784351935.620 RX you. River street is fairly quiet, but is well-used as it intersects many main
1784351935.620 RX streets. It continues to the east and west. The broad expanse of Guild street
1784351935.620 RX goes off to the south here, heading towards, and ending in, the town square.
1784351935.620 RX You can make out the entrance to a low wooden building off to the south. 
1784351935.620 RX Also here: large guardsman.
1784351935.620 RX Obvious exits: south, east, west
1784351936.275 TX n
1784351936.276 RX [HP=56/MA=66]:n
1784351936.277 RX There is no exit in that direction!
1784351936.277 PART [HP=56/MA=66]:
1784351938.080 TX n
1784351938.088 RX n
1784351938.088 RX There is no exit in that direction!
1784351938.965 RX [HP=56/MA=66]:large guardsman just left to the east.
1784351939.876 TX w
1784351940.083 RX [HP=56/MA=66]:w
1784351941.121 RX River Street
1784351941.122 RX     This is a cobblestoned street. It is dimly lit by guttering lanterns hung
1784351941.122 RX from tall posts. The city wall is to the north, towering over twenty feet above
1784351941.122 RX you. River street is fairly quiet, but is well-used as it intersects many main
1784351941.122 RX streets. It continues to the east and west. You can see a junction off to the
1784351941.122 RX east. 
1784351941.122 RX Obvious exits: east, west
1784351941.676 TX w
1784351941.677 RX [HP=56/MA=66]:w
1784351942.804 RX Intersection of River St. & Mystic Alley
1784351942.805 RX     This is a cobblestoned street. It is dimly lit by guttering lanterns hung
1784351942.805 RX from tall posts. The city wall is to the north, towering over twenty feet above
1784351942.805 RX you. River street is fairly quiet, but is well-used as it intersects many main
1784351942.805 RX streets. It continues to the east and west. An ornate metal sign is attached to
1784351942.805 RX one of the lamp-posts, reading "Magic Shoppe" in a thin, spidery script. 
1784351942.805 RX Obvious exits: south, east, west
1784351943.476 TX w
1784351943.478 RX [HP=56/MA=66]:w
1784351943.849 RX River Street
1784351943.849 RX     This is a cobblestoned street. It is dimly lit by guttering lanterns hung
1784351943.849 RX from tall posts. The city wall is to the north, towering over twenty feet above
1784351943.849 RX you. River street is fairly quiet, but is well-used as it intersects many main
1784351943.849 RX streets. It continues to the east and west. 
1784351943.849 RX Obvious exits: east, west
1784351943.849 PART [HP=56/MA=66]:
1784351945.276 TX w
1784351945.391 RX w
1784351946.456 RX River Street
1784351946.457 RX     This is a cobblestoned street. It is dimly lit by guttering lanterns hung
1784351946.457 RX from tall posts. To the north is the city wall, and to the south there is a
1784351946.457 RX tall, rickety house, whose door is set with a tarnished brass knocker. There
1784351946.457 RX seems to be no-one home, as there are no light lit. River street continues to
1784351946.457 RX the east and west. 
1784351946.457 RX Obvious exits: east, west
1784351947.076 TX w
1784351947.077 RX [HP=56/MA=66]:w
1784351948.094 RX River Street
1784351948.095 RX     This is a cobblestoned street. It is dimly lit by guttering lanterns hung
1784351948.095 RX from tall posts. To the north you can see the entrance to the Wharf district,
1784351948.095 RX which leads to the city's docks. To the south is a small alleyway. River street
1784351948.095 RX continues to the east and west. 
1784351948.095 RX Obvious exits: north, south, east, west
1784351948.879 TX n
1784351948.881 RX [HP=56/MA=66]:n
1784351949.119 RX Docks
1784351949.120 RX     This is a cobblestoned street. It is dimly lit by guttering lanterns hung
1784351949.120 RX from tall posts. To the west you can see Wharf street, and to the east there is
1784351949.120 RX a small, run-down shack. From the look of it, it looks to be a caretaker's
1784351949.120 RX house of some sort. River street runs parallel to Wharf street to the south.
1784351949.120 RX Off to the north, a rickety boat launch juts out into the fast-flowing waters
1784351949.120 RX of the Silver river. 
1784351949.120 RX Obvious exits: north, south, east, west
1784351949.120 PART [HP=56/MA=66]:
1784351950.676 TX n
1784351950.888 RX n
1784351951.922 RX You hear movement to the north.
1784351951.922 RX [HP=56/MA=66]:Pier
1784351951.923 RX     This is a small, haphazardly constructed wooden pier, supported by rotting
1784351951.923 RX pillars over the swift waters of the river. Tied to the far end are a
1784351951.923 RX half-dozen skiffs of varying size. A seedy-looking man sits on the edge of the
1784351951.923 RX launch, his feet dangling dangerously close to the water's surface. 
1784351951.923 RX Also here: boatman.
1784351951.923 RX Obvious exits: north, south
1784351952.476 TX n
1784351952.477 RX [HP=56/MA=66]:n
1784351954.070 RX Pier, Boat Launch
1784351954.071 RX     This is a small, haphazardly constructed wooden pier, supported by rotting
1784351954.071 RX pillars over the swift waters of the river. Tied to the end are a half-dozen
1784351954.071 RX skiffs of varying size. To the north, the Silver river's glittering length runs
1784351954.071 RX perilously fast. 
1784351954.071 RX Obvious exits: north, south
1784351954.276 TX look
1784351954.279 RX [HP=56/MA=66]:look
1784351954.280 RX Pier, Boat Launch
1784351954.280 RX     This is a small, haphazardly constructed wooden pier, supported by rotting
1784351954.280 RX pillars over the swift waters of the river. Tied to the end are a half-dozen
1784351954.280 RX skiffs of varying size. To the north, the Silver river's glittering length runs
1784351954.280 RX perilously fast. 
1784351954.280 RX Obvious exits: north, south
1784351954.280 PART [HP=56/MA=66]:
1784351964.301 TX c blur
1784351964.306 RX c blur
1784351964.313 RX You cast blur on Zinvar!
1784351964.313 RX [HP=56/MA=62]:You are blurred!
1784351964.317 PART [HP=56/MA=62]:
1784351970.799 TX c armr
1784351970.802 RX c armr
1784351970.805 RX You cast magic armour on yourself. A glimmering shield surrounds you!
1784351970.805 RX [HP=56/MA=56]:You feel armoured!
1784351970.810 PART [HP=56/MA=56]:
1784351977.299 TX c shok
1784351977.303 RX c shok
1784351977.304 RX You attempt to cast shockshield, but fail.
1784351977.309 PART [HP=56/MA=56]:[HP=56/MA=50]:
1784351992.124 PART [HP=56/MA=53]:
1784351993.463 TX c shok
1784351993.465 RX c shok
1784351993.468 RX You cast shockshield, and a crackling field surround you!
1784351993.469 RX [HP=56/MA=41]:You are surrounded by a shield of lightning!
1784351993.473 PART [HP=56/MA=41]:
1784352012.551 TX n
1784352013.120 RX n
1784352014.047 TX look
1784352014.136 RX The Silver River, Silvermere Docks
1784352014.137 RX     The rapid currents of the river make it perilous to travel, even in a
1784352014.137 RX suitable vessel, as it is filled with strange water-dwellers. The shimmering
1784352014.137 RX silvery surface of the water gives the river its namesake. To the north, you
1784352014.137 RX can see the gravelly beach of a large island poking out of the middle of the
1784352014.137 RX river, and to the south, the seldom-used port of Silvermere. The river flows
1784352014.137 RX quickly downstream to the west, and upstream to the east. 
1784352014.137 RX Obvious exits: north, south, east, west
1784352014.137 RX [HP=56/MA=41]:look
1784352014.137 RX The Silver River, Silvermere Docks
1784352014.137 RX     The rapid currents of the river make it perilous to travel, even in a
1784352014.137 RX suitable vessel, as it is filled with strange water-dwellers. The shimmering
1784352014.137 RX silvery surface of the water gives the river its namesake. To the north, you
1784352014.137 RX can see the gravelly beach of a large island poking out of the middle of the
1784352014.137 RX river, and to the south, the seldom-used port of Silvermere. The river flows
1784352014.137 RX quickly downstream to the west, and upstream to the east. 
1784352014.137 RX Obvious exits: north, south, east, west
1784352014.137 PART [HP=56/MA=41]:
1784352019.806 RX The river bashes you up against some rocks!
1784352026.450 TX s
1784352026.454 RX s
1784352027.024 RX Pier, Boat Launch
1784352027.025 RX     This is a small, haphazardly constructed wooden pier, supported by rotting
1784352027.025 RX pillars over the swift waters of the river. Tied to the end are a half-dozen
1784352027.025 RX skiffs of varying size. To the north, the Silver river's glittering length runs
1784352027.025 RX perilously fast. 
1784352027.025 RX Obvious exits: north, south
1784352027.025 PART [HP=42/MA=41]:
1784352032.414 PART [HP=43/MA=44]:
1784352047.166 TX n
1784352047.168 RX n
1784352048.312 RX The Silver River, Silvermere Docks
1784352048.314 RX     The rapid currents of the river make it perilous to travel, even in a
1784352048.314 RX suitable vessel, as it is filled with strange water-dwellers. The shimmering
1784352048.314 RX silvery surface of the water gives the river its namesake. To the north, you
1784352048.314 RX can see the gravelly beach of a large island poking out of the middle of the
1784352048.314 RX river, and to the south, the seldom-used port of Silvermere. The river flows
1784352048.314 RX quickly downstream to the west, and upstream to the east. 
1784352048.314 RX Obvious exits: north, south, east, west
1784352048.666 TX look
1784352048.668 RX [HP=43/MA=44]:look
1784352048.669 RX The Silver River, Silvermere Docks
1784352048.669 RX     The rapid currents of the river make it perilous to travel, even in a
1784352048.669 RX suitable vessel, as it is filled with strange water-dwellers. The shimmering
1784352048.669 RX silvery surface of the water gives the river its namesake. To the north, you
1784352048.669 RX can see the gravelly beach of a large island poking out of the middle of the
1784352048.669 RX river, and to the south, the seldom-used port of Silvermere. The river flows
1784352048.669 RX quickly downstream to the west, and upstream to the east. 
1784352048.669 RX Obvious exits: north, south, east, west
1784352049.316 RX [HP=43/MA=44]:The river bashes you up against some rocks!
1784352056.302 RX A fat dragonfish swims in from the west.
1784352056.367 RX [HP=33/MA=44]:You hear movement to the west.
1784352056.407 RX [HP=33/MA=44]:The fat dragonfish breathes burning steam on you for 27 damage!
1784352056.407 PART [HP=19/MA=44]:
1784352057.419 RX The river bashes you up against some rocks!
1784352062.439 RX The fat dragonfish tears into you for 13 damage!
1784352062.440 RX [HP=-10/MA=44]:Zinvar drops to the ground!
1784352062.440 RX [HP=-10/MA=44]:The fat dragonfish tears into you for 16 damage!
1784352062.440 PART [HP=-26/MA=44]:
1784352064.605 RX The river bashes you up against some rocks!
1784352069.390 RX The fat dragonfish tears into you for 16 damage!
1784352069.392 RX [HP=-55/MA=44]:The fat dragonfish tears into you for 19 damage!
1784352069.603 TX s
1784352069.604 RX [HP=-74/MA=44]:[HP=-75/MA=47]:s
1784352069.604 RX You may not do that while you are mortally wounded!
1784352069.604 PART [HP=-75/MA=47]:
1784352072.940 RX The river bashes you up against some rocks!
1784352075.940 RX The fat dragonfish tears into you for 6 damage!
1784352075.943 RX [HP=-91/MA=47]:The fat dragonfish tears into you for 14 damage!
1784352075.943 PART [HP=-105/MA=47]:
1784352081.069 RX The river bashes you up against some rocks!
1784352082.485 RX The fat dragonfish breathes burning steam on you for 26 damage!
1784352082.485 PART [HP=-133/MA=47]:
1784352088.952 RX The river bashes you up against some rocks!
1784352088.959 RX The fat dragonfish tears into you for 12 damage!
1784352088.960 RX [HP=-161/MA=47]:The fat dragonfish tears into you for 20 damage!
1784352088.960 PART [HP=-181/MA=47]:
1784352095.957 RX The fat dragonfish tears into you for 11 damage!
1784352095.961 RX [HP=-192/MA=47]:The fat dragonfish tears into you for 17 damage!
1784352095.962 RX [HP=-209/MA=47]:You have been killed!
1784352095.962 RX The effects of blur wear off.
1784352095.964 RX [HP=-209/MA=47]:The effects of magic armour wear off!
1784352095.966 RX [HP=-209/MA=47]:The effects of shockshield wear off!
1784352095.970 RX [HP=-209/MA=47]:But, due to a miracle, you have been saved.
1784352095.970 RX You have 4 lives left.
1784352095.970 PART [HP=56/MA=66]:
1784352151.086 TX x
1784352151.491 RX x
1784352151.492 RX You will exit after a period of silent meditation.
1784352151.492 PART .
1784352152.540 PART ...
1784352154.011 PART ...
1784352155.020 PART ...
1784352160.261 PART ......
1784352162.054 RX 
1784352162.054 RX Your character has been saved. If you have any comments or suggestions, please
1784352162.054 RX leave them in E-mail to Sysop. Thanks.
1784352162.054 RX 
1784352162.054 PART [MAJORMUD]: 
1784352163.592 !! driver quit
1784352229.919 !! driver connected raw=/home/daniel/bbs/re/oracle/oracle_mcast_zinvar.raw
1784352229.949 RX ╔══════════════════════════════════════════════════════════╗
1784352229.949 RX ║█████████████████▄███████▄███████▄████████████████████████║
1784352229.949 RX ║██████████████▀▀██████▀▀██████▀▀▀▀███▀▀▀▀█████████████████║
1784352229.949 RX ║██████████████████▀███████▀███████████████████████████████║
1784352229.949 RX ║███▀███▀██████▀▀██████▀▀███▀▀▀▀██████▀▀▀████▀███▀█████████║
1784352229.949 RX ║████▀▀▀███████████▀███████▀██████████████████▀▀▀████▀████▀║
1784352229.949 RX ║▀▀▀█████▀▀▀▀▀▀▀▀▀▀█▀▀▀▀▀▀▀█▀▀▀▀▀▀▀▀▀▀▀▀▀▀▀▀▀█████▀▀▀█▀▀▀▀▀║
1784352229.949 RX ║██████████████╘═╡ The MajorBBS Emulator ╞═╛███████████████║
1784352229.949 RX ║████████████████│ By: MBBSEmu Community │█████████████████║
1784352229.949 RX ║                │https://www.mbbsemu.com│                 ║
1784352229.949 RX ╚══════════════════════════════════════════════════════════╝
1784352229.950 RX  
1784352229.950 RX Enter Username or enter "NEW" to create a new Account
1784352230.933 PART Username:  ²
1784352232.905 TX Vexil
1784352232.909 RX Vexil
1784352232.911 PART Password: 
1784352235.105 TX test123
1784352235.106 RX *******
1784352235.168 RX 
1784352235.168 RX Fantasy awaits you in MajorMUD v1.11p-WG!
1784352235.168 RX 
1784352235.170 RX 
1784352235.170 RX Please select one of the following:
1784352235.170 RX 
1784352235.170 RX    A ... MajorMUD
1784352235.170 RX 
1784352235.170 RX Main Menu
1784352235.170 PART Make your selection (X to exit): 
1784352237.305 TX A
1784352237.328 RX A
1784352237.335 RX 
1784352237.335 RX  M A J O R  M U D v1.11p-WG (Dec 30 2005 14:20:05)
1784352237.335 RX {Realm Of Legends}
1784352237.335 RX *ANSI RECOMMENDED*
1784352237.335 RX 
1784352237.335 RX [E] . Enter the Realm
1784352237.335 RX [H] . Help
1784352237.335 RX [A] . About the Game
1784352237.335 RX [C] . Game Counts
1784352237.335 RX [T] . Topten Adventurers
1784352237.335 RX [G] . Topten Gangs
1784352237.335 RX [W] . Who's in the Realm
1784352237.335 RX [R] . Release Notes
1784352237.335 RX [I] . Information
1784352237.335 RX [X] . Exit Game
1784352237.335 RX 
1784352237.335 PART [MAJORMUD]: 
1784352239.505 TX E
1784352239.834 RX E
1784352239.839 RX 
1784352239.839 RX MajorMUD - ROL
1784352239.839 RX 
1784352239.839 RX =-=-=-=-=-=-=-=-=-=-=-=-=-=-=-=-=-=-=-=-=-=-=-=-=-=-=-=-=-=-=-=-=-=-=-=-=-=-=
1784352239.839 RX 
1784352239.841 RX Temple, Halls of the Dead
1784352239.842 RX     This somber stone chamber is barely illuminated by the many torches lining
1784352239.842 RX its walls, and it seems to stretch on forever. Many marble slabs lay in neatly
1784352239.842 RX ordered rows about the room, some of them bearing sheet-shrouded forms upon
1784352239.842 RX them. White clad priests solemnly stride throughout the hall, making
1784352239.842 RX preparations for burial of the dead. The only sound is the faint shuffling of
1784352239.842 RX the priests, and the occasional closing of a door. A stone staircase set in the
1784352239.842 RX east wall leads up. 
1784352239.842 RX Obvious exits: up
1784352239.842 PART [HP=56/MA=66]:
1784352240.847 RX The smell of incense wafts faintly in the air.
1784352248.370 RX You hear movement above you!
1784352248.414 RX [HP=56/MA=66]:You hear movement above you!
1784352248.414 PART [HP=56/MA=66]:
1784352252.633 TX st
1784352252.635 RX st
1784352252.635 RX Name: Zinvar Duskmere                  Lives/CP:      4/190  
1784352252.635 RX Race: Human       Exp: 115000          Perception:     40
1784352252.635 RX Class: Mage       Level: 10            Stealth:         0
1784352252.635 RX Hits:    56/56    Armour Class:   0/0  Thievery:        0
1784352252.635 RX Mana:    66/66    Spellcasting: 61     Traps:           0
1784352252.635 RX                                        Picklocks:       0
1784352252.635 RX Strength:  40     Agility: 40          Tracking:        0
1784352252.635 RX Intellect: 40     Health:  40          Martial Arts:   15
1784352252.635 RX Willpower: 40     Charm:   40          MagicRes:       40
1784352252.635 RX You are Poisoned!
1784352252.635 PART [HP=56/MA=66]:
1784352269.231 RX You feel ill.
1784352269.231 PART [HP=52/MA=66]:
1784352311.493 RX You feel ill.
1784352311.493 PART [HP=48/MA=66]:
1784352341.836 TX u
1784352341.840 RX u
1784352343.020 RX Temple Healer
1784352343.020 RX     The hall's lofty roof is supported by graceful soaring archways, and the
1784352343.020 RX walls are crafted of white marble run through with silver streaks. There is a
1784352343.020 RX priest waiting here to heal the wounded. She smiles kindly at you as you enter.
1784352343.020 RX A small bowl of silver nobles stands on the table she sits behind, and you can
1784352343.020 RX see it is nearly full. A stone stairwell descends into the catacombs of the
1784352343.020 RX temple at the rear of this room, and you can exit into the main hall to the
1784352343.020 RX south. 
1784352343.020 RX You notice small sign here.
1784352343.020 RX Also here: wounded messenger, healer.
1784352343.020 RX Obvious exits: south, down
1784352343.020 PART [HP=48/MA=66]:
1784352344.337 TX buy cure poison
1784352344.347 RX buy cure poison
1784352344.351 RX The healer casts cure poison on you!
1784352344.361 PART [HP=48/MA=66]:[HP=48/MA=66]:[HP=48/MA=66]:
1784352350.751 PART [HP=49/MA=66]:[HP=49/MA=66]:
1784352357.541 TX st
1784352357.542 RX st
1784352357.543 RX Name: Zinvar Duskmere                  Lives/CP:      4/190  
1784352357.543 RX Race: Human       Exp: 115000          Perception:     40
1784352357.543 RX Class: Mage       Level: 10            Stealth:         0
1784352357.543 RX Hits:    49/56    Armour Class:   0/0  Thievery:        0
1784352357.543 RX Mana:    66/66    Spellcasting: 61     Traps:           0
1784352357.543 RX                                        Picklocks:       0
1784352357.543 RX Strength:  40     Agility: 40          Tracking:        0
1784352357.543 RX Intellect: 40     Health:  40          Martial Arts:   15
1784352357.543 RX Willpower: 40     Charm:   40          MagicRes:       40
1784352357.543 PART [HP=49/MA=66]:
1784352359.741 TX i
1784352359.741 RX i
1784352359.742 RX You are carrying 490 gold crowns
1784352359.742 RX You have no keys.
1784352359.742 RX Wealth: 49000 copper farthings
1784352359.742 RX Encumbrance: 163/1920 - None [8%]
1784352359.743 PART [HP=49/MA=66]:
1784352390.295 PART [HP=50/MA=66]:
1784352430.852 PART [HP=51/MA=66]:
1784352443.508 RX The angelic sound of a choir floats down through the air.
1784352473.772 PART [HP=52/MA=66]:
1784352519.536 PART [HP=53/MA=66]:
1784352534.179 TX buy greater healing
1784352534.203 RX buy greater healing
1784352534.203 RX The healer casts greater healing on you!
1784352534.209 PART [HP=56/MA=66]:[HP=56/MA=66]:[HP=56/MA=66]:
1784352540.200 PART [HP=56/MA=66]:
1784352548.323 RX Kaimon just entered the Realm.
1784352548.323 PART [HP=56/MA=66]:
1784352663.634 TX x
1784352665.102 RX x
1784352665.103 RX You will exit after a period of silent meditation.
1784352665.103 PART .
1784352666.164 PART ...
1784352667.766 PART ...
1784352668.842 PART ...
1784352672.205 PART ...
1784352673.313 RX ...Kaimon just left the Realm.
1784352673.313 PART [HP=56/MA=66]:
1784352675.666 RX 
1784352675.666 RX Your character has been saved. If you have any comments or suggestions, please
1784352675.666 RX leave them in E-mail to Sysop. Thanks.
1784352675.666 RX 
1784352675.666 PART [MAJORMUD]: 
1784352689.959 !! driver quit
